ID,Local_ID,Language_ID,Parameter_ID,Value,Form,Segments,Comment,Source,Loan,Graphemes,Profile,Word_ID,original_script,comment_on_word_form,Borrowed,Borrowed_score,comment_on_borrowed,borrowed_base,loan_history,Analyzability,gloss,Simplicity_score,reference,relative_frequency,numeric_frequency,Age,Age_score,integration,salience,effect,register,contact_situation,calqued,grammatical_info,colonial_word,etymological_note,lexical_stratum,word_source
Dutch-1-1-1,5372,Dutch,1-1,wereld,wereld,ʋ eː r ə l t,,12,false,^wereld$,Dutch,72181920638650235,,,5. no evidence for borrowing,0.0,,,,unanalyzable,,1.0,EWB 1997,,,0901-1000,1.0,,,,,,,noun,,,,
Dutch-1-21-1,5373,Dutch,1-21,land,land,l ɑ n t,,12,false,^land$,Dutch,72181920189967087,,,5. no evidence for borrowing,0.0,,,,unanalyzable,,1.0,EWB 1997,,,1200,1.0,,,,,,,noun,,,,
Dutch-1-212-1,5374,Dutch,1-212,bodem,bodem,b oː d ə m,,12,false,^bodem$,Dutch,72181920781775959,,,5. no evidence for borrowing,0.0,,,,unanalyzable,,1.0,EWB 1997,,,1260-1280,1.0,,,,,,,noun,,,,
Dutch-1-213-1,5375,Dutch,1-213,stof (1),stof,s t ɔ f,,12,false,^stof$,Dutch,72181920148349588,,,5. no evidence for borrowing,0.0,,,,unanalyzable,,1.0,EWB 1997,,,1240,1.0,,,,,,,noun,,,,
Dutch-1-214-1,5376,Dutch,1-214,modder,modder,m ɔ d ə r,,12,false,^modder$,Dutch,72181920932085874,,,5. no evidence for borrowing,0.0,,,,unanalyzable,,1.0,EWB 1997,,,1287,1.0,,,,,,,noun,,,,
Dutch-1-215-1,5377,Dutch,1-215,zand,zand,z ɑ n t,,12,false,^zand$,Dutch,72181920700791591,,,5. no evidence for borrowing,0.0,,,,unanalyzable,,1.0,EWB 1997,,,0893,1.0,,,,,,,noun,,,,
Dutch-1-22-1,5378,Dutch,1-22,berg,berg,b ɛ r x,,12,false,^berg$,Dutch,72181920121058476,,,5. no evidence for borrowing,0.0,,,,unanalyzable,,1.0,EWB 1997,,,0865,1.0,,,,,,,noun,,,,
Dutch-1-22-2,5379,Dutch,1-22,heuvel,heuvel,h øː v ə l,,12,false,^heuvel$,Dutch,72181920489408821,,,5. no evidence for borrowing,0.0,,,,unanalyzable,,1.0,EWB 1997,,,0901-1000,1.0,,,,,,,noun,,,,
Dutch-1-222-1,5380,Dutch,1-222,klif,klif,k l ɪ f,,12,false,^klif$,Dutch,72181920764082778,,,5. no evidence for borrowing,0.0,According to some Indo-Europeanists Germanic words beginning with kl- and kn- are loaned from a subrate language; the debate on the substrate issue in Germanic has just been started and opinions differ. I have ignored the question for now and I haven’t assigned any words the indiaction: loaned from a substrate language - we just do not know for the moment.,,,unanalyzable,,1.0,EWB 1997,,,1476-1500,1.0,,,,,,,noun,,,,
Dutch-1-23-1,5381,Dutch,1-23,vlakte,vlakte,v l ɑ k t ə,,12,false,^vlakte$,Dutch,72181920415437984,,,5. no evidence for borrowing,0.0,,,,analyzable derived,vlak-te [flat-NMLZ],0.5,WNT,,,1637,0.9,,,,,,,noun,,,,
Dutch-1-24-1,5382,Dutch,1-24,vallei,vallei,v ɑ l ɛi,,12,true,^vallei$,Dutch,7218192031505143,,,1. clearly borrowed,1.0,,,,unanalyzable,,1.0,"Van der Sijs, Leenwoordenboek 2005; EWB 1997",,,1330,1.0,1. Highly integrated,present in pre-contact environment,Coexistence,,French cultural influence [12],,noun,,,,
Dutch-1-24-2,5383,Dutch,1-24,dal,dal,d ɑ l,,12,false,^dal$,Dutch,72181920325500396,,,5. no evidence for borrowing,0.0,,,,unanalyzable,,1.0,EWB 1997,,,0856,1.0,,,,,,,noun,,,,
Dutch-1-25-1,5384,Dutch,1-25,eiland,eiland,ɛi l ɑ n t,,12,true,^eiland$,Dutch,72181920833072587,,,1. clearly borrowed,1.0,,,,semi-analyzable,ei-land [?-land],0.75,"Van der Sijs, Leenwoordenboek 2005; EWB 1997",,,1240,1.0,1. Highly integrated,present in pre-contact environment,,,Old Frisian influence [12],,noun,,,,
Dutch-1-26-1,5385,Dutch,1-26,vasteland,vasteland,v ɑ s t ə l ɑ n t,,12,false,^vasteland$,Dutch,72181920968877708,,,5. no evidence for borrowing,0.0,,,,analyzable compound,vaste-land [firm-land],0.5,WNT,,,1580,0.9,1. Highly integrated,present only since contact,Insertion,,High German influence [12],4. Clearly calqued,noun,,,,
Dutch-1-27-1,5386,Dutch,1-27,oever,oever,uː v ə r,,12,false,^oever$,Dutch,72181920442858156,,,5. no evidence for borrowing,0.0,,,,unanalyzable,,1.0,EWB 1997,,,1287,1.0,,,,,,,noun,,,,
Dutch-1-28-1,5387,Dutch,1-28,grot,grot,x r ɔ t,,12,true,^grot$,Dutch,72181920344789019,,,1. clearly borrowed,1.0,,,,unanalyzable,,1.0,"Van der Sijs, Leenwoordenboek 2005; EWB 1997",,,1600,0.9,1. Highly integrated,present only since contact,Insertion,,French cultural influence [12],,noun,,,,
Dutch-1-31-1,5388,Dutch,1-31,water,water,ʋ aː t ə r,,12,false,^water$,Dutch,72181920580604126,,,5. no evidence for borrowing,0.0,,,,unanalyzable,,1.0,EWB 1997,,,0901-1000,1.0,,,,,,,noun,,,,
Dutch-1-32-1,5389,Dutch,1-32,zee,zee,z eː,,12,false,^zee$,Dutch,72181920499158014,,,5. no evidence for borrowing,0.0,,,,unanalyzable,,1.0,EWB 1997,,,0793,1.0,,,,,,,noun,,,,
Dutch-1-322-1,5390,Dutch,1-322,kalm,kalm,k ɑ l m,,12,true,^kalm$,Dutch,72181920878218931,,,1. clearly borrowed,1.0,,,,unanalyzable,,1.0,"Van der Sijs, Leenwoordenboek 2005; EWB 1997",,,1568,0.9,1. Highly integrated,present in pre-contact environment,Coexistence,,French cultural influence [12],,adjective,,,,
Dutch-1-322-2,5391,Dutch,1-322,rustig,rustig,r ʏ s t ə x,,12,false,^rustig$,Dutch,7424613898751702,,,5. no evidence for borrowing,0.0,,,,analyzable derived,rust-ig [rest-ADJ],0.5,EWB 1997,,,1745,0.9,,,,,,,adjective,,,,
Dutch-1-323-1,5392,Dutch,1-323,ruw,ruw,r yː ʋ,,12,false,^ruw$,Dutch,72181920557155350,,,5. no evidence for borrowing,0.0,,,,unanalyzable,,1.0,EWB 1997,,,1199,1.0,,,,,,,adjective,,,,
Dutch-1-324-1,5393,Dutch,1-324,schuim,schuim,s x œy m,,12,false,^schuim$,Dutch,72181920572759556,,,5. no evidence for borrowing,0.0,,,,unanalyzable,,1.0,EWB 1997,,,1240,1.0,,,,,,,noun,,,,
Dutch-1-329-1,5394,Dutch,1-329,oceaan,oceaan,oː s eː j aː n,,12,true,^oceaan$,Dutch,72181920696029275,,,1. clearly borrowed,1.0,,,,unanalyzable,,1.0,"Van der Sijs, Leenwoordenboek 2005; EWB 1997",,,1595,0.9,1. Highly integrated,present only since contact,Insertion,,French cultural influence [12],,noun,,,,
Dutch-1-33-1,5395,Dutch,1-33,meer (1),meer,m eː r,,12,false,^meer$,Dutch,72181920482634506,,,5. no evidence for borrowing,0.0,,,,unanalyzable,,1.0,EWB 1997,,,0755-768,1.0,,,,,,,noun,,,,
Dutch-1-34-1,5396,Dutch,1-34,baai,baai,b aː j,,12,true,^baai$,Dutch,72181920537218984,,,1. clearly borrowed,1.0,,,,unanalyzable,,1.0,"Van der Sijs, Leenwoordenboek 2005; EWB 1997",,,1617,0.9,1. Highly integrated,present only since contact,Insertion,,French cultural influence [12],,noun,,,,
Dutch-1-341-1,5397,Dutch,1-341,lagune,lagune,l aː ɣ yː n ə,,12,true,^lagune$,Dutch,72181920674240965,,,1. clearly borrowed,1.0,,,,unanalyzable,,1.0,"Van der Sijs, Leenwoordenboek 2005; EWB 1997",,,1824,0.8,1. Highly integrated,present only since contact,Insertion,,French cultural influence [12],,noun,,,,
Dutch-1-342-1,5398,Dutch,1-342,rif,rif,r ɪ f,,12,true,^rif$,Dutch,72181920536664408,,,1. clearly borrowed,1.0,,,,unanalyzable,,1.0,"Van der Sijs, Leenwoordenboek 2005; EWB 1997",,,1595,0.9,1. Highly integrated,present only since contact,Insertion,,Old Norse maritime influence [12],,noun,,,,
Dutch-1-343-1,5399,Dutch,1-343,kaap,kaap,k aː p,,12,true,^kaap$,Dutch,72181920934729794,,,1. clearly borrowed,1.0,,,,unanalyzable,,1.0,"Van der Sijs, Leenwoordenboek 2005; EWB 1997",,,1567,0.9,1. Highly integrated,present only since contact,Insertion,,French cultural influence [12],,noun,,,,
Dutch-1-35-1,5400,Dutch,1-35,golf,golf,x ɔ l f,,12,false,^golf$,Dutch,72181920874351586,,,5. no evidence for borrowing,0.0,,,,unanalyzable,,1.0,EWB 1997,,,1475,1.0,,,,,,,noun,,,,
Dutch-1-352-1,5401,Dutch,1-352,getij(de),getij(de),x ə t ɛi,,12,false,^getij(de)$,Dutch,7218192083235582,,,5. no evidence for borrowing,0.0,,,,analyzable derived,ge-tij(de) [COLLECTIVE-time],0.5,EWB 1997,,,1236,1.0,,,,,,,noun,,,,
Dutch-1-353-1,5402,Dutch,1-353,eb,eb,ɛ p,,12,false,^eb$,Dutch,72181920275809293,,,5. no evidence for borrowing,0.0,,,,unanalyzable,,1.0,EWB 1997,,,1351-1375,1.0,,,,,,,noun,,,,
Dutch-1-354-1,5403,Dutch,1-354,vloed,vloed,v l uː t,,12,false,^vloed$,Dutch,72181920215572916,,,5. no evidence for borrowing,0.0,,,,unanalyzable,,1.0,EWB 1997,,,0901-1000,1.0,,,,,,,noun,,,,
Dutch-1-36-1,5404,Dutch,1-36,rivier,rivier,r iː v iː r,,12,true,^rivier$,Dutch,72181920846803699,,,1. clearly borrowed,1.0,,,,unanalyzable,,1.0,"Van der Sijs, Leenwoordenboek 2005; EWB 1997",,,1240,1.0,1. Highly integrated,present in pre-contact environment,Coexistence,,French cultural influence [12],,noun,,,,
Dutch-1-36-2,5405,Dutch,1-36,stroom,stroom,s t r oː m,,12,false,^stroom$,Dutch,72181920599718144,,,5. no evidence for borrowing,0.0,,,,unanalyzable,,1.0,EWB 1997,,,1240,1.0,,,,,,,noun,,,,
Dutch-1-362-1,5406,Dutch,1-362,draaikolk,draaikolk,d r aː j k ɔ l k,,12,false,^draaikolk$,Dutch,72181920339742711,,,5. no evidence for borrowing,0.0,,,,analyzable compound,draai-kolk [whirl-pool],0.5,WNT,,,1678,0.9,,,,,,,noun,,,,
Dutch-1-37-1,5407,Dutch,1-37,bron,bron,b r ɔ n,,12,true,^bron$,Dutch,72181920173779121,,,1. clearly borrowed,1.0,,,,unanalyzable,,1.0,"Van der Sijs, Leenwoordenboek 2005; EWB 1997",,,1605,0.9,1. Highly integrated,present in pre-contact environment,Replacement,,High German influence [12],,noun,,,,
Dutch-1-38-1,5408,Dutch,1-38,moeras,moeras,m uː r ɑ s,,12,true,^moeras$,Dutch,7218192062948326,,,1. clearly borrowed,1.0,,,,unanalyzable,,1.0,"Van der Sijs, Leenwoordenboek 2005; EWB 1997",,,1599,0.9,1. Highly integrated,present in pre-contact environment,Replacement,,Picardic oral influence [12],,noun,,,,
Dutch-1-39-1,5409,Dutch,1-39,waterval,waterval,ʋ aː t ə r v ɑ l,,12,false,^waterval$,Dutch,72181920433820910,,,5. no evidence for borrowing,0.0,,,,analyzable compound,water-val [water-fall],0.5,WNT,,,1509,0.9,,,,,,,noun,,,,
Dutch-1-41-1,5410,Dutch,1-41,bos,bos,b ɔ s,,12,false,^bos$,Dutch,72181920178827236,,,5. no evidence for borrowing,0.0,,,,unanalyzable,,1.0,EWB 1997,,,1089,1.0,,,,,,,noun,,,,
Dutch-1-41-2,5411,Dutch,1-41,woud,woud,ʋ ɑu t,,12,false,^woud$,Dutch,72181920536147434,,,5. no evidence for borrowing,0.0,,,,unanalyzable,,1.0,EWB 1997,,,0793,1.0,,,,,,,noun,,,,
Dutch-1-43-1,5413,Dutch,1-43,hout,hout,h ɑu t,,12,false,^hout$,Dutch,72181920609525086,,,5. no evidence for borrowing,0.0,,,,unanalyzable,,1.0,EWB 1997,,,0741,1.0,,,,,,,noun,,,,
Dutch-1-44-1,5414,Dutch,1-44,rots,rots,r ɔ t s,,12,true,^rots$,Dutch,72181920710002386,,,1. clearly borrowed,1.0,,,,unanalyzable,,1.0,"Van der Sijs, Leenwoordenboek 2005; EWB 1997",,,1285,1.0,1. Highly integrated,present in pre-contact environment,Coexistence,,Picardic oral influence [12],,noun,,,,
Dutch-1-44-2,5415,Dutch,1-44,steen,steen,s t eː n,,12,false,^steen$,Dutch,72181920154916585,,,5. no evidence for borrowing,0.0,,,,unanalyzable,,1.0,EWB 1997,,,0918-948,1.0,,,,,,,noun,,,,
Dutch-1-45-1,5416,Dutch,1-45,aardbeving,aardbeving,aː r d b eː v ɪ ŋ,,12,false,^aardbeving$,Dutch,72181920588426696,,,5. no evidence for borrowing,0.0,,,,analyzable derived,aard-bev-ing [earth-quake-NMLZ],0.5,WNT,,,1478,1.0,,,,,,,noun,,,,
Dutch-1-51-1,5417,Dutch,1-51,hemel,hemel,h eː m ə l,,12,false,^hemel$,Dutch,72181920984583705,,,5. no evidence for borrowing,0.0,,,,unanalyzable,,1.0,EWB 1997,,,0901-1000,1.0,,,,,,,noun,,,,
Dutch-1-52-1,5418,Dutch,1-52,zon,zon,z ɔ n,,12,false,^zon$,Dutch,72181920747035554,,,5. no evidence for borrowing,0.0,,,,unanalyzable,,1.0,EWB 1997,,,0901-1000,1.0,,,,,,,noun,,,,
Dutch-1-53-1,5419,Dutch,1-53,maan,maan,m aː n,,12,false,^maan$,Dutch,72181920745405995,,,5. no evidence for borrowing,0.0,,,,unanalyzable,,1.0,EWB 1997,,,0901-1000,1.0,,,,,,,noun,,,,
Dutch-1-54-1,5420,Dutch,1-54,ster,ster,s t ɛ r,,12,false,^ster$,Dutch,72181920126630645,,,5. no evidence for borrowing,0.0,,,,unanalyzable,,1.0,EWB 1997,,,1240,1.0,,,,,,,noun,,,,
Dutch-1-55-1,5421,Dutch,1-55,bliksem,bliksem,b l ɪ k s ə m,,12,false,^bliksem$,Dutch,72181920174609052,,,5. no evidence for borrowing,0.0,,,,unanalyzable,,1.0,EWB 1997,,,0901-1000,1.0,,,,,,,noun,,,,
Dutch-1-56-1,5422,Dutch,1-56,donder,donder,d ɔ n d ə r,,12,false,^donder$,Dutch,72181920153065588,,,5. no evidence for borrowing,0.0,,,,unanalyzable,,1.0,EWB 1997,,,1240,1.0,,,,,,,noun,,,,
Dutch-1-57-1,5423,Dutch,1-57,bliksemschicht,bliksemschicht,b l ɪ k s ə m s x ɪ x t,,12,false,^bliksemschicht$,Dutch,72181920830886547,,,5. no evidence for borrowing,0.0,,,,analyzable compound,bliksem-schicht [lightning-flash],0.5,WNT,,,1773,0.9,,,,,,,noun,,,,
Dutch-1-58-1,5424,Dutch,1-58,storm,storm,s t ɔ r m,,12,false,^storm$,Dutch,72181920490045585,,,5. no evidence for borrowing,0.0,,,,unanalyzable,,1.0,EWB 1997,,,1240,1.0,,,,,,,noun,,,,
Dutch-1-59-1,5425,Dutch,1-59,regenboog,regenboog,r eː ɣ ə m b oː x,,12,false,^regenboog$,Dutch,72181920909328623,,,5. no evidence for borrowing,0.0,,,,analyzable compound,regen-boog [rain-bow],0.5,EWB 1997,,,1285,1.0,,,,,,,noun,,,,
Dutch-1-61-1,5426,Dutch,1-61,licht (1),licht,l ɪ x t,,12,false,^licht$,Dutch,72181920641074887,,,5. no evidence for borrowing,0.0,,,,unanalyzable,,1.0,EWB 1997,,,0901-1000,1.0,,,,,,,noun,,,,
Dutch-1-62-1,5427,Dutch,1-62,duisternis,duisternis,d œy s t ə r n ɪ s,,12,false,^duisternis$,Dutch,72181920139814721,,,5. no evidence for borrowing,0.0,,,,analyzable derived,duister-nis [dark-NMLZ],0.5,EWB 1997,,,0901-1000,1.0,,,,,,,noun,,,,
Dutch-1-63-1,5428,Dutch,1-63,schaduw,schaduw,s x aː d yː ʋ,,12,false,^schaduw$,Dutch,72181920694747578,,,5. no evidence for borrowing,0.0,,,,unanalyzable,,1.0,EWB 1997,,,1300,1.0,,,,,,,noun,,,,
Dutch-1-64-1,5429,Dutch,1-64,dauw,dauw,d ɑu ʋ,,12,false,^dauw$,Dutch,72181920579267070,,,5. no evidence for borrowing,0.0,,,,unanalyzable,,1.0,EWB 1997,,,1100,1.0,,,,,,,noun,,,,
Dutch-1-71-1,5430,Dutch,1-71,lucht,lucht,l ʏ x t,,12,false,^lucht$,Dutch,72181920245082402,,,5. no evidence for borrowing,0.0,,,,unanalyzable,,1.0,EWB 1997,,,1240,1.0,,,,,,,noun,,,,
Dutch-1-72-1,5431,Dutch,1-72,wind,wind,ʋ ɪ n t,,12,false,^wind$,Dutch,72181920614889140,,,5. no evidence for borrowing,0.0,,,,unanalyzable,,1.0,EWB 1997,,,1001-1050,1.0,,,,,,,noun,,,,
Dutch-1-73-1,5432,Dutch,1-73,wolk,wolk,ʋ ɔ l k,,12,false,^wolk$,Dutch,72181920316403980,,,5. no evidence for borrowing,0.0,,,,unanalyzable,,1.0,EWB 1997,,,0901-1000,1.0,,,,,,,noun,,,,
Dutch-1-74-1,5433,Dutch,1-74,mist,mist,m ɪ s t,,12,false,^mist$,Dutch,72181920997985199,,,5. no evidence for borrowing,0.0,,,,unanalyzable,,1.0,EWB 1997,,,1287,1.0,,,,,,,noun,,,,
Dutch-1-75-1,5434,Dutch,1-75,regen,regen,r eː ɣ ə,,12,false,^regen$,Dutch,72181920767473317,,,5. no evidence for borrowing,0.0,,,,unanalyzable,,1.0,EWB 1997,,,0901-1000,1.0,,,,,,,noun,,,,
Dutch-1-76-1,5435,Dutch,1-76,sneeuw,sneeuw,s n eː ʋ,,12,false,^sneeuw$,Dutch,72181920482416722,,,5. no evidence for borrowing,0.0,,,,unanalyzable,,1.0,EWB 1997,,,0901-1000,1.0,,,,,,,noun,,,,
Dutch-1-77-1,5436,Dutch,1-77,ijs,ijs,ɛi s,,12,false,^ijs$,Dutch,72181920852663051,,,5. no evidence for borrowing,0.0,,,,unanalyzable,,1.0,EWB 1997,,,1240,1.0,,,,,,,noun,,,,
Dutch-1-78-1,5439,Dutch,1-78,weer (1),weer,ʋ eː r,,12,false,^weer$,Dutch,72181920622954728,,,5. no evidence for borrowing,0.0,,,,unanalyzable,,1.0,EWB 1997,,,1240,1.0,,,,,,,noun,,,,
Dutch-1-81-1,5440,Dutch,1-81,vuur,vuur,v yː r,,12,false,^vuur$,Dutch,7218192010605509,,,5. no evidence for borrowing,0.0,,,,unanalyzable,,1.0,EWB 1997,,,0901-1000,1.0,,,,,,,noun,,,,
Dutch-1-82-1,5441,Dutch,1-82,vlam,vlam,v l ɑ m,,12,true,^vlam$,Dutch,72181920416136705,,,1. clearly borrowed,1.0,,,,unanalyzable,,1.0,"Van der Sijs, Leenwoordenboek 2005; EWB 1997",,,1265-1270,1.0,1. Highly integrated,present in pre-contact environment,Replacement,,French cultural influence [12],,noun,,,,
Dutch-1-83-1,5442,Dutch,1-83,rook,rook,r oː k,,12,false,^rook$,Dutch,72181920692507651,,,5. no evidence for borrowing,0.0,,,,unanalyzable,,1.0,EWB 1997,,,0901-1000,1.0,,,,,,,noun,,,,
Dutch-1-84-1,5443,Dutch,1-84,as (1),as,ɑ s,,12,false,^as$,Dutch,72181920628638752,,,5. no evidence for borrowing,0.0,,,,unanalyzable,,1.0,EWB 1997,,,0901-1000,1.0,,,,,,,noun,,,,
Dutch-1-841-1,5444,Dutch,1-841,sintel,sintel,s ɪ n t ə l,,12,true,^sintel$,Dutch,72181920946425423,,,1. clearly borrowed,1.0,,,,unanalyzable,,1.0,"Van der Sijs, Leenwoordenboek 2005; EWB 1997",,,1436-1523,1.0,1. Highly integrated,present in pre-contact environment,Replacement,,High German influence [12],,noun,,,,
Dutch-1-851-1,5445,Dutch,1-851,verbranden,verbranden,v ə r b r ɑ n d ə,,12,false,^verbranden$,Dutch,72181920651062114,,,5. no evidence for borrowing,0.0,,,,analyzable derived,ver-brand-en [TR-fire-INF],0.5,WNT,,,1380,1.0,,,,,,,verb,,,,
Dutch-1-852-1,5446,Dutch,1-852,branden,branden,b r ɑ n d ə,,12,false,^branden$,Dutch,72181920112926285,,,5. no evidence for borrowing,0.0,,,,analyzable derived,brand-en [fire-INF],0.5,EWB 1997,,,1445,1.0,,,,,,,verb,,,,
Dutch-1-86-1,5447,Dutch,1-86,aansteken,aansteken,aː n s t eː k ə,,12,false,^aansteken$,Dutch,72181920514345578,,,5. no evidence for borrowing,0.0,,,,analyzable compound,aan-stek-en [on-stick-INF],0.5,WNT,,,1322,1.0,,,,,,,verb,,,,
Dutch-1-861-1,5448,Dutch,1-861,doven,doven,d oː v ə,,12,false,^doven$,Dutch,72181920943515129,,,5. no evidence for borrowing,0.0,,,,analyzable derived,dov-en [deaf-INF],0.5,EWB 1997,,,1611,0.9,,,,,,,verb,,,,
Dutch-1-87-1,5449,Dutch,1-87,lucifer,lucifer,l yː s iː f ɛ r,,12,true,^lucifer$,Dutch,72181920198588503,,,1. clearly borrowed,1.0,,,,unanalyzable,,1.0,"Van der Sijs, Leenwoordenboek 2005; EWB 1997",,,1847,0.8,1. Highly integrated,present only since contact,Insertion,,English/American world-wide influence [12],,noun,,,,
Dutch-1-88-1,5450,Dutch,1-88,brandhout,brandhout,b r ɑ n t h ɑu t,,12,false,^brandhout$,Dutch,72181920719534254,,,5. no evidence for borrowing,0.0,,,,analyzable compound,brand-hout [fire-wood],0.5,WNT,,,1605,0.9,,,,,,,noun,,,,
Dutch-1-89-1,5451,Dutch,1-89,houtskool,houtskool,h ɑu t s k oː l,,12,false,^houtskool$,Dutch,72181920955189969,,,5. no evidence for borrowing,0.0,second element loaned from Latin caulis,yes,,analyzable compound,hout-s-kool [wood-CONN-coal],0.5,WNT,,,1616,0.9,,,,,,,noun,,,,
Dutch-2-1-1,5452,Dutch,2-1,persoon,persoon,p ə r s oː n,,12,true,^persoon$,Dutch,72181920556546530,,,1. clearly borrowed,1.0,,,,unanalyzable,,1.0,"Van der Sijs, Leenwoordenboek 2005; EWB 1997",,,1265-1270,1.0,1. Highly integrated,present in pre-contact environment,Coexistence,,Medical and scientific Latin influence [12],,noun,,,,
Dutch-2-1-2,5453,Dutch,2-1,mens,mens,m ɛ n s,,12,false,^mens$,Dutch,72181920456327930,,,5. no evidence for borrowing,0.0,,,,unanalyzable,,1.0,EWB 1997,,,1236,1.0,,,,,,,noun,,,,
Dutch-2-21-1,5454,Dutch,2-21,man (1),man,m ɑ n,,12,false,^man$,Dutch,72181920170920788,,,5. no evidence for borrowing,0.0,,,,unanalyzable,,1.0,EWB 1997,,,0901-1000,1.0,,,,,,,noun,,,,
Dutch-2-22-1,5455,Dutch,2-22,vrouw (1),vrouw,v r ɑu ʋ,,12,false,^vrouw$,Dutch,721819206095825,,,5. no evidence for borrowing,0.0,,,,unanalyzable,,1.0,EWB 1997,,,1240,1.0,,,,,,,noun,,,,
Dutch-2-23-1,5456,Dutch,2-23,mannelijk,mannelijk,m ɑ n ə l ə k,,12,false,^mannelijk$,Dutch,72181920354266587,,,5. no evidence for borrowing,0.0,,,,analyzable derived,mann-elijk [man-ADJ],0.5,WNT,,,1285,1.0,,,,,,,adjective,,,,
Dutch-2-24-1,5457,Dutch,2-24,vrouwelijk,vrouwelijk,v r ɑu ʋ ə l ə k,,12,false,^vrouwelijk$,Dutch,7218192059458554,,,5. no evidence for borrowing,0.0,,,,analyzable derived,vrouw-elijk [woman-ADJ],0.5,WNT,,,1276-1300,1.0,,,,,,,adjective,,,,
Dutch-2-25-1,5458,Dutch,2-25,jongen,jongen,j ɔ ŋ ə,,12,false,^jongen$,Dutch,72181920840106819,,,5. no evidence for borrowing,0.0,,,,analyzable derived,jong-en [young-M],0.5,EWB 1997,,,1479,1.0,,,,,,,noun,,,,
Dutch-2-251-1,5459,Dutch,2-251,jongeman,jongeman,j ɔ ŋ ə m ɑ n,,12,false,^jongeman$,Dutch,72181920288481088,,,5. no evidence for borrowing,0.0,,,,analyzable compound,jong-e-man [young-CONN-man],0.5,WNT,,,1401-1425,1.0,,,,,,,noun,,,,
Dutch-2-26-1,5460,Dutch,2-26,meisje,meisje,m ɛi s j ə,,12,false,^meisje$,Dutch,72181920150520581,,,5. no evidence for borrowing,0.0,,,,semi-analyzable,meis-je [?-DIM],0.75,EWB 1997,,,1629,0.9,,,,,,,noun,,,,
Dutch-2-261-1,5461,Dutch,2-261,meisje,meisje,m ɛi s j ə,,12,false,^meisje$,Dutch,72181920150520581,,,5. no evidence for borrowing,0.0,,,,semi-analyzable,meis-je [?-DIM],0.75,EWB 1997,,,1629,0.9,,,,,,,noun,,,,
Dutch-2-27-1,5462,Dutch,2-27,kind,kind,k ɪ n t,,12,false,^kind$,Dutch,72181920450938140,,,5. no evidence for borrowing,0.0,,,,unanalyzable,,1.0,EWB 1997,,,0901-1000,1.0,,,,,,,noun,,,,
Dutch-2-28-1,5463,Dutch,2-28,baby,baby,b eː b iː,,12,true,^baby$,Dutch,72181920405586751,,,1. clearly borrowed,1.0,,,,unanalyzable,,1.0,"Van der Sijs, Leenwoordenboek 2005; EWB 1997",,,1875,0.8,1. Highly integrated,present in pre-contact environment,Replacement,,English/American world-wide influence [12],,noun,,,,
Dutch-2-31-1,5464,Dutch,2-31,echtgenoot,echtgenoot,ɛ x t x ə n oː t,,12,false,^echtgenoot$,Dutch,7218192098337764,,,5. no evidence for borrowing,0.0,,,,analyzable compound,echt-genoot [matrimony-companion],0.5,WNT,,,1631,0.9,,,,,,,noun,,,,
Dutch-2-31-2,5465,Dutch,2-31,man (2),man,m ɑ n,,12,false,^man$,Dutch,721819204399185,,,5. no evidence for borrowing,0.0,,,,unanalyzable,,1.0,EWB 1997,,,1512,0.9,,,,,,,noun,,,,
Dutch-2-32-1,5466,Dutch,2-32,echtgenote,echtgenote,ɛ x t x ə n oː t ə,,12,false,^echtgenote$,Dutch,72181920799534070,,,5. no evidence for borrowing,0.0,,,,analyzable derived,echt-genot-e [matrimony-companion-F],0.5,WNT,,,1631,0.9,,,,,,,noun,,,,
Dutch-2-32-2,5467,Dutch,2-32,vrouw (2),vrouw,v r ɑu ʋ,,12,false,^vrouw$,Dutch,72181920857274974,,,5. no evidence for borrowing,0.0,,,,unanalyzable,,1.0,EWB 1997,,,1512,0.9,,,,,,,noun,,,,
Dutch-2-33-1,5468,Dutch,2-33,trouwen,trouwen,t r ɑu ʋ ə,,12,false,^trouwen$,Dutch,72181920420431885,,,5. no evidence for borrowing,0.0,,,,analyzable derived,trouw-en [loyal-INF],0.5,EWB 1997,,,1285,1.0,,,,,,,verb,,,,
Dutch-2-34-1,5469,Dutch,2-34,bruiloft,bruiloft,b r œy l ɔ f t,,12,false,^bruiloft$,Dutch,72181920768214440,,,5. no evidence for borrowing,0.0,,,,unanalyzable,,1.0,EWB 1997,,,1240,1.0,,,,,,,noun,,,,
Dutch-2-341-1,5470,Dutch,2-341,scheiding,scheiding,s x ɛi d ɪ ŋ,,12,false,^scheiding$,Dutch,72181920355337702,,,5. no evidence for borrowing,0.0,,,,analyzable derived,scheid-ing [seperate-NMLZ],0.5,WNT,,,1360,1.0,,,,,,,noun,,,,
Dutch-2-35-1,5471,Dutch,2-35,vader,vader,v aː d ə r,,12,false,^vader$,Dutch,7218192097645946,,,5. no evidence for borrowing,0.0,,,,unanalyzable,,1.0,EWB 1997,,,0776-800,1.0,,,,,,,noun,,,,
Dutch-2-36-1,5472,Dutch,2-36,moeder,moeder,m uː d ə r,,12,false,^moeder$,Dutch,72181920123412443,,,5. no evidence for borrowing,0.0,,,,unanalyzable,,1.0,EWB 1997,,,0901-1000,1.0,,,,,,,noun,,,,
Dutch-2-37-1,5473,Dutch,2-37,ouders,ouders,ɑu d ə r s,,12,false,^ouders$,Dutch,72181920919864108,,,5. no evidence for borrowing,0.0,,,,analyzable derived,oud-er-s [old-COMPARATIVE-PL],0.5,EWB 1997,,,1287,1.0,,,,,,,noun,,,,
Dutch-2-38-1,5474,Dutch,2-38,getrouwde man,getrouwde_man,x ə t r ɑu ʋ d ə + m ɑ n,,12,false,^getrouwde_man$,Dutch,72181920888838701,,,5. no evidence for borrowing,0.0,,,,analyzable phrasal,[married man],0.5,WNT,,,1201-1300,1.0,,,,,,,noun,,,,
Dutch-2-39-1,5475,Dutch,2-39,getrouwde vrouw,getrouwde_vrouw,x ə t r ɑu ʋ d ə + v r ɑu ʋ,,12,false,^getrouwde_vrouw$,Dutch,72181920193332778,,,5. no evidence for borrowing,0.0,,,,analyzable phrasal,[married woman],0.5,WNT,,,1201-1300,1.0,,,,,,,noun,,,,
Dutch-2-41-1,5476,Dutch,2-41,zoon,zoon,z oː n,,12,false,^zoon$,Dutch,72181920700084697,,,5. no evidence for borrowing,0.0,,,,unanalyzable,,1.0,EWB 1997,,,0776-800,1.0,,,,,,,noun,,,,
Dutch-2-42-1,5477,Dutch,2-42,dochter,dochter,d ɔ x t ə r,,12,false,^dochter$,Dutch,72181920172532379,,,5. no evidence for borrowing,0.0,,,,unanalyzable,,1.0,EWB 1997,,,0901-1000,1.0,,,,,,,noun,,,,
Dutch-3-662-1,5614,Dutch,3-662,dolfijn,dolfijn,d ɔ l f ɛi n,,12,true,^dolfijn$,Dutch,72181920383884198,,,1. clearly borrowed,1.0,,,,unanalyzable,,1.0,"Van der Sijs, Leenwoordenboek 2005; EWB 1997",,,1287,1.0,1. Highly integrated,present only since contact,Insertion,,French cultural influence [12],,noun,,,,
Dutch-2-43-1,5478,Dutch,2-43,kind,kind,k ɪ n t,,12,false,^kind$,Dutch,72181920450938140,,,5. no evidence for borrowing,0.0,,,,unanalyzable,,1.0,EWB 1997,,,0901-1000,1.0,,,,,,,noun,,,,
Dutch-2-44-1,5479,Dutch,2-44,broer,broer,b r uː r,,12,false,^broer$,Dutch,72181920909242341,,,5. no evidence for borrowing,0.0,,,,unanalyzable,,1.0,EWB 1997,,,0901-1000,1.0,,,,,,,noun,,,,
Dutch-2-444-1,5480,Dutch,2-444,broer,broer,b r uː r,,12,false,^broer$,Dutch,72181920909242341,,,5. no evidence for borrowing,0.0,,,,unanalyzable,,1.0,EWB 1997,,,0901-1000,1.0,,,,,,,noun,,,,
Dutch-2-445-1,5481,Dutch,2-445,broer,broer,b r uː r,,12,false,^broer$,Dutch,72181920909242341,,,5. no evidence for borrowing,0.0,,,,unanalyzable,,1.0,EWB 1997,,,0901-1000,1.0,,,,,,,noun,,,,
Dutch-2-45-1,5482,Dutch,2-45,zus(ter),zus(ter),z ʏ s,,12,false,^zus(ter)$,Dutch,7218192056748678,,,5. no evidence for borrowing,0.0,,,,unanalyzable,,1.0,EWB 1997,,,1100,1.0,,,,,,,noun,,,,
Dutch-2-454-1,5483,Dutch,2-454,zus(ter),zus(ter),z ʏ s,,12,false,^zus(ter)$,Dutch,7218192056748678,,,5. no evidence for borrowing,0.0,,,,unanalyzable,,1.0,EWB 1997,,,1100,1.0,,,,,,,noun,,,,
Dutch-2-455-1,5484,Dutch,2-455,zus(ter),zus(ter),z ʏ s,,12,false,^zus(ter)$,Dutch,7218192056748678,,,5. no evidence for borrowing,0.0,,,,unanalyzable,,1.0,EWB 1997,,,1100,1.0,,,,,,,noun,,,,
Dutch-2-456-1,5485,Dutch,2-456,broer,broer,b r uː r,,12,false,^broer$,Dutch,72181920909242341,,,5. no evidence for borrowing,0.0,,,,unanalyzable,,1.0,EWB 1997,,,0901-1000,1.0,,,,,,,noun,,,,
Dutch-2-456-2,5486,Dutch,2-456,zus(ter),zus(ter),z ʏ s,,12,false,^zus(ter)$,Dutch,7218192056748678,,,5. no evidence for borrowing,0.0,,,,unanalyzable,,1.0,EWB 1997,,,1100,1.0,,,,,,,noun,,,,
Dutch-2-458-1,5491,Dutch,2-458,tweeling,tweeling,t ʋ eː l ɪ ŋ,,12,false,^tweeling$,Dutch,72181920535279827,,,5. no evidence for borrowing,0.0,,,,analyzable derived,twee-ling [two-M],0.5,EWB 1997,,,1240,1.0,,,,,,,noun,,,,
Dutch-2-46-1,5492,Dutch,2-46,grootvader,grootvader,x r oː t f aː d ə r,,12,false,^grootvader$,Dutch,72181920566945705,,,5. no evidence for borrowing,0.0,,,,analyzable compound,groot-vader [great-father],0.5,EWB 1997,,,1545,0.9,1. Highly integrated,present in pre-contact environment,Replacement,,French cultural influence [12],4. Clearly calqued,noun,,,,
Dutch-2-461-1,5493,Dutch,2-461,man (1),man,m ɑ n,,12,false,^man$,Dutch,72181920170920788,,,5. no evidence for borrowing,0.0,,,,unanalyzable,,1.0,EWB 1997,,,0901-1000,1.0,,,,,,,noun,,,,
Dutch-2-47-1,5494,Dutch,2-47,grootmoeder,grootmoeder,x r oː t m uː d ə r,,12,false,^grootmoeder$,Dutch,72181920578788064,,,5. no evidence for borrowing,0.0,,,,analyzable compound,groot-moeder [great mother],0.5,EWB 1997,,,1482,1.0,1. Highly integrated,present in pre-contact environment,Replacement,,French cultural influence [12],4. Clearly calqued,noun,,,,
Dutch-2-471-1,5495,Dutch,2-471,vrouw (1),vrouw,v r ɑu ʋ,,12,false,^vrouw$,Dutch,721819206095825,,,5. no evidence for borrowing,0.0,,,,unanalyzable,,1.0,EWB 1997,,,1240,1.0,,,,,,,noun,,,,
Dutch-2-48-1,5497,Dutch,2-48,kleinzoon,kleinzoon,k l ɛi n z oː n,,12,false,^kleinzoon$,Dutch,72181920298117539,,,5. no evidence for borrowing,0.0,,,,analyzable compound,klein-zoon [small-son],0.5,EWB 1997,,,1661,0.9,1. Highly integrated,present in pre-contact environment,Replacement,,French cultural influence [12],4. Clearly calqued,noun,,,,
Dutch-2-49-1,5498,Dutch,2-49,kleindochter,kleindochter,k l ɛi n d ɔ x t ə r,,12,false,^kleindochter$,Dutch,72181920893008874,,,5. no evidence for borrowing,0.0,,,,analyzable compound,klein-dochter [small-daughter],0.5,EWB 1997,,,1760,0.9,1. Highly integrated,present in pre-contact environment,Replacement,,French cultural influence [12],4. Clearly calqued,noun,,,,
Dutch-2-51-1,5500,Dutch,2-51,oom,oom,oː m,,12,false,^oom$,Dutch,72181920110416170,,,5. no evidence for borrowing,0.0,,,,unanalyzable,,1.0,EWB 1997,,,1240,1.0,,,,,,,noun,,,,
Dutch-2-511-1,5501,Dutch,2-511,oom,oom,oː m,,12,false,^oom$,Dutch,72181920110416170,,,5. no evidence for borrowing,0.0,,,,unanalyzable,,1.0,EWB 1997,,,1240,1.0,,,,,,,noun,,,,
Dutch-2-512-1,5502,Dutch,2-512,oom,oom,oː m,,12,false,^oom$,Dutch,72181920110416170,,,5. no evidence for borrowing,0.0,,,,unanalyzable,,1.0,EWB 1997,,,1240,1.0,,,,,,,noun,,,,
Dutch-2-52-1,5503,Dutch,2-52,tante,tante,t ɑ n t ə,,12,true,^tante$,Dutch,72181920599066761,,,1. clearly borrowed,1.0,,,,unanalyzable,,1.0,"Van der Sijs, Leenwoordenboek 2005; EWB 1997",,,1782,0.9,1. Highly integrated,present in pre-contact environment,Replacement,,French cultural influence [12],,noun,,,,
Dutch-2-521-1,5504,Dutch,2-521,tante,tante,t ɑ n t ə,,12,true,^tante$,Dutch,72181920599066761,,,1. clearly borrowed,1.0,,,,unanalyzable,,1.0,"Van der Sijs, Leenwoordenboek 2005; EWB 1997",,,1782,0.9,1. Highly integrated,present in pre-contact environment,Replacement,,French cultural influence [12],,noun,,,,
Dutch-2-522-1,5505,Dutch,2-522,tante,tante,t ɑ n t ə,,12,true,^tante$,Dutch,72181920599066761,,,1. clearly borrowed,1.0,,,,unanalyzable,,1.0,"Van der Sijs, Leenwoordenboek 2005; EWB 1997",,,1782,0.9,1. Highly integrated,present in pre-contact environment,Replacement,,French cultural influence [12],,noun,,,,
Dutch-2-53-1,5506,Dutch,2-53,neef,neef,n eː f,,12,false,^neef$,Dutch,72181920111144429,,,5. no evidence for borrowing,0.0,,,,unanalyzable,,1.0,EWB 1997,,,1240,1.0,,,,,,,noun,,,,
Dutch-2-54-1,5507,Dutch,2-54,nicht,nicht,n ɪ x t,,12,false,^nicht$,Dutch,72181920369644066,,,5. no evidence for borrowing,0.0,,,,unanalyzable,,1.0,EWB 1997,,,1220-1240,1.0,,,,,,,noun,,,,
Dutch-2-55-1,5510,Dutch,2-55,neef,neef,n eː f,,12,false,^neef$,Dutch,72181920111144429,,,5. no evidence for borrowing,0.0,,,,unanalyzable,,1.0,EWB 1997,,,1240,1.0,,,,,,,noun,,,,
Dutch-2-55-2,5511,Dutch,2-55,nicht,nicht,n ɪ x t,,12,false,^nicht$,Dutch,72181920369644066,,,5. no evidence for borrowing,0.0,,,,unanalyzable,,1.0,EWB 1997,,,1220-1240,1.0,,,,,,,noun,,,,
Dutch-2-56-1,5512,Dutch,2-56,voorouders,voorouders,v oː r ɑu d ə r s,,12,false,^voorouders$,Dutch,72181920470675907,,,5. no evidence for borrowing,0.0,,,,analyzable compound,voor-ouder-s [before-old-COMPARATIVE-PL],0.5,WNT,,,1562,0.9,,,,,,,noun,,,,
Dutch-2-57-1,5513,Dutch,2-57,nazaten,nazaten,n aː z aː t ə,,12,false,^nazaten$,Dutch,72181920522052598,,,5. no evidence for borrowing,0.0,,,,semi-analyzable,na-zaten [na-?],0.75,EWB 1997,,,1425-1430,1.0,,,,,,,noun,,,,
Dutch-2-57-2,5514,Dutch,2-57,nakomelingen,nakomelingen,n aː k oː m ə l ɪ ŋ ə,,12,false,^nakomelingen$,Dutch,72181920688693504,,,5. no evidence for borrowing,0.0,,,,analyzable derived,na-kome-ling-en [after-come-M-PL],0.5,WNT,,,1291,1.0,,,,,,,noun,,,,
Dutch-2-61-1,5515,Dutch,2-61,schoonvader,schoonvader,s x oː n v aː d ə r,,12,false,^schoonvader$,Dutch,72181920535218379,,,5. no evidence for borrowing,0.0,,,,analyzable compound,schoon-vader [beautiful-father],0.5,"Van der Sijs, Leenwoordenboek 2005",,,1477,1.0,1. Highly integrated,present in pre-contact environment,Replacement,,French cultural influence [12],4. Clearly calqued,noun,,,,
Dutch-2-611-1,5516,Dutch,2-611,schoonvader,schoonvader,s x oː n v aː d ə r,,12,false,^schoonvader$,Dutch,72181920535218379,,,5. no evidence for borrowing,0.0,,,,analyzable compound,schoon-vader [beautiful-father],0.5,"Van der Sijs, Leenwoordenboek 2005",,,1477,1.0,1. Highly integrated,present in pre-contact environment,Replacement,,French cultural influence [12],4. Clearly calqued,noun,,,,
Dutch-2-62-1,5517,Dutch,2-62,schoonmoeder,schoonmoeder,s x oː n m uː d ə r,,12,false,^schoonmoeder$,Dutch,72181920844792507,,,5. no evidence for borrowing,0.0,,,,analyzable compound,schoon-moeder [beautiful-mother],0.5,"Van der Sijs, Leenwoordenboek 2005",,,1477,1.0,1. Highly integrated,present in pre-contact environment,Replacement,,French cultural influence [12],4. Clearly calqued,noun,,,,
Dutch-2-621-1,5518,Dutch,2-621,schoonmoeder,schoonmoeder,s x oː n m uː d ə r,,12,false,^schoonmoeder$,Dutch,72181920844792507,,,5. no evidence for borrowing,0.0,,,,analyzable compound,schoon-moeder [beautiful-mother],0.5,"Van der Sijs, Leenwoordenboek 2005",,,1477,1.0,1. Highly integrated,present in pre-contact environment,Replacement,,French cultural influence [12],4. Clearly calqued,noun,,,,
Dutch-2-63-1,5520,Dutch,2-63,schoonzoon,schoonzoon,s x oː n z oː n,,12,false,^schoonzoon$,Dutch,72181920325089665,,,5. no evidence for borrowing,0.0,,,,analyzable compound,schoon-zoon [beautiful-son],0.5,"Van der Sijs, Leenwoordenboek 2005",,,1470,1.0,1. Highly integrated,present in pre-contact environment,Replacement,,French cultural influence [12],4. Clearly calqued,noun,,,,
Dutch-2-631-1,5521,Dutch,2-631,schoonzoon,schoonzoon,s x oː n z oː n,,12,false,^schoonzoon$,Dutch,72181920325089665,,,5. no evidence for borrowing,0.0,,,,analyzable compound,schoon-zoon [beautiful-son],0.5,"Van der Sijs, Leenwoordenboek 2005",,,1470,1.0,1. Highly integrated,present in pre-contact environment,Replacement,,French cultural influence [12],4. Clearly calqued,noun,,,,
Dutch-2-64-1,5522,Dutch,2-64,schoondochter,schoondochter,s x oː n d ɔ x t ə r,,12,false,^schoondochter$,Dutch,7218192072842957,,,5. no evidence for borrowing,0.0,,,,analyzable compound,schoon-dochter [beautiful-daughter],0.5,"Van der Sijs, Leenwoordenboek 2005",,,1477,1.0,1. Highly integrated,present in pre-contact environment,Replacement,,French cultural influence [12],4. Clearly calqued,noun,,,,
Dutch-2-641-1,5523,Dutch,2-641,schoondochter,schoondochter,s x oː n d ɔ x t ə r,,12,false,^schoondochter$,Dutch,7218192072842957,,,5. no evidence for borrowing,0.0,,,,analyzable compound,schoon-dochter [beautiful-daughter],0.5,"Van der Sijs, Leenwoordenboek 2005",,,1477,1.0,1. Highly integrated,present in pre-contact environment,Replacement,,French cultural influence [12],4. Clearly calqued,noun,,,,
Dutch-2-71-1,5528,Dutch,2-71,stiefvader,stiefvader,s t iː f aː d ə r,,12,false,^stiefvader$,Dutch,72181920650668764,,,5. no evidence for borrowing,0.0,,,,semi-analyzable,stief-vader [?-father],0.75,EWB 1997,,,1240,1.0,,,,,,,noun,,,,
Dutch-2-72-1,5529,Dutch,2-72,stiefmoeder,stiefmoeder,s t iː f m uː d ə r,,12,false,^stiefmoeder$,Dutch,72181920645120186,,,5. no evidence for borrowing,0.0,,,,semi-analyzable,stief-moeder [?-mother],0.75,EWB 1997,,,1240,1.0,,,,,,,noun,,,,
Dutch-2-73-1,5530,Dutch,2-73,stiefzoon,stiefzoon,s t iː f s oː n,,12,false,^stiefzoon$,Dutch,72181920696070236,,,5. no evidence for borrowing,0.0,,,,semi-analyzable,stief-zoon [?-son],0.75,EWB 1997,,,1240,1.0,,,,,,,noun,,,,
Dutch-2-74-1,5531,Dutch,2-74,stiefdochter,stiefdochter,s t iː v d ɔ x t ə r,,12,false,^stiefdochter$,Dutch,72181920396691050,,,5. no evidence for borrowing,0.0,,,,semi-analyzable,stief-dochter [?-daughter],0.75,WNT,,,1240,1.0,,,,,,,noun,,,,
Dutch-2-75-1,5532,Dutch,2-75,wees,wees,ʋ eː s,,12,false,^wees$,Dutch,72181920248459926,,,5. no evidence for borrowing,0.0,,,,unanalyzable,,1.0,EWB 1997,,,0901-1000,1.0,,,,,,,noun,,,,
Dutch-2-76-1,5533,Dutch,2-76,weduwe,weduwe,ʋ eː d yː ʋ ə,,12,false,^weduwe$,Dutch,7218192084812001,,,5. no evidence for borrowing,0.0,,,,unanalyzable,,1.0,EWB 1997,,,0901-1000,1.0,,,,,,,noun,,,,
Dutch-2-77-1,5534,Dutch,2-77,weduwnaar,weduwnaar,ʋ eː d yː ʋ n aː r,,12,false,^weduwnaar$,Dutch,72181920144580558,,,5. no evidence for borrowing,0.0,,,,analyzable derived,weduwn-aar [widow-M],0.5,EWB 1997,,,1405-1422,1.0,,,,,,,noun,,,,
Dutch-2-81-1,5535,Dutch,2-81,familie,familie,f aː m iː l iː,,12,true,^familie$,Dutch,72181920834491148,,,1. clearly borrowed,1.0,,,,unanalyzable,,1.0,"Van der Sijs, Leenwoordenboek 2005; EWB 1997",,,1566-1568,0.9,1. Highly integrated,present in pre-contact environment,Coexistence,,French cultural influence [12],,noun,,,,
Dutch-2-81-2,5536,Dutch,2-81,verwanten,verwanten,v ə r ʋ ɑ n t ə,,12,true,^verwanten$,Dutch,7218192043445274,,,1. clearly borrowed,1.0,,,,unanalyzable,,1.0,EWB 1997,,,1588,0.9,1. Highly integrated,present in pre-contact environment,Coexistence,,High German influence [12],,noun,,,,
Dutch-2-82-1,5537,Dutch,2-82,gezin,gezin,x ə z ɪ n,,12,false,^gezin$,Dutch,72181920723976709,,,5. no evidence for borrowing,0.0,,,,unanalyzable,,1.0,EWB 1997,,,1586,0.9,,,,,,,noun,,,,
Dutch-2-91-1,5538,Dutch,2-91,ik,ik,ɪ k,,12,false,^ik$,Dutch,72181920971873618,,,5. no evidence for borrowing,0.0,,,,unanalyzable,,1.0,EWB 1997,,,0776-800,1.0,,,,,,,function word,,,,
Dutch-2-92-1,5539,Dutch,2-92,jij,jij,j ɛi,,12,false,^jij$,Dutch,72181920526247096,,,5. no evidence for borrowing,0.0,,,,unanalyzable,,1.0,EWB 1997,,,1617,0.9,,,,,,,function word,,,,
Dutch-2-93-1,5540,Dutch,2-93,het,het,ə t,,12,false,^het$,Dutch,72181920447248058,,,5. no evidence for borrowing,0.0,,,,unanalyzable,,1.0,EWB 1997,,,0901-1000,1.0,,,,,,,function word,,,,
Dutch-2-93-2,5541,Dutch,2-93,hij,hij,h ɛi,,12,false,^hij$,Dutch,72181920288400812,,,5. no evidence for borrowing,0.0,,,,unanalyzable,,1.0,EWB 1997,,,0901-1000,1.0,,,,,,,function word,,,,
Dutch-2-93-3,5542,Dutch,2-93,zij (1),zij,z ɛi,,12,false,^zij$,Dutch,72181920559748683,,,5. no evidence for borrowing,0.0,,,,unanalyzable,,1.0,EWB 1997,,,0901-1000,1.0,,,,,,,function word,,,,
Dutch-2-94-1,5546,Dutch,2-94,wij,wij,ʋ ɛi,,12,false,^wij$,Dutch,72181920472282065,,,5. no evidence for borrowing,0.0,,,,unanalyzable,,1.0,EWB 1997,,,0901-1000,1.0,,,,,,,function word,,,,
Dutch-2-941-1,5547,Dutch,2-941,wij,wij,ʋ ɛi,,12,false,^wij$,Dutch,72181920472282065,,,5. no evidence for borrowing,0.0,,,,unanalyzable,,1.0,EWB 1997,,,0901-1000,1.0,,,,,,,function word,,,,
Dutch-2-942-1,5548,Dutch,2-942,wij,wij,ʋ ɛi,,12,false,^wij$,Dutch,72181920472282065,,,5. no evidence for borrowing,0.0,,,,unanalyzable,,1.0,EWB 1997,,,0901-1000,1.0,,,,,,,function word,,,,
Dutch-2-95-1,5549,Dutch,2-95,jullie,jullie,j ʏ l iː,,12,false,^jullie$,Dutch,72181920781409044,,,5. no evidence for borrowing,0.0,,,,unanalyzable,,1.0,EWB 1997,,,1601-1700,0.9,,,,,,,function word,,,,
Dutch-2-96-1,5550,Dutch,2-96,zij (2),zij,z ɛi,,12,false,^zij$,Dutch,72181920766266310,,,5. no evidence for borrowing,0.0,,,,unanalyzable,,1.0,EWB 1997,,,0901-1000,1.0,,,,,,,function word,,,,
Dutch-3-11-1,5551,Dutch,3-11,dier,dier,d iː r,,12,false,^dier$,Dutch,72181920549673633,,,5. no evidence for borrowing,0.0,,,,unanalyzable,,1.0,EWB 1997,,,0901-1000,1.0,,,,,,,noun,,,,
Dutch-3-11-2,5552,Dutch,3-11,beest,beest,b eː s t,,12,true,^beest$,Dutch,72181920317874515,,,1. clearly borrowed,1.0,,,,unanalyzable,,1.0,"Van der Sijs, Leenwoordenboek 2005; EWB 1997",,,1253,1.0,1. Highly integrated,present in pre-contact environment,Coexistence,,French cultural influence [12],,noun,,,,
Dutch-3-12-1,5553,Dutch,3-12,mannetjes-,mannetjes-,m ɑ n ə t j ə s,,12,false,^mannetjes-$,Dutch,72181920535110022,,,5. no evidence for borrowing,0.0,,,,analyzable derived,mann-etje-s [man-DIM-GEN],0.5,WNT,,,1727,0.9,,,,,,,first element in compositions,,,,
Dutch-3-13-1,5554,Dutch,3-13,vrouwtjes-,vrouwtjes-,v r ɑu ʋ t j ə s,,12,false,^vrouwtjes-$,Dutch,72181920671917602,,,5. no evidence for borrowing,0.0,,,,analyzable derived,vrouw-tje-s [female-DIM-GEN],0.5,WNT,,,1632,0.9,,,,,,,first element in compositions,,,,
Dutch-3-15-1,5555,Dutch,3-15,vee,vee,v eː,,12,false,^vee$,Dutch,72181920486153045,,,5. no evidence for borrowing,0.0,,,,unanalyzable,,1.0,EWB 1997,,,0701-800,1.0,,,,,,,noun,,,,
Dutch-3-16-1,5556,Dutch,3-16,weide,weide,ʋ ɛi d ə,,12,false,^weide$,Dutch,7218192070083396,,,5. no evidence for borrowing,0.0,,,,unanalyzable,,1.0,EWB 1997,,,0901-1000,1.0,,,,,,,noun,,,,
Dutch-3-18-1,5557,Dutch,3-18,herder,herder,h ɛ r d ə r,,12,false,^herder$,Dutch,72181920604471741,,,5. no evidence for borrowing,0.0,,,,unanalyzable,,1.0,EWB 1997,,,1240,1.0,,,,,,,noun,,,,
Dutch-3-19-1,5558,Dutch,3-19,stal,stal,s t ɑ l,,12,false,^stal$,Dutch,72181920397008026,,,5. no evidence for borrowing,0.0,,,,unanalyzable,,1.0,EWB 1997,,,0701-800,1.0,,,,,,,noun,,,,
Dutch-3-2-1,5559,Dutch,3-2,rund,rund,r ʏ n t,,12,false,^rund$,Dutch,72181920155493728,,,5. no evidence for borrowing,0.0,,,,unanalyzable,,1.0,EWB 1997,,,1377-1378,1.0,,,,,,,noun,,,,
Dutch-3-21-1,5560,Dutch,3-21,stier,stier,s t iː r,,12,false,^stier$,Dutch,72181920556421930,,,5. no evidence for borrowing,0.0,,,,unanalyzable,,1.0,EWB 1997,,,0901-1000,1.0,,,,,,,noun,,,,
Dutch-3-22-1,5561,Dutch,3-22,os,os,ɔ s,,12,false,^os$,Dutch,72181920580427996,,,5. no evidence for borrowing,0.0,,,,unanalyzable,,1.0,EWB 1997,,,0701-800,1.0,,,,,,,noun,,,,
Dutch-3-23-1,5562,Dutch,3-23,koe,koe,k uː,,12,false,^koe$,Dutch,72181920369539047,,,5. no evidence for borrowing,0.0,,,,unanalyzable,,1.0,EWB 1997,,,0901-1000,1.0,,,,,,,noun,,,,
Dutch-3-24-1,5563,Dutch,3-24,kalf,kalf,k ɑ l f,,12,false,^kalf$,Dutch,7218192066021312,,,5. no evidence for borrowing,0.0,,,,unanalyzable,,1.0,EWB 1997,,,0901-1000,1.0,,,,,,,noun,,,,
Dutch-3-25-1,5564,Dutch,3-25,schaap,schaap,s x aː p,,12,false,^schaap$,Dutch,72181920907625665,,,5. no evidence for borrowing,0.0,,,,unanalyzable,,1.0,EWB 1997,,,0901-1000,1.0,,,,,,,noun,,,,
Dutch-3-26-1,5565,Dutch,3-26,ram,ram,r ɑ m,,12,false,^ram$,Dutch,72181920564706109,,,5. no evidence for borrowing,0.0,,,,unanalyzable,,1.0,EWB 1997,,,1223,1.0,,,,,,,noun,,,,
Dutch-3-28-1,5566,Dutch,3-28,ooi,ooi,oː j,,12,false,^ooi$,Dutch,72181920401700893,,,5. no evidence for borrowing,0.0,,,,unanalyzable,,1.0,EWB 1997,,,1240,1.0,,,,,,,noun,,,,
Dutch-3-29-1,5567,Dutch,3-29,lam (1),lam,l ɑ m,,12,false,^lam$,Dutch,72181920998106659,,,5. no evidence for borrowing,0.0,,,,unanalyzable,,1.0,EWB 1997,,,0701-800,1.0,,,,,,,noun,,,,
Dutch-3-32-1,5568,Dutch,3-32,wild zwijn,wild_zwijn,ʋ ɪ l t + z ʋ ɛi n,,12,false,^wild_zwijn$,Dutch,72181920369192371,,,5. no evidence for borrowing,0.0,,,,analyzable phrasal,[wild swine],0.5,EWB 1997,,,1485,1.0,,,,,,,noun,,,,
Dutch-3-34-1,5569,Dutch,3-34,zeug,zeug,z øː x,,12,false,^zeug$,Dutch,7218192047880633,,,5. no evidence for borrowing,0.0,,,,unanalyzable,,1.0,EWB 1997,,,1287,1.0,,,,,,,noun,,,,
Dutch-3-35-1,5570,Dutch,3-35,varken,varken,v ɑ r k ə,,12,false,^varken$,Dutch,72181920329770758,,,5. no evidence for borrowing,0.0,,,,unanalyzable,,1.0,EWB 1997,,,1155,1.0,,,,,,,noun,,,,
Dutch-3-36-1,5571,Dutch,3-36,geit,geit,x ɛi t,,12,false,^geit$,Dutch,72181920351730003,,,5. no evidence for borrowing,0.0,,,,unanalyzable,,1.0,EWB 1997,,,0701-800,1.0,,,,,,,noun,,,,
Dutch-3-37-1,5572,Dutch,3-37,bok,bok,b ɔ k,,12,false,^bok$,Dutch,72181920882948446,,,3. perhaps borrowed,0.5,maybe Celtic,,,unanalyzable,,1.0,"Van der Sijs, Leenwoordenboek 2005; EWB 1997",,,0901-1000,1.0,1. Highly integrated,present only since contact,Insertion,,Celtic influence on Germanic [12],,noun,,,,
Dutch-3-38-1,5573,Dutch,3-38,geitje,geitje,x ɛi t j ə,,12,false,^geitje$,Dutch,72181920485252256,,,5. no evidence for borrowing,0.0,,,,analyzable derived,geit-je [geit-DIM],0.5,WNT,,,1350,1.0,,,,,,,noun,,,,
Dutch-3-41-1,5574,Dutch,3-41,paard,paard,p aː r t,,12,true,^paard$,Dutch,72181920214031616,,,1. clearly borrowed,1.0,,,,unanalyzable,,1.0,"Van der Sijs, Leenwoordenboek 2005; EWB 1997",,,1266-1268,1.0,1. Highly integrated,present only since contact,Insertion,,Latin influence on Germanic [12],,noun,,,,
Dutch-3-42-1,5575,Dutch,3-42,hengst,hengst,h ɛ ŋ s t,,12,false,^hengst$,Dutch,72181920352083952,,,5. no evidence for borrowing,0.0,,,,unanalyzable,,1.0,EWB 1997,,,0701-800,1.0,,,,,,,noun,,,,
Dutch-3-44-1,5576,Dutch,3-44,merrie,merrie,m ɛ r iː,,12,false,^merrie$,Dutch,72181920908675121,,,5. no evidence for borrowing,0.0,,,,unanalyzable,,1.0,EWB 1997,,,0701-800,1.0,,,,,,,noun,,,,
Dutch-3-45-1,5577,Dutch,3-45,veulen,veulen,v øː l ə,,12,false,^veulen$,Dutch,72181920908317040,,,5. no evidence for borrowing,0.0,,,,unanalyzable,,1.0,EWB 1997,,,0701-800,1.0,,,,,,,noun,,,,
Dutch-3-46-1,5578,Dutch,3-46,ezel,ezel,eː z ə l,,12,true,^ezel$,Dutch,72181920680674821,,,1. clearly borrowed,1.0,,,,unanalyzable,,1.0,"Van der Sijs, Leenwoordenboek 2005; EWB 1997",,,1240,1.0,1. Highly integrated,present only since contact,Insertion,,Latin influence on Germanic [12],,noun,,,,
Dutch-3-47-1,5579,Dutch,3-47,muilezel,muilezel,m œy l eː z ə l,,12,false,^muilezel$,Dutch,72181920184346327,,,5. no evidence for borrowing,0.0,"Muil and ezel are both loaned from Latin mulus, asinus; the compound is made in Dutch.",yes,,analyzable compound,muil-ezel [mule-ass],0.5,EWB 1997,,,1240,1.0,,,,,,,noun,,,,
Dutch-3-47-2,5580,Dutch,3-47,muildier,muildier,m œy l d iː r,,12,false,^muildier$,Dutch,72181920439406332,,,5. no evidence for borrowing,0.0,First element is borrowed from Latin mulus; the component dier (animal) has been added to elucidate the word.,yes,,analyzable compound,muil-dier [mule-animal],0.5,EWB 1997,,,1542,0.9,,,,,,,noun,,,,
Dutch-3-5-1,5581,Dutch,3-5,kip,kip,k ɪ p,,12,false,^kip$,Dutch,72181920372530914,,,5. no evidence for borrowing,0.0,,,,unanalyzable,,1.0,EWB 1997,,,1588,0.9,,,,,,,noun,,,,
Dutch-3-5-2,5582,Dutch,3-5,pluimvee,pluimvee,p l œy m v eː,,12,false,^pluimvee$,Dutch,72181920827312693,,,5. no evidence for borrowing,0.0,"First element is borrowed from Latin pluma, compound is made in Dutch.",yes,,analyzable compound,pluim-vee [plume-cattle],0.5,EWB 1997,,,1265-1270,1.0,,,,,,,noun,,,,
Dutch-3-52-1,5583,Dutch,3-52,haan,haan,h aː n,,12,false,^haan$,Dutch,72181920162210881,,,5. no evidence for borrowing,0.0,,,,unanalyzable,,1.0,EWB 1997,,,0701-800,1.0,,,,,,,noun,,,,
Dutch-3-54-1,5584,Dutch,3-54,hen,hen,h ɛ n,,12,false,^hen$,Dutch,72181920568625611,,,5. no evidence for borrowing,0.0,,,,unanalyzable,,1.0,EWB 1997,,,1240,1.0,,,,,,,noun,,,,
Dutch-3-55-1,5585,Dutch,3-55,kuiken,kuiken,k œy k ə,,12,false,^kuiken$,Dutch,72181920383765184,,,5. no evidence for borrowing,0.0,,,,unanalyzable,,1.0,EWB 1997,,,1401-1450,1.0,,,,,,,noun,,,,
Dutch-3-56-1,5586,Dutch,3-56,gans,gans,x ɑ n s,,12,false,^gans$,Dutch,72181920474645187,,,5. no evidence for borrowing,0.0,,,,unanalyzable,,1.0,EWB 1997,,,1240,1.0,,,,,,,noun,,,,
Dutch-3-57-1,5587,Dutch,3-57,eend,eend,eː n t,,12,false,^eend$,Dutch,72181920455788184,,,5. no evidence for borrowing,0.0,,,,unanalyzable,,1.0,EWB 1997,,,0793,1.0,,,,,,,noun,,,,
Dutch-3-58-1,5588,Dutch,3-58,nest,nest,n ɛ s t,,12,false,^nest$,Dutch,72181920258842636,,,5. no evidence for borrowing,0.0,,,,unanalyzable,,1.0,EWB 1997,,,1100,1.0,,,,,,,noun,,,,
Dutch-3-581-1,5589,Dutch,3-581,vogel,vogel,v oː ɣ ə l,,12,false,^vogel$,Dutch,72181920320823957,,,5. no evidence for borrowing,0.0,,,,unanalyzable,,1.0,EWB 1997,,,0701-800,1.0,,,,,,,noun,,,,
Dutch-3-582-1,5590,Dutch,3-582,meeuw,meeuw,m eː ʋ,,12,false,^meeuw$,Dutch,72181920920623667,,,5. no evidence for borrowing,0.0,,,,unanalyzable,,1.0,EWB 1997,,,1287,1.0,,,,,,,noun,,,,
Dutch-3-583-1,5591,Dutch,3-583,reiger,reiger,r ɛi ɣ ə r,,12,false,^reiger$,Dutch,72181920620869682,,,5. no evidence for borrowing,0.0,,,,unanalyzable,,1.0,EWB 1997,,,1285,1.0,,,,,,,noun,,,,
Dutch-3-584-1,5592,Dutch,3-584,adelaar,adelaar,aː d ə l aː r,,12,true,^adelaar$,Dutch,72181920412474745,,,1. clearly borrowed,1.0,,,,unanalyzable,,1.0,"Van der Sijs, Leenwoordenboek 2005; EWB 1997",,,1477,1.0,1. Highly integrated,present in pre-contact environment,Replacement,,High German influence [12],,noun,,,,
Dutch-3-585-1,5593,Dutch,3-585,havik,havik,h aː v ɪ k,,12,false,^havik$,Dutch,72181920423935120,,,5. no evidence for borrowing,0.0,,,,unanalyzable,,1.0,EWB 1997,,,1287,1.0,,,,,,,noun,,,,
Dutch-3-586-1,5594,Dutch,3-586,gier,gier,x iː r,,12,false,^gier$,Dutch,72181920265825172,,,5. no evidence for borrowing,0.0,,,,unanalyzable,,1.0,EWB 1997,,,1287,1.0,,,,,,,noun,,,,
Dutch-3-591-1,5595,Dutch,3-591,vleermuis,vleermuis,v l eː r m œy s,,12,false,^vleermuis$,Dutch,7218192016022082,,,5. no evidence for borrowing,0.0,,,,semi-analyzable,vleer-muis [?-mouse],0.75,EWB 1997,,,1240,1.0,,,,,,,noun,,,,
Dutch-3-592-1,5596,Dutch,3-592,papegaai,papegaai,p ɑ p ə ɣ aː j,,12,true,^papegaai$,Dutch,72181920320408151,,,1. clearly borrowed,1.0,,,,unanalyzable,,1.0,"Van der Sijs, Leenwoordenboek 2005; EWB 1997",,,1287,1.0,1. Highly integrated,present only since contact,Insertion,,French cultural influence [12],,noun,,,,
Dutch-3-593-1,5597,Dutch,3-593,kraai,kraai,k r aː j,,12,false,^kraai$,Dutch,72181920253991456,,,5. no evidence for borrowing,0.0,,,,unanalyzable,,1.0,EWB 1997,,,1240,1.0,,,,,,,noun,,,,
Dutch-3-594-1,5598,Dutch,3-594,duif,duif,d œy f,,12,false,^duif$,Dutch,72181920342867156,,,5. no evidence for borrowing,0.0,,,,unanalyzable,,1.0,EWB 1997,,,0901-1000,1.0,,,,,,,noun,,,,
Dutch-3-596-1,5599,Dutch,3-596,uil,uil,œy l,,12,false,^uil$,Dutch,72181920493340795,,,5. no evidence for borrowing,0.0,,,,unanalyzable,,1.0,EWB 1997,,,1240,1.0,,,,,,,noun,,,,
Dutch-3-61-1,5602,Dutch,3-61,hond,hond,h ɔ n t,,12,false,^hond$,Dutch,72181920988855776,,,5. no evidence for borrowing,0.0,,,,unanalyzable,,1.0,EWB 1997,,,0901-1000,1.0,,,,,,,noun,,,,
Dutch-3-614-1,5603,Dutch,3-614,konijn,konijn,k oː n ɛi n,,12,true,^konijn$,Dutch,72181920450271430,,,1. clearly borrowed,1.0,,,,unanalyzable,,1.0,"Van der Sijs, Leenwoordenboek 2005; EWB 1997",,,1240,1.0,1. Highly integrated,present only since contact,Insertion,,French cultural influence [12],,noun,,,,
Dutch-3-62-1,5604,Dutch,3-62,kat,kat,k ɑ t,,12,true,^kat$,Dutch,72181920527128341,,,1. clearly borrowed,1.0,,,,unanalyzable,,1.0,"Van der Sijs, Leenwoordenboek 2005; EWB 1997",,,1210-1240,1.0,1. Highly integrated,present only since contact,Insertion,,Latin influence on Germanic [12],,noun,,,,
Dutch-3-622-1,5605,Dutch,3-622,opossum,opossum,oː p ɔ s ʏ m,,12,true,^opossum$,Dutch,72181920509902630,,,1. clearly borrowed,1.0,,,,unanalyzable,,1.0,"Van der Sijs, Leenwoordenboek 2005; EWB 1997",,,1662,0.9,1. Highly integrated,present only since contact,Insertion,,English colonial contacts [12],,noun,,,,
Dutch-3-63-1,5606,Dutch,3-63,muis,muis,m œy s,,12,false,^muis$,Dutch,7218192069343098,,,5. no evidence for borrowing,0.0,,,,unanalyzable,,1.0,EWB 1997,,,1240,1.0,,,,,,,noun,,,,
Dutch-3-63-2,5607,Dutch,3-63,rat,rat,r ɑ t,,12,false,^rat$,Dutch,72181920707350809,,,5. no evidence for borrowing,0.0,,,,unanalyzable,,1.0,EWB 1997,,,1240,1.0,,,,,,,noun,,,,
Dutch-3-65-1,5608,Dutch,3-65,vis,vis,v ɪ s,,12,false,^vis$,Dutch,72181920491312412,,,5. no evidence for borrowing,0.0,,,,unanalyzable,,1.0,EWB 1997,,,1220-1240,1.0,,,,,,,noun,,,,
Dutch-3-652-1,5609,Dutch,3-652,vin,vin,v ɪ n,,12,false,^vin$,Dutch,72181920529308279,,,5. no evidence for borrowing,0.0,,,,unanalyzable,,1.0,EWB 1997,,,1285,1.0,,,,,,,noun,,,,
Dutch-3-653-1,5610,Dutch,3-653,schub,schub,s x ʏ p,,12,false,^schub$,Dutch,72181920447386712,,,5. no evidence for borrowing,0.0,,,,unanalyzable,,1.0,EWB 1997,,,1480,1.0,,,,,,,noun,,,,
Dutch-3-654-1,5611,Dutch,3-654,kieuw,kieuw,k iː ʋ,,12,false,^kieuw$,Dutch,72181920164948022,,,5. no evidence for borrowing,0.0,,,,unanalyzable,,1.0,EWB 1997,,,1599,0.9,,,,,,,noun,,,,
Dutch-3-655-1,5612,Dutch,3-655,schelp,schelp,s x ɛ l p,,12,false,^schelp$,Dutch,72181920130530706,,,5. no evidence for borrowing,0.0,,,,unanalyzable,,1.0,EWB 1997,,,1287,1.0,,,,,,,noun,,,,
Dutch-3-661-1,5613,Dutch,3-661,haai,haai,h aː j,,12,true,^haai$,Dutch,72181920815124786,,,1. clearly borrowed,1.0,,,,unanalyzable,,1.0,"Van der Sijs, Leenwoordenboek 2005; EWB 1997",,,1445-1455,1.0,1. Highly integrated,present only since contact,Insertion,,Old Norse maritime influence [12],,noun,,,,
Dutch-3-663-1,5615,Dutch,3-663,walvis,walvis,ʋ ɑ l v ɪ s,,12,false,^walvis$,Dutch,72181920918439559,,,5. no evidence for borrowing,0.0,,,,semi-analyzable,wal-vis [?-fish],0.75,EWB 1997,,,1163,1.0,,,,,,,noun,,,,
Dutch-3-664-1,5616,Dutch,3-664,rog,rog,r ɔ x,,12,false,^rog$,Dutch,72181920648859749,,,5. no evidence for borrowing,0.0,,,,unanalyzable,,1.0,EWB 1997,,,1287,1.0,,,,,,,noun,,,,
Dutch-3-665-1,5617,Dutch,3-665,paling,paling,p aː l ɪ ŋ,,12,false,^paling$,Dutch,72181920266813621,,,5. no evidence for borrowing,0.0,,,,unanalyzable,,1.0,EWB 1997,,,1080,1.0,,,,,,,noun,,,,
Dutch-3-71-1,5618,Dutch,3-71,wolf,wolf,ʋ ɔ l f,,12,false,^wolf$,Dutch,72181920756275095,,,5. no evidence for borrowing,0.0,,,,unanalyzable,,1.0,EWB 1997,,,1001-1100,1.0,,,,,,,noun,,,,
Dutch-3-72-1,5619,Dutch,3-72,leeuw,leeuw,l eː ʋ,,12,true,^leeuw$,Dutch,72181920452340597,,,1. clearly borrowed,1.0,,,,unanalyzable,,1.0,"Van der Sijs, Leenwoordenboek 2005; EWB 1997",,,0901-1000,1.0,1. Highly integrated,present only since contact,Insertion,,Church Latin influence [12],,noun,,,,
Dutch-3-73-1,5620,Dutch,3-73,beer,beer,b eː r,,12,false,^beer$,Dutch,72181920294337674,,,5. no evidence for borrowing,0.0,,,,unanalyzable,,1.0,EWB 1997,,,1260-1280,1.0,,,,,,,noun,,,,
Dutch-3-74-1,5621,Dutch,3-74,vos,vos,v ɔ s,,12,false,^vos$,Dutch,7218192062472014,,,5. no evidence for borrowing,0.0,,,,unanalyzable,,1.0,EWB 1997,,,0901-1000,1.0,,,,,,,noun,,,,
Dutch-3-75-1,5622,Dutch,3-75,hert,hert,h ɛ r t,,12,false,^hert$,Dutch,72181920295951685,,,5. no evidence for borrowing,0.0,,,,unanalyzable,,1.0,EWB 1997,,,0901-1000,1.0,,,,,,,noun,,,,
Dutch-3-76-1,5623,Dutch,3-76,aap,aap,aː p,,12,false,^aap$,Dutch,72181920441245103,,,5. no evidence for borrowing,0.0,,,,unanalyzable,,1.0,EWB 1997,,,1451-1500,1.0,,,,,,,noun,,,,
Dutch-3-77-1,5624,Dutch,3-77,olifant,olifant,oː l iː f ɑ n t,,12,true,^olifant$,Dutch,72181920936346820,,,1. clearly borrowed,1.0,,,,unanalyzable,,1.0,"Van der Sijs, Leenwoordenboek 2005; EWB 1997",,,1240,1.0,1. Highly integrated,present only since contact,Insertion,,French cultural influence [12],,noun,,,,
Dutch-3-78-1,5625,Dutch,3-78,kameel,kameel,k aː m eː l,,12,true,^kameel$,Dutch,72181920752571378,,,1. clearly borrowed,1.0,,,,unanalyzable,,1.0,"Van der Sijs, Leenwoordenboek 2005; EWB 1997",,,1240,1.0,1. Highly integrated,present only since contact,Insertion,,Church Latin influence [12],,noun,,,,
Dutch-3-81-1,5626,Dutch,3-81,insect,insect,ɪ n s ɛ k t,,12,true,^insect$,Dutch,72181920485545535,,,1. clearly borrowed,1.0,,,,unanalyzable,,1.0,"Van der Sijs, Leenwoordenboek 2005; EWB 1997",,,1660,0.9,1. Highly integrated,present in pre-contact environment,Replacement,,French cultural influence [12],,noun,,,,
Dutch-3-811-1,5627,Dutch,3-811,luis,luis,l œy s,,12,false,^luis$,Dutch,72181920861190858,,,5. no evidence for borrowing,0.0,,,,unanalyzable,,1.0,EWB 1997,,,1285,1.0,,,,,,,noun,,,,
Dutch-3-811-2,5628,Dutch,3-811,hoofdluis,hoofdluis,h oː v d l œy s,,12,false,^hoofdluis$,Dutch,72181920180697195,,,5. no evidence for borrowing,0.0,,,,analyzable compound,hoofd-luis [head-louse],0.5,WNT,,,1920,0.7,,,,,,,noun,,,,
Dutch-3-812-1,5630,Dutch,3-812,neet,neet,n eː t,,12,false,^neet$,Dutch,72181920308269599,,,5. no evidence for borrowing,0.0,,,,unanalyzable,,1.0,EWB 1997,,,1240,1.0,,,,,,,noun,,,,
Dutch-3-813-1,5631,Dutch,3-813,vlo,vlo,v l oː,,12,false,^vlo$,Dutch,72181920695703434,,,5. no evidence for borrowing,0.0,,,,unanalyzable,,1.0,EWB 1997,,,1287,1.0,,,,,,,noun,,,,
Dutch-3-814-1,5632,Dutch,3-814,duizendpoot,duizendpoot,d œy z ə n t p oː t,,12,false,^duizendpoot$,Dutch,72181920372225596,,,5. no evidence for borrowing,0.0,second element loaned from Latin,yes,,analyzable compound,duizend-poot [thousand-leg],0.5,"Van der Sijs, Leenwoordenboek 2005",,,1881,0.8,1. Highly integrated,present in pre-contact environment,Replacement,,Medical and scientific Latin influence [12],4. Clearly calqued,noun,,,,
Dutch-3-815-1,5633,Dutch,3-815,schorpioen,schorpioen,s x ɔ r p iː j uː n,,12,true,^schorpioen$,Dutch,72181920402708755,,,1. clearly borrowed,1.0,,,,unanalyzable,,1.0,"Van der Sijs, Leenwoordenboek 2005; EWB 1997",,,1287,1.0,1. Highly integrated,present only since contact,Insertion,,French cultural influence [12],,noun,,,,
Dutch-3-816-1,5634,Dutch,3-816,kakkerlak,kakkerlak,k ɑ k ə r l ɑ k,,12,true,^kakkerlak$,Dutch,72181920773825891,,,1. clearly borrowed,1.0,,,,unanalyzable,,1.0,"Van der Sijs, Leenwoordenboek 2005; EWB 1997",,,1646,0.9,1. Highly integrated,present only since contact,Insertion,,Portuguese and/or Spanish colonial contacts [12],,noun,,,,
Dutch-3-817-1,5635,Dutch,3-817,mier,mier,m iː r,,12,false,^mier$,Dutch,72181920145788261,,,5. no evidence for borrowing,0.0,,,,unanalyzable,,1.0,EWB 1997,,,1240,1.0,,,,,,,noun,,,,
Dutch-3-818-1,5636,Dutch,3-818,spin,spin,s p ɪ n,,12,false,^spin$,Dutch,72181920726515244,,,5. no evidence for borrowing,0.0,,,,unanalyzable,,1.0,EWB 1997,,,1240,1.0,,,,,,,noun,,,,
Dutch-3-819-1,5637,Dutch,3-819,web,web,ʋ ɛ p,,12,false,^web$,Dutch,72181920385049603,,,5. no evidence for borrowing,0.0,,,,unanalyzable,,1.0,EWB 1997,,,1240,1.0,,,,,,,noun,,,,
Dutch-3-82-1,5638,Dutch,3-82,bij,bij,b ɛi,,12,false,^bij$,Dutch,72181920981965249,,,5. no evidence for borrowing,0.0,,,,unanalyzable,,1.0,EWB 1997,,,0970,1.0,,,,,,,noun,,,,
Dutch-3-821-1,5639,Dutch,3-821,honing,honing,h oː n ɪ ŋ,,12,false,^honing$,Dutch,7218192065647923,,,5. no evidence for borrowing,0.0,,,,unanalyzable,,1.0,EWB 1997,,,0901-1000,1.0,,,,,,,noun,,,,
Dutch-3-822-1,5640,Dutch,3-822,bijenkorf,bijenkorf,b ɛi j ə k ɔ r f,,12,false,^bijenkorf$,Dutch,72181920925437464,,,5. no evidence for borrowing,0.0,second element loaned from Latin corbem,yes,,analyzable compound,bij-en-korf [bee-PL-hive],0.5,WNT,,,1569,0.9,,,,,,,noun,,,,
Dutch-3-823-1,5641,Dutch,3-823,wesp,wesp,ʋ ɛ s p,,12,false,^wesp$,Dutch,72181920451607103,,,5. no evidence for borrowing,0.0,,,,unanalyzable,,1.0,EWB 1997,,,1240,1.0,,,,,,,noun,,,,
Dutch-3-83-1,5642,Dutch,3-83,vlieg,vlieg,v l iː x,,12,false,^vlieg$,Dutch,72181920439024116,,,5. no evidence for borrowing,0.0,,,,unanalyzable,,1.0,EWB 1997,,,1240,1.0,,,,,,,noun,,,,
Dutch-3-831-1,5643,Dutch,3-831,mug,mug,m ʏ x,,12,false,^mug$,Dutch,72181920107991061,,,5. no evidence for borrowing,0.0,,,,unanalyzable,,1.0,EWB 1997,,,1240,1.0,,,,,,,noun,,,,
Dutch-3-832-1,5644,Dutch,3-832,muskiet,muskiet,m ʏ s k iː t,,12,true,^muskiet$,Dutch,72181920877867860,,,1. clearly borrowed,1.0,,,,unanalyzable,,1.0,"Van der Sijs, Leenwoordenboek 2005; EWB 1997",,,1630,0.9,1. Highly integrated,present only since contact,Insertion,,Portuguese and/or Spanish colonial contacts [12],,noun,,,,
Dutch-3-84-1,5648,Dutch,3-84,worm,worm,ʋ ɔ r m,,12,false,^worm$,Dutch,72181920358535876,,,5. no evidence for borrowing,0.0,,,,unanalyzable,,1.0,EWB 1997,,,1100,1.0,,,,,,,noun,,,,
Dutch-3-85-1,5649,Dutch,3-85,slang,slang,s l ɑ ŋ,,12,false,^slang$,Dutch,72181920447551599,,,5. no evidence for borrowing,0.0,,,,unanalyzable,,1.0,EWB 1997,,,0901-1000,1.0,,,,,,,noun,,,,
Dutch-3-91-1,5662,Dutch,3-91,glimworm,glimworm,x l ɪ m ʋ ɔ r m,,12,false,^glimworm$,Dutch,72181920587264089,,,5. no evidence for borrowing,0.0,,,,analyzable compound,glim-worm [glow-worm],0.5,WNT,,,1788,0.9,,,,,,,noun,,,,
Dutch-3-92-1,5665,Dutch,3-92,vlinder,vlinder,v l ɪ n d ə r,,12,false,^vlinder$,Dutch,72181920393137868,,,5. no evidence for borrowing,0.0,,,,unanalyzable,,1.0,EWB 1997,,,1567,0.9,,,,,,,noun,,,,
Dutch-3-93-1,5666,Dutch,3-93,sprinkhaan,sprinkhaan,s p r ɪ ŋ k h aː n,,12,false,^sprinkhaan$,Dutch,72181920495200298,,,5. no evidence for borrowing,0.0,,,,semi-analyzable,sprink-haan [?-rooster],0.75,EWB 1997,,,1301-1400,1.0,,,,,,,noun,,,,
Dutch-3-94-1,5667,Dutch,3-94,slak,slak,s l ɑ k,,12,false,^slak$,Dutch,72181920120280232,,,5. no evidence for borrowing,0.0,,,,unanalyzable,,1.0,EWB 1997,,,1240,1.0,,,,,,,noun,,,,
Dutch-3-95-1,5668,Dutch,3-95,kikker,kikker,k ɪ k ə r,,12,false,^kikker$,Dutch,72181920603947323,,,5. no evidence for borrowing,0.0,,,,unanalyzable,,1.0,EWB 1997,,,1623,0.9,,,,,,,noun,,,,
Dutch-3-96-1,5669,Dutch,3-96,hagedis,hagedis,h aː ɣ ə d ɪ s,,12,false,^hagedis$,Dutch,72181920547751850,,,5. no evidence for borrowing,0.0,,,,unanalyzable,,1.0,EWB 1997,,,1301-1400,1.0,,,,,,,noun,,,,
Dutch-3-97-1,5670,Dutch,3-97,alligator,alligator,ɑ l iː ɣ aː t ɔ r,,12,true,^alligator$,Dutch,72181920671403009,,,1. clearly borrowed,1.0,,,,unanalyzable,,1.0,"Van der Sijs, Leenwoordenboek 2005; EWB 1997",,,1734,0.9,1. Highly integrated,present only since contact,Insertion,,English colonial contacts [12],,noun,,,,
Dutch-3-97-2,5671,Dutch,3-97,krokodil,krokodil,k r oː k oː d ɪ l,,12,true,^krokodil$,Dutch,72181920426376493,,,1. clearly borrowed,1.0,,,,unanalyzable,,1.0,"Van der Sijs, Leenwoordenboek 2005; EWB 1997",,,1521,0.9,1. Highly integrated,present only since contact,Insertion,,French cultural influence [12],,noun,,,,
Dutch-3-98-1,5672,Dutch,3-98,schildpad,schildpad,s x ɪ l t p ɑ t,,12,false,^schildpad$,Dutch,72181920736631139,,,5. no evidence for borrowing,0.0,,,,analyzable compound,schild-pad [shield-toad],0.5,WNT,,,1611-1620,0.9,,,,,,,noun,,,,
Dutch-4-11-1,5674,Dutch,4-11,lichaam,lichaam,l ɪ x aː m,,12,false,^lichaam$,Dutch,72181920654563118,,,5. no evidence for borrowing,0.0,,,,unanalyzable,,1.0,EWB 1997,,,1100,1.0,,,,,,,noun,,,,
Dutch-4-12-1,5675,Dutch,4-12,huid,huid,h œy t,,12,false,^huid$,Dutch,72181920806582289,,,5. no evidence for borrowing,0.0,,,,unanalyzable,,1.0,EWB 1997,,,1100,1.0,,,,,,,noun,,,,
Dutch-4-13-1,5676,Dutch,4-13,vlees,vlees,v l eː s,,12,false,^vlees$,Dutch,72181920111759269,,,5. no evidence for borrowing,0.0,,,,unanalyzable,,1.0,EWB 1997,,,0901-1000,1.0,,,,,,,noun,,,,
Dutch-4-14-1,5677,Dutch,4-14,haar,haar,h aː r,,12,false,^haar$,Dutch,72181920421404347,,,5. no evidence for borrowing,0.0,,,,unanalyzable,,1.0,EWB 1997,,,1100,1.0,,,,,,,noun,,,,
Dutch-4-142-1,5678,Dutch,4-142,baard,baard,b aː r t,,12,false,^baard$,Dutch,72181920990878996,,,5. no evidence for borrowing,0.0,,,,unanalyzable,,1.0,EWB 1997,,,1240,1.0,,,,,,,noun,,,,
Dutch-4-144-1,5679,Dutch,4-144,lichaamshaar,lichaamshaar,l ɪ x aː m s h aː r,,12,false,^lichaamshaar$,Dutch,72181920996910026,,,5. no evidence for borrowing,0.0,,,,analyzable compound,lichaam-s-haar [body-GEN-hair],0.5,WNT,,,1901-2000,0.7,,,,,,,noun,,,,
Dutch-4-145-1,5680,Dutch,4-145,schaamhaar,schaamhaar,s x aː m h aː r,,12,false,^schaamhaar$,Dutch,72181920342765370,,,5. no evidence for borrowing,0.0,,,,analyzable compound,schaam-haar [shame-hair],0.5,WNT,,,1962,0.6,,,,,,,noun,,,,
Dutch-4-146-1,5681,Dutch,4-146,roos,roos,r oː s,,12,true,^roos$,Dutch,72181920455612983,,,1. clearly borrowed,1.0,"This particular meaning is not loaned, but an extension in Dutch from the loaned flower name rose.",,,unanalyzable,,1.0,"Van der Sijs, Leenwoordenboek 2005; EWB 1997",,,1240,1.0,1. Highly integrated,present in pre-contact environment,,,French cultural influence [12],,noun,,,,
Dutch-4-15-1,5682,Dutch,4-15,bloed,bloed,b l uː t,,12,false,^bloed$,Dutch,72181920846997057,,,5. no evidence for borrowing,0.0,,,,unanalyzable,,1.0,EWB 1997,,,0901-1000,1.0,,,,,,,noun,,,,
Dutch-4-151-1,5683,Dutch,4-151,bloedvat,bloedvat,b l uː t f ɑ t,,12,false,^bloedvat$,Dutch,72181920843880999,,,5. no evidence for borrowing,0.0,,,,analyzable compound,bloed-vat [blood-vessel],0.5,WNT,,,1769-1811,0.9,,,,,,,noun,,,,
Dutch-4-151-2,5684,Dutch,4-151,ader,ader,aː d ə r,,12,false,^ader$,Dutch,72181920970411946,,,5. no evidence for borrowing,0.0,,,,unanalyzable,,1.0,EWB 1997,,,1236,1.0,,,,,,,noun,,,,
Dutch-4-16-1,5685,Dutch,4-16,bot (1),bot,b ɔ t,,12,false,^bot$,Dutch,72181920652516787,,,5. no evidence for borrowing,0.0,,,,unanalyzable,,1.0,EWB 1997,,,1477,1.0,,,,,,,noun,,,,
Dutch-4-162-1,5686,Dutch,4-162,rib,rib,r ɪ p,,12,false,^rib$,Dutch,72181920857646308,,,5. no evidence for borrowing,0.0,,,,unanalyzable,,1.0,EWB 1997,,,1240,1.0,,,,,,,noun,,,,
Dutch-4-17-1,5687,Dutch,4-17,hoorn (1),hoorn,h oː r n,,12,false,^hoorn$,Dutch,72181920884821301,,,5. no evidence for borrowing,0.0,,,,unanalyzable,,1.0,EWB 1997,,,0901-1000,1.0,,,,,,,noun,,,,
Dutch-4-18-1,5688,Dutch,4-18,staart,staart,s t aː r t,,12,false,^staart$,Dutch,72181920742683775,,,5. no evidence for borrowing,0.0,,,,unanalyzable,,1.0,EWB 1997,,,1197,1.0,,,,,,,noun,,,,
Dutch-4-19-1,5689,Dutch,4-19,rug,rug,r ʏ x,,12,false,^rug$,Dutch,72181920796088526,,,5. no evidence for borrowing,0.0,,,,unanalyzable,,1.0,EWB 1997,,,0901-1000,1.0,,,,,,,noun,,,,
Dutch-4-191-1,5690,Dutch,4-191,ruggengraat,ruggengraat,r ʏ ɣ ə x r aː t,,12,false,^ruggengraat$,Dutch,72181920269029947,,,5. no evidence for borrowing,0.0,,,,analyzable compound,rugg-en-graat [back-CONN-bone],0.5,EWB 1997,,,1573,0.9,1. Highly integrated,present in pre-contact environment,Replacement,,Medical and scientific Latin influence [12],4. Clearly calqued,noun,,,,
Dutch-4-2-1,5691,Dutch,4-2,hoofd,hoofd,h oː f t,,12,false,^hoofd$,Dutch,72181920568140934,,,5. no evidence for borrowing,0.0,,,,unanalyzable,,1.0,EWB 1997,,,0901-1000,1.0,,,,,,,noun,,,,
Dutch-4-201-1,5692,Dutch,4-201,slaap,slaap,s l aː p,,12,false,^slaap$,Dutch,72181920672243676,,,5. no evidence for borrowing,0.0,,,,unanalyzable,,1.0,EWB 1997,,,1240,1.0,,,,,,,noun,,,,
Dutch-4-202-1,5693,Dutch,4-202,schedel,schedel,s x eː d ə l,,12,false,^schedel$,Dutch,72181920746286601,,,5. no evidence for borrowing,0.0,,,,unanalyzable,,1.0,EWB 1997,,,0901-1000,1.0,,,,,,,noun,,,,
Dutch-4-203-1,5694,Dutch,4-203,hersenen,hersenen,h ɛ r s ə n ə,,12,false,^hersenen$,Dutch,7218192029885496,,,5. no evidence for borrowing,0.0,,,,unanalyzable,,1.0,EWB 1997,,,1240,1.0,,,,,,,noun,,,,
Dutch-4-204-1,5695,Dutch,4-204,gezicht,gezicht,x ə z ɪ x t,,12,false,^gezicht$,Dutch,72181920595020077,,,5. no evidence for borrowing,0.0,,,,unanalyzable,,1.0,EWB 1997,,,1619,0.9,,,,,,,noun,,,,
Dutch-4-205-1,5696,Dutch,4-205,voorhoofd,voorhoofd,v oː r h oː f t,,12,false,^voorhoofd$,Dutch,72181920841864613,,,5. no evidence for borrowing,0.0,,,,analyzable compound,voor-hoofd [fore-head],0.5,WNT,,,1240,1.0,,,,,,,noun,,,,
Dutch-4-207-1,5697,Dutch,4-207,kaak,kaak,k aː k,,12,false,^kaak$,Dutch,72181920561564110,,,5. no evidence for borrowing,0.0,,,,unanalyzable,,1.0,EWB 1997,,,1285,1.0,,,,,,,noun,,,,
Dutch-4-208-1,5698,Dutch,4-208,wang,wang,ʋ ɑ ŋ,,12,false,^wang$,Dutch,72181920907173293,,,5. no evidence for borrowing,0.0,,,,unanalyzable,,1.0,EWB 1997,,,1240,1.0,,,,,,,noun,,,,
Dutch-4-209-1,5699,Dutch,4-209,kin,kin,k ɪ n,,12,false,^kin$,Dutch,72181920412854261,,,5. no evidence for borrowing,0.0,,,,unanalyzable,,1.0,EWB 1997,,,1201-1225,1.0,,,,,,,noun,,,,
Dutch-4-21-1,5700,Dutch,4-21,oog,oog,oː x,,12,false,^oog$,Dutch,7218192076580557,,,5. no evidence for borrowing,0.0,,,,unanalyzable,,1.0,EWB 1997,,,0901-1000,1.0,,,,,,,noun,,,,
Dutch-4-212-1,5701,Dutch,4-212,wenkbrauw,wenkbrauw,ʋ ɛ ŋ g b r ɑu ʋ,,12,false,^wenkbrauw$,Dutch,72181920276513858,,,5. no evidence for borrowing,0.0,,,,unanalyzable,,1.0,EWB 1997,,,1625,0.9,,,,,,,noun,,,,
Dutch-4-213-1,5702,Dutch,4-213,ooglid,ooglid,oː ɣ l ɪ t,,12,false,^ooglid$,Dutch,72181920630426505,,,5. no evidence for borrowing,0.0,,,,analyzable compound,oog-lid [eye-lid],0.5,EWB 1997,,,1287,1.0,,,,,,,noun,,,,
Dutch-4-214-1,5703,Dutch,4-214,ooghaar,ooghaar,oː x h aː r,,12,false,^ooghaar$,Dutch,72181920752207687,,,5. no evidence for borrowing,0.0,,,,analyzable compound,oog-haar [eye-hair],0.5,WNT,,,1769-1811,0.9,,,,,,,noun,,,,
Dutch-4-215-1,5704,Dutch,4-215,knipperen,knipperen,k n ɪ p ə r ə,,12,false,^knipperen$,Dutch,72181920383192859,,,5. no evidence for borrowing,0.0,,,,analyzable derived,knipp-eren [cut-FREQ],0.5,WNT,,,1917,0.7,,,,,,,verb,,,,
Dutch-4-22-1,5705,Dutch,4-22,oor,oor,oː r,,12,false,^oor$,Dutch,72181920104784416,,,5. no evidence for borrowing,0.0,,,,unanalyzable,,1.0,EWB 1997,,,0701-800,1.0,,,,,,,noun,,,,
Dutch-4-221-1,5706,Dutch,4-221,oorlel,oorlel,oː r l ɛ l,,12,false,^oorlel$,Dutch,72181920194199311,,,5. no evidence for borrowing,0.0,,,,analyzable compound,oor-lel [ear-lobe],0.5,WNT,,,1601-1650,0.9,,,,,,,noun,,,,
Dutch-4-222-1,5707,Dutch,4-222,oorsmeer,oorsmeer,oː r s m eː r,,12,false,^oorsmeer$,Dutch,72181920537546581,,,5. no evidence for borrowing,0.0,,,,analyzable compound,oor-smeer [ear-wax],0.5,WNT,,,1351,1.0,,,,,,,noun,,,,
Dutch-4-23-1,5708,Dutch,4-23,neus,neus,n øː s,,12,false,^neus$,Dutch,72181920695720226,,,5. no evidence for borrowing,0.0,,,,unanalyzable,,1.0,EWB 1997,,,1236,1.0,,,,,,,noun,,,,
Dutch-4-231-1,5709,Dutch,4-231,neusvleugel,neusvleugel,n øː s f l øː ɣ ə l,,12,false,^neusvleugel$,Dutch,72181920375646326,,,5. no evidence for borrowing,0.0,,,,analyzable compound,neus-vleugel [nose-wing],0.5,WNT,,,1830-1835,0.8,,,,,,,noun,,,,
Dutch-4-232-1,5710,Dutch,4-232,snot,snot,s n ɔ t,,12,false,^snot$,Dutch,72181920185648641,,,5. no evidence for borrowing,0.0,,,,unanalyzable,,1.0,EWB 1997,,,1351,1.0,,,,,,,noun,,,,
Dutch-4-24-1,5711,Dutch,4-24,mond,mond,m ɔ n t,,12,false,^mond$,Dutch,72181920217750320,,,5. no evidence for borrowing,0.0,,,,unanalyzable,,1.0,EWB 1997,,,0698-699,1.0,,,,,,,noun,,,,
Dutch-4-241-1,5712,Dutch,4-241,bek,bek,b ɛ k,,12,true,^bek$,Dutch,72181920226809692,,,1. clearly borrowed,1.0,,,,unanalyzable,,1.0,"Van der Sijs, Leenwoordenboek 2005; EWB 1997",,,1240,1.0,1. Highly integrated,present in pre-contact environment,,,French cultural influence [12],,noun,,,,
Dutch-4-25-1,5713,Dutch,4-25,lip,lip,l ɪ p,,12,false,^lip$,Dutch,72181920903761729,,,5. no evidence for borrowing,0.0,,,,unanalyzable,,1.0,EWB 1997,,,1100,1.0,,,,,,,noun,,,,
Dutch-4-26-1,5714,Dutch,4-26,tong,tong,t ɔ ŋ,,12,false,^tong$,Dutch,72181920131980364,,,5. no evidence for borrowing,0.0,,,,unanalyzable,,1.0,EWB 1997,,,0901-1000,1.0,,,,,,,noun,,,,
Dutch-4-27-1,5715,Dutch,4-27,tand,tand,t ɑ n t,,12,false,^tand$,Dutch,72181920857642626,,,5. no evidence for borrowing,0.0,,,,unanalyzable,,1.0,EWB 1997,,,1220-1240,1.0,,,,,,,noun,,,,
Dutch-4-271-1,5716,Dutch,4-271,tandvlees,tandvlees,t ɑ n t f l eː s,,12,false,^tandvlees$,Dutch,72181920582954315,,,5. no evidence for borrowing,0.0,,,,analyzable compound,tand-vlees [tooth-flesh],0.5,WNT,,,1240,1.0,,,,,,,noun,,,,
Dutch-4-272-1,5717,Dutch,4-272,kies,kies,k iː s,,12,false,^kies$,Dutch,72181920657587067,,,5. no evidence for borrowing,0.0,,,,unanalyzable,,1.0,EWB 1997,,,1440,1.0,,,,,,,noun,,,,
Dutch-4-28-1,5718,Dutch,4-28,hals,hals,h ɑ l s,,12,false,^hals$,Dutch,72181920741952543,,,5. no evidence for borrowing,0.0,,,,unanalyzable,,1.0,EWB 1997,,,1080,1.0,,,,,,,noun,,,,
Dutch-4-281-1,5719,Dutch,4-281,nek,nek,n ɛ k,,12,false,^nek$,Dutch,72181920640919192,,,5. no evidence for borrowing,0.0,,,,unanalyzable,,1.0,EWB 1997,,,1350,1.0,,,,,,,noun,,,,
Dutch-4-29-1,5720,Dutch,4-29,keel,keel,k eː l,,12,false,^keel$,Dutch,72181920170164164,,,5. no evidence for borrowing,0.0,,,,unanalyzable,,1.0,EWB 1997,,,0901-1000,1.0,,,,,,,noun,,,,
Dutch-4-3-1,5721,Dutch,4-3,schouder,schouder,s x ɑu d ə r,,12,false,^schouder$,Dutch,72181920964219534,,,5. no evidence for borrowing,0.0,,,,unanalyzable,,1.0,EWB 1997,,,1220-1240,1.0,,,,,,,noun,,,,
Dutch-4-301-1,5722,Dutch,4-301,schouderblad,schouderblad,s x ɑu d ə r b l ɑ t,,12,false,^schouderblad$,Dutch,72181920339002222,,,5. no evidence for borrowing,0.0,,,,analyzable compound,schouder-blad [shoulder-blade],0.5,WNT,,,1287,1.0,,,,,,,noun,,,,
Dutch-4-302-1,5723,Dutch,4-302,sleutelbeen,sleutelbeen,s l øː t ə l b eː n,,12,false,^sleutelbeen$,Dutch,72181920619168981,,,5. no evidence for borrowing,0.0,,,,analyzable compound,sleutel-been [key-bone],0.5,EWB 1997,,,1645,0.9,1. Highly integrated,present in pre-contact environment,,,Medical and scientific Latin influence [12],4. Clearly calqued,noun,,,,
Dutch-4-31-1,5724,Dutch,4-31,arm (1),arm,ɑ r m,,12,false,^arm$,Dutch,72181920866008556,,,5. no evidence for borrowing,0.0,,,,unanalyzable,,1.0,EWB 1997,,,0901-1000,1.0,,,,,,,noun,,,,
Dutch-4-312-1,5725,Dutch,4-312,oksel,oksel,ɔ k s ə l,,12,false,^oksel$,Dutch,72181920844035157,,,5. no evidence for borrowing,0.0,,,,unanalyzable,,1.0,EWB 1997,,,1240,1.0,,,,,,,noun,,,,
Dutch-4-32-1,5726,Dutch,4-32,elleboog,elleboog,ɛ l ə b oː x,,12,false,^elleboog$,Dutch,72181920642350599,,,5. no evidence for borrowing,0.0,,,,semi-analyzable,elle-boog [?-bow],0.75,EWB 1997,,,1240,1.0,,,,,,,noun,,,,
Dutch-4-321-1,5727,Dutch,4-321,pols,pols,p ɔ l s,,12,true,^pols$,Dutch,7218192045066275,,,1. clearly borrowed,1.0,,,,unanalyzable,,1.0,"Van der Sijs, Leenwoordenboek 2005; EWB 1997",,,1265-1270,1.0,1. Highly integrated,present in pre-contact environment,,,Medical and scientific Latin influence [12],,noun,,,,
Dutch-4-33-1,5728,Dutch,4-33,hand,hand,h ɑ n t,,12,false,^hand$,Dutch,72181920458248357,,,5. no evidence for borrowing,0.0,,,,unanalyzable,,1.0,EWB 1997,,,0701-800,1.0,,,,,,,noun,,,,
Dutch-4-331-1,5729,Dutch,4-331,palm (1),palm,p ɑ l m,,12,true,^palm$,Dutch,7218192059858643,,,1. clearly borrowed,1.0,,,,unanalyzable,,1.0,"Van der Sijs, Leenwoordenboek 2005; EWB 1997",,,1237,1.0,1. Highly integrated,present in pre-contact environment,,,French cultural influence [12],,noun,,,,
Dutch-4-34-1,5730,Dutch,4-34,vinger,vinger,v ɪ ŋ ə r,,12,false,^vinger$,Dutch,72181920420357280,,,5. no evidence for borrowing,0.0,,,,unanalyzable,,1.0,EWB 1997,,,1100,1.0,,,,,,,noun,,,,
Dutch-4-342-1,5731,Dutch,4-342,duim,duim,d œy m,,12,false,^duim$,Dutch,72181920773111957,,,5. no evidence for borrowing,0.0,,,,unanalyzable,,1.0,EWB 1997,,,1240,1.0,,,,,,,noun,,,,
Dutch-4-344-1,5732,Dutch,4-344,nagel (2),nagel,n aː ɣ ə l,,12,false,^nagel$,Dutch,72181920152676656,,,5. no evidence for borrowing,0.0,,,,unanalyzable,,1.0,EWB 1997,,,1287,1.0,,,,,,,noun,,,,
Dutch-4-345-1,5733,Dutch,4-345,klauw,klauw,k l ɑu ʋ,,12,false,^klauw$,Dutch,7218192045219460,,,5. no evidence for borrowing,0.0,,,,unanalyzable,,1.0,EWB 1997,,,0901-1000,1.0,,,,,,,noun,,,,
Dutch-4-35-1,5734,Dutch,4-35,been,been,b eː n,,12,false,^been$,Dutch,72181920289474127,,,5. no evidence for borrowing,0.0,,,,unanalyzable,,1.0,EWB 1997,,,1100,1.0,,,,,,,noun,,,,
Dutch-4-351-1,5735,Dutch,4-351,dij,dij,d ɛi,,12,false,^dij$,Dutch,72181920141941513,,,5. no evidence for borrowing,0.0,,,,unanalyzable,,1.0,EWB 1997,,,0901-1000,1.0,,,,,,,noun,,,,
Dutch-4-352-1,5736,Dutch,4-352,kuit,kuit,k œy t,,12,false,^kuit$,Dutch,72181920677262508,,,5. no evidence for borrowing,0.0,,,,unanalyzable,,1.0,EWB 1997,,,1494,1.0,,,,,,,noun,,,,
Dutch-4-36-1,5737,Dutch,4-36,knie,knie,k n iː,,12,false,^knie$,Dutch,72181920819924491,,,5. no evidence for borrowing,0.0,,,,unanalyzable,,1.0,EWB 1997,,,1156,1.0,,,,,,,noun,,,,
Dutch-4-37-1,5738,Dutch,4-37,voet,voet,v uː t,,12,false,^voet$,Dutch,72181920236551040,,,5. no evidence for borrowing,0.0,,,,unanalyzable,,1.0,EWB 1997,,,0901-1000,1.0,,,,,,,noun,,,,
Dutch-4-371-1,5739,Dutch,4-371,enkel,enkel,ɛ ŋ k ə l,,12,false,^enkel$,Dutch,72181920318698154,,,5. no evidence for borrowing,0.0,,,,unanalyzable,,1.0,EWB 1997,,,1351-1400,1.0,,,,,,,noun,,,,
Dutch-4-372-1,5740,Dutch,4-372,hiel,hiel,h iː l,,12,false,^hiel$,Dutch,72181920246398988,,,5. no evidence for borrowing,0.0,,,,unanalyzable,,1.0,EWB 1997,,,1285,1.0,,,,,,,noun,,,,
Dutch-4-374-1,5741,Dutch,4-374,voetafdruk,voetafdruk,v uː t ɑ v d r ʏ k,,12,false,^voetafdruk$,Dutch,72181920990584325,,,5. no evidence for borrowing,0.0,,,,analyzable compound,voet-af-druk [foot-off-print],0.5,WNT,,,1889,0.8,,,,,,,noun,,,,
Dutch-4-38-1,5742,Dutch,4-38,teen,teen,t eː n,,12,false,^teen$,Dutch,72181920881356703,,,5. no evidence for borrowing,0.0,,,,unanalyzable,,1.0,EWB 1997,,,1265-1270,1.0,,,,,,,noun,,,,
Dutch-4-392-1,5743,Dutch,4-392,vleugel,vleugel,v l øː ɣ ə l,,12,false,^vleugel$,Dutch,72181920932403781,,,5. no evidence for borrowing,0.0,,,,unanalyzable,,1.0,EWB 1997,,,1240,1.0,,,,,,,noun,,,,
Dutch-4-393-1,5744,Dutch,4-393,veer,veer,v eː r,,12,false,^veer$,Dutch,72181920978723487,,,5. no evidence for borrowing,0.0,,,,unanalyzable,,1.0,EWB 1997,,,0901-1000,1.0,,,,,,,noun,,,,
Dutch-4-4-1,5745,Dutch,4-4,borst,borst,b ɔ r s t,,12,false,^borst$,Dutch,72181920136027757,,,5. no evidence for borrowing,0.0,,,,unanalyzable,,1.0,EWB 1997,,,0701-800,1.0,,,,,,,noun,,,,
Dutch-4-41-1,5746,Dutch,4-41,borst,borst,b ɔ r s t,,12,false,^borst$,Dutch,72181920136027757,,,5. no evidence for borrowing,0.0,,,,unanalyzable,,1.0,EWB 1997,,,0701-800,1.0,,,,,,,noun,,,,
Dutch-4-412-1,5747,Dutch,4-412,tepel,tepel,t eː p ə l,,12,false,^tepel$,Dutch,72181920405792853,,,5. no evidence for borrowing,0.0,,,,unanalyzable,,1.0,EWB 1997,,,1477,1.0,,,,,,,noun,,,,
Dutch-4-42-1,5748,Dutch,4-42,uier,uier,œy j ə r,,12,false,^uier$,Dutch,72181920300768264,,,5. no evidence for borrowing,0.0,,,,unanalyzable,,1.0,EWB 1997,,,1434-1436,1.0,,,,,,,noun,,,,
Dutch-4-43-1,5749,Dutch,4-43,navel,navel,n aː v ə l,,12,false,^navel$,Dutch,7218192077325871,,,5. no evidence for borrowing,0.0,,,,unanalyzable,,1.0,EWB 1997,,,1240,1.0,,,,,,,noun,,,,
Dutch-4-44-1,5751,Dutch,4-44,hart,hart,h ɑ r t,,12,false,^hart$,Dutch,72181920943768552,,,5. no evidence for borrowing,0.0,,,,unanalyzable,,1.0,EWB 1997,,,0901-1000,1.0,,,,,,,noun,,,,
Dutch-4-441-1,5752,Dutch,4-441,long,long,l ɔ ŋ,,12,false,^long$,Dutch,72181920122642785,,,5. no evidence for borrowing,0.0,,,,unanalyzable,,1.0,EWB 1997,,,1240,1.0,,,,,,,noun,,,,
Dutch-4-45-1,5753,Dutch,4-45,lever,lever,l eː v ə r,,12,false,^lever$,Dutch,72181920335916783,,,5. no evidence for borrowing,0.0,,,,unanalyzable,,1.0,EWB 1997,,,1240,1.0,,,,,,,noun,,,,
Dutch-4-451-1,5754,Dutch,4-451,nier,nier,n iː r,,12,false,^nier$,Dutch,72181920997794387,,,5. no evidence for borrowing,0.0,,,,unanalyzable,,1.0,EWB 1997,,,1287,1.0,,,,,,,noun,,,,
Dutch-4-452-1,5755,Dutch,4-452,milt,milt,m ɪ l t,,12,false,^milt$,Dutch,72181920856133297,,,5. no evidence for borrowing,0.0,,,,unanalyzable,,1.0,EWB 1997,,,1287,1.0,,,,,,,noun,,,,
Dutch-4-46-1,5756,Dutch,4-46,maag,maag,m aː x,,12,false,^maag$,Dutch,72181920914062479,,,5. no evidence for borrowing,0.0,,,,unanalyzable,,1.0,EWB 1997,,,1240,1.0,,,,,,,noun,,,,
Dutch-4-461-1,5757,Dutch,4-461,ingewanden,ingewanden,ɪ ŋ ɣ ə ʋ ɑ n d ə,,12,false,^ingewanden$,Dutch,72181920243653466,,,5. no evidence for borrowing,0.0,,,,semi-analyzable,in-gewand-en [in-?-PL],0.75,EWB 1997,,,1400,1.0,,,,,,,noun,,,,
Dutch-4-462-1,5758,Dutch,4-462,middel,middel,m ɪ d ə l,,12,false,^middel$,Dutch,72181920882167255,,,5. no evidence for borrowing,0.0,,,,unanalyzable,,1.0,EWB 1997,,,1102-1105,1.0,,,,,,,noun,,,,
Dutch-4-463-1,5759,Dutch,4-463,heup,heup,h øː p,,12,false,^heup$,Dutch,72181920640783395,,,5. no evidence for borrowing,0.0,,,,unanalyzable,,1.0,EWB 1997,,,1240,1.0,,,,,,,noun,,,,
Dutch-4-464-1,5760,Dutch,4-464,billen,billen,b ɪ l ə,,12,false,^billen$,Dutch,72181920499416489,,,5. no evidence for borrowing,0.0,,,,unanalyzable,,1.0,EWB 1997,,,1240,1.0,,,,,,,noun,,,,
Dutch-4-47-1,5762,Dutch,4-47,baarmoeder,baarmoeder,b aː r m uː d ə r,,12,false,^baarmoeder$,Dutch,72181920779093347,,,5. no evidence for borrowing,0.0,,,,analyzable compound,[bear-mother],0.5,EWB 1997,,,1542,0.9,1. Highly integrated,present in pre-contact environment,Replacement,,Medical and scientific Latin influence [12],4. Clearly calqued,noun,,,,
Dutch-4-49-1,5763,Dutch,4-49,ballen,ballen,b ɑ l ə,,12,false,^ballen$,Dutch,7218192073979461,,,5. no evidence for borrowing,0.0,,,,unanalyzable,,1.0,WNT,,,1802,0.8,,,,,,,noun,,,,
Dutch-4-49-2,5764,Dutch,4-49,testikels,testikels,t ɛ s t iː k ə l s,,12,true,^testikels$,Dutch,72181920205849889,,,1. clearly borrowed,1.0,,,,unanalyzable,,1.0,"Van der Sijs, Leenwoordenboek 2005; EWB 1997",,,1595,0.9,1. Highly integrated,present in pre-contact environment,Coexistence,Formal,Medical and scientific Latin influence [12],,noun,,,,
Dutch-4-492-1,5765,Dutch,4-492,penis,penis,p eː n ə s,,12,true,^penis$,Dutch,7218192090837936,,,1. clearly borrowed,1.0,,,,unanalyzable,,1.0,"Van der Sijs, Leenwoordenboek 2005; EWB 1997",,,1595,0.9,1. Highly integrated,present in pre-contact environment,Replacement,Formal,Medical and scientific Latin influence [12],,noun,,,,
Dutch-4-51-1,5770,Dutch,4-51,ademen,ademen,aː d ə m ə,,12,false,^ademen$,Dutch,7218192027155030,,,5. no evidence for borrowing,0.0,,,,analyzable derived,adem-en [breath-INF],0.5,WNT,,,1240,1.0,,,,,,,verb,,,,
Dutch-4-52-1,5771,Dutch,4-52,geeuwen,geeuwen,x eː ʋ ə,,12,false,^geeuwen$,Dutch,72181920279732448,,,5. no evidence for borrowing,0.0,,,,analyzable derived,geeuw-en [yawn-INF],0.5,EWB 1997,,,1240,1.0,,,,,,,verb,,,,
Dutch-4-521-1,5772,Dutch,4-521,hikken,hikken,h ɪ k ə,,12,false,^hikken$,Dutch,72181920687672159,,,5. no evidence for borrowing,0.0,,,,analyzable derived,hikk-en [hiccup-INF],0.5,EWB 1997,,,1573,0.9,,,,,,,verb,,,,
Dutch-4-53-1,5773,Dutch,4-53,hoesten,hoesten,h uː s t ə,,12,false,^hoesten$,Dutch,72181920650747536,,,5. no evidence for borrowing,0.0,,,,analyzable derived,hoest-en [cough-INF],0.5,WNT,,,1290,1.0,,,,,,,verb,,,,
Dutch-4-54-1,5774,Dutch,4-54,niezen,niezen,n iː z ə,,12,false,^niezen$,Dutch,72181920636217892,,,5. no evidence for borrowing,0.0,,,,analyzable derived,niez-en [sneeze-INF],0.5,EWB 1997,,,1240,1.0,,,,,,,verb,,,,
Dutch-4-55-1,5775,Dutch,4-55,zweten,zweten,z ʋ eː t ə,,12,false,^zweten$,Dutch,72181920289797923,,,5. no evidence for borrowing,0.0,,,,analyzable derived,zwet-en [sweat-INF],0.5,EWB 1997,,,1240,1.0,,,,,,,verb,,,,
Dutch-4-56-1,5776,Dutch,4-56,spugen,spugen,s p yː ɣ ə,,12,false,^spugen$,Dutch,72181920322057702,,,5. no evidence for borrowing,0.0,,,,analyzable derived,spug-en [spit-INF],0.5,EWB 1997,,,1657,0.9,,,,,,,verb,,,,
Dutch-4-57-1,5777,Dutch,4-57,braken,braken,b r aː k ə,,12,false,^braken$,Dutch,72181920652079230,,,5. no evidence for borrowing,0.0,,,,semi-analyzable,brak-en [?-INF],0.75,EWB 1997,,,1546,0.9,,,,,,,verb,,,,
Dutch-4-58-1,5778,Dutch,4-58,bijten,bijten,b ɛi t ə,,12,false,^bijten$,Dutch,72181920631980078,,,5. no evidence for borrowing,0.0,,,,analyzable derived,bijt-en [bite-INF],0.5,EWB 1997,,,1240,1.0,,,,,,,verb,,,,
Dutch-4-59-1,5779,Dutch,4-59,likken,likken,l ɪ k ə,,12,false,^likken$,Dutch,72181920255270716,,,5. no evidence for borrowing,0.0,,,,analyzable derived,likk-en [lick-INF],0.5,EWB 1997,,,0901-1000,1.0,,,,,,,verb,,,,
Dutch-4-591-1,5780,Dutch,4-591,kwijlen,kwijlen,k ʋ ɛi l ə,,12,false,^kwijlen$,Dutch,72181920528422462,,,5. no evidence for borrowing,0.0,,,,analyzable derived,kwijl-en [drivel-INF],0.5,WNT,,,1599,0.9,,,,,,,verb,,,,
Dutch-4-61-1,5781,Dutch,4-61,slapen,slapen,s l aː p ə,,12,false,^slapen$,Dutch,72181920677404302,,,5. no evidence for borrowing,0.0,,,,analyzable derived,slap-en [sleep-INF],0.5,EWB 1997,,,0901-1000,1.0,,,,,,,verb,,,,
Dutch-4-612-1,5782,Dutch,4-612,snurken,snurken,s n ʏ r k ə,,12,false,^snurken$,Dutch,72181920875285989,,,5. no evidence for borrowing,0.0,,,,analyzable derived,snurk-en [snore-INF],0.5,EWB 1997,,,1573,0.9,,,,,,,verb,,,,
Dutch-4-62-1,5783,Dutch,4-62,dromen,dromen,d r oː m ə,,12,false,^dromen$,Dutch,72181920758802053,,,5. no evidence for borrowing,0.0,,,,analyzable derived,drom-en [dream-INF],0.5,EWB 1997,,,1240,1.0,,,,,,,verb,,,,
Dutch-4-63-1,5784,Dutch,4-63,wekken,wekken,ʋ ɛ k ə,,12,false,^wekken$,Dutch,72181920847543350,,,5. no evidence for borrowing,0.0,,,,analyzable derived,wekk-en [CAUS-wake-INF],0.5,EWB 1997,,,1100,1.0,,,,,,,verb,,,,
Dutch-4-64-1,5785,Dutch,4-64,een scheet laten,een_scheet_laten,eː n + s x eː t + l aː t ə,,12,false,^een_scheet_laten$,Dutch,72181920435769275,,,5. no evidence for borrowing,0.0,,,,analyzable phrasal,[fart let (go)],0.5,WNT,,,1440,1.0,,,,,,,verb,,,,
Dutch-4-65-1,5786,Dutch,4-65,pissen,pissen,p ɪ s ə,,12,true,^pissen$,Dutch,72181920196529800,,,1. clearly borrowed,1.0,,,,analyzable derived,piss-en [piss-INF],0.5,"Van der Sijs, Leenwoordenboek 2005; EWB 1997",,,1240,1.0,1. Highly integrated,present in pre-contact environment,Coexistence,,French cultural influence [12],,verb,,,,
Dutch-4-65-2,5787,Dutch,4-65,plassen,plassen,p l ɑ s ə,,12,false,^plassen$,Dutch,72181920384426329,,,5. no evidence for borrowing,0.0,,,,analyzable derived,plass-en [piss-INF],0.5,WNT,,,1950,0.6,,,,,,,verb,,,,
Dutch-4-66-1,5788,Dutch,4-66,poepen,poepen,p uː p ə,,12,false,^poepen$,Dutch,72181920128686059,,,5. no evidence for borrowing,0.0,,,,analyzable derived,poep-en [shit-INF],0.5,EWB 1997,,,1889,0.8,,,,,,,verb,,,,
Dutch-4-66-2,5789,Dutch,4-66,schijten,schijten,s x ɛi t ə,,12,false,^schijten$,Dutch,72181920264070754,,,5. no evidence for borrowing,0.0,,,,analyzable derived,schijt-en [shit-INF],0.5,EWB 1997,,,1360,1.0,,,,,,,verb,,,,
Dutch-4-67-1,5790,Dutch,4-67,seks hebben,seks_hebben,s ɛ k s + h ɛ b ə,,12,true,^seks_hebben$,Dutch,72181920130418225,,,1. clearly borrowed,1.0,have is translated into the Dutch equivalent,,,analyzable phrasal,[sex have],0.5,WNT,,,1951-2000,0.6,1. Highly integrated,present in pre-contact environment,Coexistence,,English/American world-wide influence [12],,verb,,,,
Dutch-4-68-1,5791,Dutch,4-68,rillen,rillen,r ɪ l ə,,12,false,^rillen$,Dutch,72181920561924649,,,5. no evidence for borrowing,0.0,,,,analyzable derived,rill-en [shiver-INF],0.5,EWB 1997,,,1678,0.9,,,,,,,verb,,,,
Dutch-4-69-1,5792,Dutch,4-69,baden,baden,b aː d ə,,12,false,^baden$,Dutch,72181920859637016,,,5. no evidence for borrowing,0.0,,,,analyzable derived,bad-en [bath-INF],0.5,WNT,,,1240,1.0,,,,,,,verb,,,,
Dutch-4-71-1,5793,Dutch,4-71,verwekken,verwekken,v ə r ʋ ɛ k ə,,12,false,^verwekken$,Dutch,72181920579521305,,,5. no evidence for borrowing,0.0,,,,analyzable derived,ver-wekk-en [TR-wake-INF],0.5,WNT,,,1285,1.0,,,,,,,verb,,,,
Dutch-4-72-1,5794,Dutch,4-72,geboren worden,geboren_worden,x ə b oː r ə + ʋ ɔ r d ə,,12,false,^geboren_worden$,Dutch,72181920718890928,,,5. no evidence for borrowing,0.0,,,,analyzable phrasal,[born become],0.5,WNT,,,1201-1300,1.0,,,,,,,verb,,,,
Dutch-4-73-1,5795,Dutch,4-73,zwanger,zwanger,z ʋ ɑ ŋ ə r,,12,false,^zwanger$,Dutch,7218192094515754,,,5. no evidence for borrowing,0.0,,,,unanalyzable,,1.0,EWB 1997,,,1542,0.9,,,,,,,adjective,,,,
Dutch-4-732-1,5796,Dutch,4-732,zwanger worden,zwanger_worden,z ʋ ɑ ŋ ə r + ʋ ɔ r d ə,,12,false,^zwanger_worden$,Dutch,72181920717080853,,,5. no evidence for borrowing,0.0,,,,analyzable phrasal,[pregnant-become],0.5,WNT,,,1542,0.9,,,,,,,verb,,,,
Dutch-4-74-1,5797,Dutch,4-74,leven (1),leven,l eː v ə,,12,false,^leven$,Dutch,72181920861507938,,,5. no evidence for borrowing,0.0,,,,analyzable derived,lev-en [live-INF],0.5,EWB 1997,,,0901-1000,1.0,,,,,,,verb,,,,
Dutch-4-75-1,5799,Dutch,4-75,sterven,sterven,s t ɛ r v ə,,12,false,^sterven$,Dutch,72181920272105494,,,5. no evidence for borrowing,0.0,,,,semi-analyzable,sterv-en [?-INF],0.75,EWB 1997,,,1100,1.0,,,,,,,verb,,,,
Dutch-4-751-1,5801,Dutch,4-751,verdrinken,verdrinken,v ə r d r ɪ ŋ k ə,,12,false,^verdrinken$,Dutch,72181920166355561,,,5. no evidence for borrowing,0.0,,,,analyzable derived,ver-drink-en [INTR-drink-INF],0.5,WNT,,,1240,1.0,,,,,,,verb,,,,
Dutch-4-76-1,5802,Dutch,4-76,doden,doden,d oː d ə,,12,false,^doden$,Dutch,72181920132842482,,,5. no evidence for borrowing,0.0,,,,analyzable derived,dod-en [dead-INF],0.5,EWB 1997,,,1240,1.0,,,,,,,verb,,,,
Dutch-4-77-1,5803,Dutch,4-77,lijk,lijk,l ɛi k,,12,false,^lijk$,Dutch,72181920810456582,,,5. no evidence for borrowing,0.0,,,,unanalyzable,,1.0,EWB 1997,,,1240,1.0,,,,,,,noun,,,,
Dutch-4-78-1,5805,Dutch,4-78,begraven,begraven,b ə ɣ r aː v ə,,12,false,^begraven$,Dutch,72181920271059954,,,5. no evidence for borrowing,0.0,,,,analyzable derived,be-grav-en [TR-grave-INF],0.5,WNT,,,1240,1.0,,,,,,,verb,,,,
Dutch-4-79-1,5806,Dutch,4-79,graf,graf,x r ɑ f,,12,false,^graf$,Dutch,72181920880019231,,,5. no evidence for borrowing,0.0,,,,unanalyzable,,1.0,EWB 1997,,,0901-1000,1.0,,,,,,,noun,,,,
Dutch-4-81-1,5807,Dutch,4-81,sterk,sterk,s t ɛ r k,,12,false,^sterk$,Dutch,72181920669651655,,,5. no evidence for borrowing,0.0,,,,unanalyzable,,1.0,EWB 1997,,,0901-1000,1.0,,,,,,,adjective,,,,
Dutch-4-82-1,5808,Dutch,4-82,zwak,zwak,z ʋ ɑ k,,12,false,^zwak$,Dutch,72181920960509680,,,5. no evidence for borrowing,0.0,,,,unanalyzable,,1.0,EWB 1997,,,1451-1500,1.0,,,,,,,adjective,,,,
Dutch-4-83-1,5809,Dutch,4-83,gezond,gezond,x ə z ɔ n t,,12,false,^gezond$,Dutch,72181920238366386,,,5. no evidence for borrowing,0.0,,,,unanalyzable,,1.0,EWB 1997,,,0901-1000,1.0,,,,,,,adjective,,,,
Dutch-4-84-1,5810,Dutch,4-84,ziek,ziek,z iː k,,12,false,^ziek$,Dutch,72181920815653331,,,5. no evidence for borrowing,0.0,,,,unanalyzable,,1.0,EWB 1997,,,1236,1.0,,,,,,,adjective,,,,
Dutch-4-841-1,5811,Dutch,4-841,koorts,koorts,k oː r t s,,12,false,^koorts$,Dutch,72181920861427595,,,5. no evidence for borrowing,0.0,,,,unanalyzable,,1.0,EWB 1997,,,1285,1.0,,,,,,,noun,,,,
Dutch-4-842-1,5812,Dutch,4-842,krop,krop,k r ɔ p,,12,false,^krop$,Dutch,72181920704690290,,,5. no evidence for borrowing,0.0,,,,unanalyzable,,1.0,EWB 1997,,,1617,0.9,,,,,,,noun,,,,
Dutch-4-843-1,5813,Dutch,4-843,verkoudheid,verkoudheid,v ə r k ɑu t h ɛi t,,12,false,^verkoudheid$,Dutch,72181920738031735,,,5. no evidence for borrowing,0.0,,,,analyzable derived,ver-koud-heid [PASS-cold-NMLZ],0.5,WNT,,,1351,1.0,,,,,,,noun,,,,
Dutch-4-85-1,5815,Dutch,4-85,wond,wond,ʋ ɔ n t,,12,false,^wond$,Dutch,72181920562158896,,,5. no evidence for borrowing,0.0,,,,unanalyzable,,1.0,EWB 1997,,,0901-1000,1.0,,,,,,,noun,,,,
Dutch-4-852-1,5816,Dutch,4-852,kneuzing,kneuzing,k n øː z ɪ ŋ,,12,false,^kneuzing$,Dutch,72181920612376453,,,5. no evidence for borrowing,0.0,,,,analyzable derived,kneuz-ing [bruise-NMLZ],0.5,WNT,,,1640,0.9,,,,,,,noun,,,,
Dutch-4-853-1,5817,Dutch,4-853,zwelling,zwelling,z ʋ ɛ l ɪ ŋ,,12,false,^zwelling$,Dutch,72181920392272440,,,5. no evidence for borrowing,0.0,,,,analyzable derived,zwell-ing [swell-NMLZ],0.5,WNT,,,1240,1.0,,,,,,,noun,,,,
Dutch-4-854-1,5818,Dutch,4-854,jeuk,jeuk,j øː k,,12,false,^jeuk$,Dutch,72181920458469364,,,5. no evidence for borrowing,0.0,,,,unanalyzable,,1.0,WNT,,,1240,1.0,,,,,,,noun,,,,
Dutch-4-855-1,5820,Dutch,4-855,blaar,blaar,b l aː r,,12,false,^blaar$,Dutch,72181920853975761,,,5. no evidence for borrowing,0.0,,,,unanalyzable,,1.0,EWB 1997,,,1240,1.0,,,,,,,noun,,,,
Dutch-4-856-1,5821,Dutch,4-856,steenpuist,steenpuist,s t eː m p œy s t,,12,false,^steenpuist$,Dutch,72181920585686220,,,5. no evidence for borrowing,0.0,,,,analyzable compound,steen-puist [stone-pimple],0.5,WNT,,,1546,0.9,,,,,,,noun,,,,
Dutch-4-857-1,5822,Dutch,4-857,pus,pus,p ʏ s,,12,true,^pus$,Dutch,72181920138690212,,,1. clearly borrowed,1.0,,,,unanalyzable,,1.0,"Van der Sijs, Leenwoordenboek 2005; EWB 1997",,,1755,0.9,1. Highly integrated,present in pre-contact environment,Coexistence,,Medical and scientific Latin influence [12],,noun,,,,
Dutch-4-857-2,5823,Dutch,4-857,etter,etter,ɛ t ə r,,12,false,^etter$,Dutch,7420930450400565,,,5. no evidence for borrowing,0.0,,,,unanalyzable,,1.0,EWB 1997,,,1240,1.0,,,,,,,noun,,,,
Dutch-4-858-1,5824,Dutch,4-858,litteken,litteken,l ɪ t eː k ə,,12,false,^litteken$,Dutch,7218192022669249,,,5. no evidence for borrowing,0.0,,,,semi-analyzable,lit-teken [?-sign],0.75,EWB 1997,,,1253,1.0,,,,,,,noun,,,,
Dutch-4-86-1,5825,Dutch,4-86,genezen,genezen,x ə n eː z ə,,12,false,^genezen$,Dutch,72181920947886959,,,5. no evidence for borrowing,0.0,,,,semi-analyzable,genez-en [?-INF],0.75,EWB 1997,,,1200,1.0,,,,,,,verb,,,,
Dutch-4-87-1,5826,Dutch,4-87,arts,arts,ɑ r t s,,12,true,^arts$,Dutch,72181920922360355,,,1. clearly borrowed,1.0,,,,unanalyzable,,1.0,"Van der Sijs, Leenwoordenboek 2005; EWB 1997",,,1586,0.9,1. Highly integrated,present in pre-contact environment,Replacement,,High German influence [12],,noun,,,,
Dutch-4-87-2,5827,Dutch,4-87,dokter,dokter,d ɔ k t ə r,,12,true,^dokter$,Dutch,72181920539370004,,,1. clearly borrowed,1.0,,,,unanalyzable,,1.0,"Van der Sijs, Leenwoordenboek 2005; EWB 1997",,,1576,0.9,1. Highly integrated,present in pre-contact environment,Replacement,,Medical and scientific Latin influence [12],,noun,,,,
Dutch-4-88-1,5828,Dutch,4-88,medicijn,medicijn,m eː d iː s ɛi n,,12,true,^medicijn$,Dutch,72181920294282358,,,1. clearly borrowed,1.0,,,,unanalyzable,,1.0,"Van der Sijs, Leenwoordenboek 2005; EWB 1997",,,1265-1270,1.0,1. Highly integrated,present only since contact,Insertion,,Medical and scientific Latin influence [12],,noun,,,,
Dutch-4-89-1,5829,Dutch,4-89,gif,gif,x ɪ f,,12,true,^gif$,Dutch,72181920478772014,,,1. clearly borrowed,1.0,,,,unanalyzable,,1.0,"Van der Sijs, Leenwoordenboek 2005; EWB 1997",,,1606,0.9,1. Highly integrated,present in pre-contact environment,Replacement,,High German influence [12],,noun,,,,
Dutch-4-91-1,5830,Dutch,4-91,moe,moe,m uː,,12,false,^moe$,Dutch,72181920741043070,,,5. no evidence for borrowing,0.0,,,,unanalyzable,,1.0,EWB 1997,,,1100,1.0,,,,,,,adjective,,,,
Dutch-4-912-1,5831,Dutch,4-912,rusten,rusten,r ʏ s t ə,,12,false,^rusten$,Dutch,72181920471159234,,,5. no evidence for borrowing,0.0,,,,analyzable derived,rust-en [rest-INF],0.5,EWB 1997,,,1240,1.0,,,,,,,verb,,,,
Dutch-4-92-1,5832,Dutch,4-92,lui,lui,l œy,,12,false,^lui$,Dutch,72181920526749062,,,5. no evidence for borrowing,0.0,,,,unanalyzable,,1.0,EWB 1997,,,1440,1.0,,,,,,,adjective,,,,
Dutch-4-93-1,5833,Dutch,4-93,kaal,kaal,k aː l,,12,false,^kaal$,Dutch,72181920536630428,,,5. no evidence for borrowing,0.0,,,,unanalyzable,,1.0,EWB 1997,,,1240,1.0,,,,,,,adjective,,,,
Dutch-4-94-1,5834,Dutch,4-94,lam (2),lam,l ɑ m,,12,false,^lam$,Dutch,72181920294756056,,,5. no evidence for borrowing,0.0,,,,unanalyzable,,1.0,EWB 1997,,,1376-1400,1.0,,,,,,,adjective,,,,
Dutch-4-95-1,5835,Dutch,4-95,doof,doof,d oː f,,12,false,^doof$,Dutch,7218192018312880,,,5. no evidence for borrowing,0.0,,,,unanalyzable,,1.0,EWB 1997,,,1240,1.0,,,,,,,adjective,,,,
Dutch-4-96-1,5836,Dutch,4-96,stom,stom,s t ɔ m,,12,false,^stom$,Dutch,72181920777455801,,,5. no evidence for borrowing,0.0,,,,unanalyzable,,1.0,EWB 1997,,,1240,1.0,,,,,,,adjective,,,,
Dutch-4-97-1,5837,Dutch,4-97,blind,blind,b l ɪ n t,,12,false,^blind$,Dutch,72181920733509280,,,5. no evidence for borrowing,0.0,,,,unanalyzable,,1.0,EWB 1997,,,1240,1.0,,,,,,,adjective,,,,
Dutch-4-98-1,5838,Dutch,4-98,dronken,dronken,d r ɔ ŋ k ə,,12,false,^dronken$,Dutch,72181920466619312,,,5. no evidence for borrowing,0.0,,,,analyzable derived,[drink-PST PTCP],0.5,EWB 1997,,,1100,1.0,,,,,,,adjective,,,,
Dutch-4-99-1,5839,Dutch,4-99,naakt,naakt,n aː k t,,12,false,^naakt$,Dutch,72181920810784868,,,5. no evidence for borrowing,0.0,,,,unanalyzable,,1.0,EWB 1997,,,1236,1.0,,,,,,,adjective,,,,
Dutch-5-11-1,5840,Dutch,5-11,eten,eten,eː t ə,,12,false,^eten$,Dutch,72181920422539819,,,5. no evidence for borrowing,0.0,,,,semi-analyzable,et-en [?-INF],0.75,EWB 1997,,,0901-1000,1.0,,,,,,,verb,,,,
Dutch-5-12-1,5841,Dutch,5-12,voedsel,voedsel,v uː t s ə l,,12,false,^voedsel$,Dutch,72181920119471301,,,5. no evidence for borrowing,0.0,,,,analyzable derived,voed-sel [food-NMLZ],0.5,EWB 1997,,,1287,1.0,,,,,,,noun,,,,
Dutch-5-121-1,5842,Dutch,5-121,gekookt,gekookt,x ə k oː k t,,12,false,^gekookt$,Dutch,7218192024711142,,,5. no evidence for borrowing,0.0,"derivation from koken, which is loaned, see 5.21/5.22",yes,,analyzable derived,ge-kookt [cook-PST PTCP],0.5,WNT,,,1450,1.0,,,,,,,adjective,,,,
Dutch-5-122-1,5843,Dutch,5-122,rauw,rauw,r ɑu ʋ,,12,false,^rauw$,Dutch,72181920495783027,,,5. no evidence for borrowing,0.0,,,,unanalyzable,,1.0,EWB 1997,,,1266-1268,1.0,,,,,,,adjective,,,,
Dutch-5-123-1,5844,Dutch,5-123,rijp,rijp,r ɛi p,,12,false,^rijp$,Dutch,7218192070747530,,,5. no evidence for borrowing,0.0,,,,unanalyzable,,1.0,EWB 1997,,,1100,1.0,,,,,,,adjective,,,,
Dutch-5-124-1,5845,Dutch,5-124,onrijp,onrijp,ɔ n r ɛi p,,12,false,^onrijp$,Dutch,72181920391088764,,,5. no evidence for borrowing,0.0,,,,analyzable derived,on-rijp [NEG-ripe],0.5,WNT,,,1240,1.0,,,,,,,adjective,,,,
Dutch-5-125-1,5846,Dutch,5-125,rot,rot,r ɔ t,,12,false,^rot$,Dutch,72181920198005834,,,5. no evidence for borrowing,0.0,,,,unanalyzable,,1.0,EWB 1997,,,1407,1.0,,,,,,,adjective,,,,
Dutch-5-13-1,5847,Dutch,5-13,drinken,drinken,d r ɪ ŋ k ə,,12,false,^drinken$,Dutch,72181920924013742,,,5. no evidence for borrowing,0.0,,,,semi-analyzable,drink-en [?-INF],0.75,EWB 1997,,,0901-1000,1.0,,,,,,,verb,,,,
Dutch-5-14-1,5848,Dutch,5-14,honger hebben,honger_hebben,h ɔ ŋ ə r + h ɛ b ə,,12,false,^honger_hebben$,Dutch,72181920166922275,,,5. no evidence for borrowing,0.0,,,,analyzable phrasal,[hunger have],0.5,WNT,,,1201-1300,1.0,,,,,,,verb,,,,
Dutch-5-141-1,5849,Dutch,5-141,hongersnood,hongersnood,h ɔ ŋ ə r s n oː t,,12,false,^hongersnood$,Dutch,72181920647457842,,,5. no evidence for borrowing,0.0,,,,analyzable compound,honger-s-nood [hunger-CONN-need],0.5,WNT,,,1662,0.9,,,,,,,noun,,,,
Dutch-5-15-1,5850,Dutch,5-15,dorst hebben,dorst_hebben,d ɔ r s t + h ɛ b ə,,12,false,^dorst_hebben$,Dutch,72181920167278014,,,5. no evidence for borrowing,0.0,,,,analyzable phrasal,[thirst have],0.5,WNT,,,1201-1300,1.0,,,,,,,verb,,,,
Dutch-5-16-1,5851,Dutch,5-16,zuigen,zuigen,z œy ɣ ə,,12,false,^zuigen$,Dutch,72181920305219913,,,5. no evidence for borrowing,0.0,,,,semi-analyzable,zuig-en [?-INF],0.75,EWB 1997,,,1100,1.0,,,,,,,verb,,,,
Dutch-5-18-1,5852,Dutch,5-18,kauwen,kauwen,k ɑu ʋ ə,,12,false,^kauwen$,Dutch,72181920855930729,,,5. no evidence for borrowing,0.0,,,,semi-analyzable,kauw-en [?-INF],0.75,EWB 1997,,,1240,1.0,,,,,,,verb,,,,
Dutch-5-181-1,5853,Dutch,5-181,doorslikken,doorslikken,d oː r s l ɪ k ə,,12,false,^doorslikken$,Dutch,72181920764818929,,,5. no evidence for borrowing,0.0,,,,analyzable compound,door-slikk-en [through-swallow-INF],0.5,WNT,,,1780,0.9,,,,,,,verb,,,,
Dutch-5-19-1,5854,Dutch,5-19,verstikken,verstikken,v ə r s t ɪ k ə,,12,false,^verstikken$,Dutch,72181920888667039,,,5. no evidence for borrowing,0.0,,,,analyzable derived,ver-stikk-en [CAUS-stick-INF],0.5,EWB 1997,,,1477,1.0,,,,,,,verb,,,,
Dutch-5-21-1,5855,Dutch,5-21,koken,koken,k oː k ə,,12,true,^koken$,Dutch,72181920945209613,,,1. clearly borrowed,1.0,,,,semi-analyzable,kok-en [?-INF],0.75,"Van der Sijs, Leenwoordenboek 2005; EWB 1997",,,1287,1.0,1. Highly integrated,present in pre-contact environment,Replacement,,Latin influence on Germanic [12],,verb,,,,
Dutch-5-22-1,5856,Dutch,5-22,koken,koken,k oː k ə,,12,true,^koken$,Dutch,72181920945209613,,,1. clearly borrowed,1.0,,,,semi-analyzable,kok-en [?-INF],0.75,"Van der Sijs, Leenwoordenboek 2005; EWB 1997",,,1287,1.0,1. Highly integrated,present in pre-contact environment,Replacement,,Latin influence on Germanic [12],,verb,,,,
Dutch-5-23-1,5857,Dutch,5-23,braden,braden,b r aː d ə,,12,false,^braden$,Dutch,72181920670329666,,,5. no evidence for borrowing,0.0,,,,semi-analyzable,brad-en [?-INF],0.75,EWB 1997,,,1240,1.0,,,,,,,verb,,,,
Dutch-5-24-1,5858,Dutch,5-24,bakken,bakken,b ɑ k ə,,12,false,^bakken$,Dutch,72181920851334593,,,5. no evidence for borrowing,0.0,,,,semi-analyzable,bak-en [?-INF],0.75,EWB 1997,,,1276-1300,1.0,,,,,,,verb,,,,
Dutch-5-25-1,5859,Dutch,5-25,oven,oven,oː v ə,,12,false,^oven$,Dutch,72181920987568908,,,5. no evidence for borrowing,0.0,,,,unanalyzable,,1.0,EWB 1997,,,1240,1.0,,,,,,,noun,,,,
Dutch-5-26-1,5860,Dutch,5-26,pot,pot,p ɔ t,,12,true,^pot$,Dutch,72181920224258703,,,1. clearly borrowed,1.0,,,,unanalyzable,,1.0,"Van der Sijs, Leenwoordenboek 2005; EWB 1997",,,1250,1.0,1. Highly integrated,present in pre-contact environment,,,Romance influence on Germanic [12],,noun,,,,
Dutch-5-27-1,5861,Dutch,5-27,ketel,ketel,k eː t ə l,,12,true,^ketel$,Dutch,72181920878557649,,,1. clearly borrowed,1.0,,,,unanalyzable,,1.0,"Van der Sijs, Leenwoordenboek 2005; EWB 1997",,,1240,1.0,1. Highly integrated,present only since contact,Insertion,,Latin influence on Germanic [12],,noun,,,,
Dutch-5-28-1,5862,Dutch,5-28,pan,pan,p ɑ n,,12,true,^pan$,Dutch,72181920809461856,,,1. clearly borrowed,1.0,,,,unanalyzable,,1.0,"Van der Sijs, Leenwoordenboek 2005; EWB 1997",,,1240,1.0,1. Highly integrated,present only since contact,Insertion,,Latin influence on Germanic [12],,noun,,,,
Dutch-5-31-1,5863,Dutch,5-31,schaal,schaal,s x aː l,,12,false,^schaal$,Dutch,72181920569663492,,,5. no evidence for borrowing,0.0,,,,unanalyzable,,1.0,EWB 1997,,,1302,1.0,,,,,,,noun,,,,
Dutch-5-32-1,5864,Dutch,5-32,bord,bord,b ɔ r t,,12,false,^bord$,Dutch,72181920969362809,,,5. no evidence for borrowing,0.0,,,,unanalyzable,,1.0,EWB 1997,,,1138,1.0,,,,,,,noun,,,,
Dutch-5-33-1,5865,Dutch,5-33,kom,kom,k ɔ m,,12,false,^kom$,Dutch,72181920827007444,,,5. no evidence for borrowing,0.0,,,,unanalyzable,,1.0,EWB 1997,,,1277,1.0,,,,,,,noun,,,,
Dutch-5-34-1,5866,Dutch,5-34,kruik,kruik,k r œy k,,12,false,^kruik$,Dutch,72181920726521565,,,5. no evidence for borrowing,0.0,,,,unanalyzable,,1.0,EWB 1997,,,1240,1.0,,,,,,,noun,,,,
Dutch-5-35-1,5867,Dutch,5-35,kop,kop,k ɔ p,,12,false,^kop$,Dutch,7218192070562586,,,3. perhaps borrowed,0.5,,,,unanalyzable,,1.0,"Van der Sijs, Leenwoordenboek 2005; EWB 1997",,,1265-1270,1.0,1. Highly integrated,present only since contact,Insertion,,Latin influence on Germanic [12],,noun,,,,
Dutch-5-36-1,5868,Dutch,5-36,schotel,schotel,s x oː t ə l,,12,true,^schotel$,Dutch,72181920105562173,,,1. clearly borrowed,1.0,,,,unanalyzable,,1.0,"Van der Sijs, Leenwoordenboek 2005; EWB 1997",,,1240,1.0,1. Highly integrated,present only since contact,Insertion,,Latin influence on Germanic [12],,noun,,,,
Dutch-5-37-1,5869,Dutch,5-37,lepel,lepel,l eː p ə l,,12,false,^lepel$,Dutch,72181920357305565,,,5. no evidence for borrowing,0.0,,,,unanalyzable,,1.0,EWB 1997,,,1240,1.0,,,,,,,noun,,,,
Dutch-5-38-1,5870,Dutch,5-38,mes,mes,m ɛ s,,12,false,^mes$,Dutch,72181920419497892,,,5. no evidence for borrowing,0.0,,,,unanalyzable,,1.0,EWB 1997,,,1240,1.0,,,,,,,noun,,,,
Dutch-5-39-1,5871,Dutch,5-39,vork,vork,v ɔ r k,,12,true,^vork$,Dutch,72181920202953808,,,1. clearly borrowed,1.0,,,,unanalyzable,,1.0,"Van der Sijs, Leenwoordenboek 2005; EWB 1997",,,1240,1.0,1. Highly integrated,present only since contact,Insertion,,Latin influence on Germanic [12],,noun,,,,
Dutch-5-391-1,5872,Dutch,5-391,tang,tang,t ɑ ŋ,,12,false,^tang$,Dutch,72181920753690783,,,5. no evidence for borrowing,0.0,,,,unanalyzable,,1.0,EWB 1997,,,1285,1.0,,,,,,,noun,,,,
Dutch-5-41-1,5873,Dutch,5-41,maaltijd,maaltijd,m aː l t ɛi t,,12,false,^maaltijd$,Dutch,72181920273675856,,,5. no evidence for borrowing,0.0,,,,analyzable compound,maal-tijd [meal-time],0.5,EWB 1997,,,1285,1.0,,,,,,,noun,,,,
Dutch-5-42-1,5874,Dutch,5-42,ontbijt,ontbijt,ɔ n d b ɛi t,,12,false,^ontbijt$,Dutch,72181920980411267,,,5. no evidence for borrowing,0.0,,,,analyzable derived,ont-bijt [INCHOATIVE-bite],0.5,WNT,,,1240,1.0,,,,,,,noun,,,,
Dutch-5-43-1,5875,Dutch,5-43,lunch,lunch,l ʏ n ʃ,,12,true,^lunch$,Dutch,72181920791465921,,,1. clearly borrowed,1.0,,,,unanalyzable,,1.0,"Van der Sijs, Leenwoordenboek 2005; EWB 1997",,,1855,0.8,1. Highly integrated,present in pre-contact environment,Coexistence,,English/American world-wide influence [12],,noun,,,,
Dutch-5-43-2,5876,Dutch,5-43,middageten,middageten,m ɪ d ɑ ɣ eː t ə,,12,false,^middageten$,Dutch,72181920596835129,,,5. no evidence for borrowing,0.0,,,,analyzable compound,mid-dag-eten [mid-day-food],0.5,WNT,,,1891,0.8,,,,,,,noun,,,,
Dutch-5-44-1,5877,Dutch,5-44,diner,diner,d iː n eː,,12,true,^diner$,Dutch,72181920431687364,,,1. clearly borrowed,1.0,,,,unanalyzable,,1.0,"Van der Sijs, Leenwoordenboek 2005; EWB 1997",,,1782,0.9,1. Highly integrated,present in pre-contact environment,Coexistence,,French cultural influence [12],,noun,,,,
Dutch-5-44-2,5878,Dutch,5-44,avondeten,avondeten,aː v ɔ n d eː t ə,,12,false,^avondeten$,Dutch,72181920844640358,,,5. no evidence for borrowing,0.0,,,,analyzable compound,avond-eten [evening-food],0.5,WNT,,,1515,0.9,,,,,,,noun,,,,
Dutch-5-45-1,5879,Dutch,5-45,avondeten,avondeten,aː v ɔ n d eː t ə,,12,false,^avondeten$,Dutch,72181920844640358,,,5. no evidence for borrowing,0.0,,,,analyzable compound,avond-eten [evening-food],0.5,WNT,,,1515,0.9,,,,,,,noun,,,,
Dutch-5-46-1,5880,Dutch,5-46,pellen,pellen,p ɛ l ə,,12,true,^pellen$,Dutch,72181920745930558,,,1. clearly borrowed,1.0,"Word class is changed: either the exact word form in the donor language is unknown, or the word is derived in Dutch from a Latin loan.",,,semi-analyzable,pell-en [?-INF],0.75,"Van der Sijs, Leenwoordenboek 2005; EWB 1997",,,1351,1.0,1. Highly integrated,present in pre-contact environment,Coexistence,,Latin influence on Germanic [12],,verb,,,,
Dutch-5-46-2,5881,Dutch,5-46,schillen,schillen,s x ɪ l ə,,12,false,^schillen$,Dutch,72181920803324775,,,5. no evidence for borrowing,0.0,,,,analyzable derived,schill-en [peeling-INF],0.5,EWB 1997,,,1240,1.0,,,,,,,verb,,,,
Dutch-5-47-1,5882,Dutch,5-47,zeven (1),zeven,z eː v ə,,12,false,^zeven$,Dutch,72181920834349137,,,5. no evidence for borrowing,0.0,,,,analyzable derived,zev-en [sieve-INF],0.5,WNT,,,1240,1.0,,,,,,,verb,,,,
Dutch-5-48-1,5883,Dutch,5-48,schrappen,schrappen,s x r ɑ p ə,,12,false,^schrappen$,Dutch,72181920759496702,,,5. no evidence for borrowing,0.0,,,,analyzable derived,schrapp-en [scrape-INF],0.5,EWB 1997,,,1406,1.0,,,,,,,verb,,,,
Dutch-5-49-1,5884,Dutch,5-49,roeren,roeren,r uː r ə,,12,false,^roeren$,Dutch,72181920102521746,,,5. no evidence for borrowing,0.0,,,,semi-analyzable,roer-en [?-INF],0.75,EWB 1997,,,1240,1.0,,,,,,,verb,,,,
Dutch-5-51-1,5885,Dutch,5-51,brood,brood,b r oː t,,12,false,^brood$,Dutch,72181920658076600,,,5. no evidence for borrowing,0.0,,,,unanalyzable,,1.0,EWB 1997,,,1101-1200,1.0,,,,,,,noun,,,,
Dutch-5-53-1,5886,Dutch,5-53,deeg,deeg,d eː x,,12,false,^deeg$,Dutch,72181920678736817,,,5. no evidence for borrowing,0.0,,,,unanalyzable,,1.0,EWB 1997,,,1240,1.0,,,,,,,noun,,,,
Dutch-5-54-1,5887,Dutch,5-54,kneden,kneden,k n eː d ə,,12,false,^kneden$,Dutch,7218192014656097,,,5. no evidence for borrowing,0.0,,,,semi-analyzable,kned-en [?-INF],0.75,EWB 1997,,,1301-1400,1.0,,,,,,,verb,,,,
Dutch-5-55-1,5888,Dutch,5-55,meel,meel,m eː l,,12,false,^meel$,Dutch,72181920237175685,,,5. no evidence for borrowing,0.0,,,,unanalyzable,,1.0,EWB 1997,,,1240,1.0,,,,,,,noun,,,,
Dutch-5-56-1,5889,Dutch,5-56,malen,malen,m aː l ə,,12,false,^malen$,Dutch,72181920648188416,,,5. no evidence for borrowing,0.0,,,,semi-analyzable,mal-en [?-INF],0.75,EWB 1997,,,1240,1.0,,,,,,,verb,,,,
Dutch-5-56-2,5890,Dutch,5-56,fijnmalen,fijnmalen,f ɛi n m aː l ə,,12,false,^fijnmalen$,Dutch,72181920905275103,,,5. no evidence for borrowing,0.0,,,,analyzable compound,fijn-mal-en [fine-grind-INF],0.5,WNT,,,1606,0.9,,,,,,,verb,,,,
Dutch-5-57-1,5891,Dutch,5-57,molen,molen,m oː l ə,,12,true,^molen$,Dutch,72181920458784338,,,1. clearly borrowed,1.0,,,,unanalyzable,,1.0,"Van der Sijs, Leenwoordenboek 2005; EWB 1997",,,1112,1.0,1. Highly integrated,present only since contact,Insertion,,Latin influence on Germanic [12],,noun,,,,
Dutch-5-58-1,5892,Dutch,5-58,vijzel,vijzel,v ɛi z ə l,,12,false,^vijzel$,Dutch,72181920770439722,,,5. no evidence for borrowing,0.0,,,,unanalyzable,,1.0,EWB 1997,,,1478,1.0,,,,,,,noun,,,,
Dutch-5-59-1,5893,Dutch,5-59,stamper,stamper,s t ɑ m p ə r,,12,false,^stamper$,Dutch,72181920351668210,,,5. no evidence for borrowing,0.0,,,,analyzable derived,stamp-er [stamp-AGT],0.5,WNT,,,1360,1.0,,,,,,,noun,,,,
Dutch-5-61-1,5894,Dutch,5-61,vlees,vlees,v l eː s,,12,false,^vlees$,Dutch,72181920111759269,,,5. no evidence for borrowing,0.0,,,,unanalyzable,,1.0,EWB 1997,,,0901-1000,1.0,,,,,,,noun,,,,
Dutch-5-63-1,5895,Dutch,5-63,worst,worst,ʋ ɔ r s t,,12,false,^worst$,Dutch,7218192078990365,,,5. no evidence for borrowing,0.0,,,,unanalyzable,,1.0,EWB 1997,,,1240,1.0,,,,,,,noun,,,,
Dutch-5-64-1,5896,Dutch,5-64,soep,soep,s uː p,,12,true,^soep$,Dutch,7218192019719266,,,1. clearly borrowed,1.0,,,,unanalyzable,,1.0,"Van der Sijs, Leenwoordenboek 2005; EWB 1997",,,1745,0.9,1. Highly integrated,present only since contact,Insertion,,French cultural influence [12],,noun,,,,
Dutch-5-65-1,5897,Dutch,5-65,groente,groente,x r uː n t ə,,12,false,^groente$,Dutch,72181920467510041,,,5. no evidence for borrowing,0.0,,,,analyzable derived,groen-te [green-COLLECTIVE],0.5,WNT,,,1721,0.9,,,,,,,noun,,,,
Dutch-5-66-1,5898,Dutch,5-66,boon,boon,b oː n,,12,false,^boon$,Dutch,72181920630785133,,,5. no evidence for borrowing,0.0,,,,unanalyzable,,1.0,EWB 1997,,,1210-1240,1.0,,,,,,,noun,,,,
Dutch-5-7-1,5899,Dutch,5-7,aardappel,aardappel,aː r d ɑ p ə l,,12,false,^aardappel$,Dutch,72181920740619444,,,5. no evidence for borrowing,0.0,,,,analyzable compound,aard-appel [earth-apple],0.5,EWB 1997,,,1712,0.9,,,,,,,noun,,,,
Dutch-5-71-1,5900,Dutch,5-71,fruit,fruit,f r œy t,,12,true,^fruit$,Dutch,721819201403849,,,1. clearly borrowed,1.0,,,,unanalyzable,,1.0,"Van der Sijs, Leenwoordenboek 2005; EWB 1997",,,1285,1.0,1. Highly integrated,present only since contact,Insertion,,French cultural influence [12],,noun,,,,
Dutch-5-712-1,5901,Dutch,5-712,bos(je),bos(je),b ɔ s,,12,false,^bos(je)$,Dutch,7218192070644384,,,5. no evidence for borrowing,0.0,,,,unanalyzable,,1.0,EWB 1997,,,1252,1.0,,,,,,,noun,,,,
Dutch-5-75-1,5902,Dutch,5-75,vijg,vijg,v ɛi x,,12,true,^vijg$,Dutch,72181920707475879,,,1. clearly borrowed,1.0,,,,unanalyzable,,1.0,"Van der Sijs, Leenwoordenboek 2005; EWB 1997",,,1100,1.0,1. Highly integrated,present only since contact,Insertion,,French cultural influence [12],,noun,,,,
Dutch-5-76-1,5903,Dutch,5-76,druif,druif,d r œy f,,12,false,^druif$,Dutch,72181920791394055,,,5. no evidence for borrowing,0.0,,,,unanalyzable,,1.0,EWB 1997,,,1100,1.0,,,,,,,noun,,,,
Dutch-5-77-1,5904,Dutch,5-77,noot,noot,n oː t,,12,false,^noot$,Dutch,72181920215927221,,,5. no evidence for borrowing,0.0,,,,unanalyzable,,1.0,EWB 1997,,,1285,1.0,,,,,,,noun,,,,
Dutch-5-78-1,5905,Dutch,5-78,olijf,olijf,oː l ɛi f,,12,true,^olijf$,Dutch,72181920847030561,,,1. clearly borrowed,1.0,,,,unanalyzable,,1.0,"Van der Sijs, Leenwoordenboek 2005; EWB 1997",,,1240,1.0,1. Highly integrated,present only since contact,Insertion,,Latin influence on Germanic [12],,noun,,,,
Dutch-5-79-1,5906,Dutch,5-79,olie,olie,oː l iː,,12,true,^olie$,Dutch,72181920585120884,,,1. clearly borrowed,1.0,,,,unanalyzable,,1.0,"Van der Sijs, Leenwoordenboek 2005; EWB 1997",,,1100,1.0,1. Highly integrated,present only since contact,Insertion,,Latin influence on Germanic [12],,noun,,,,
Dutch-5-791-1,5907,Dutch,5-791,vet,vet,v ɛ t,,12,false,^vet$,Dutch,72181920810862203,,,5. no evidence for borrowing,0.0,,,,unanalyzable,,1.0,EWB 1997,,,1287,1.0,,,,,,,noun,,,,
Dutch-5-81-1,5908,Dutch,5-81,zout (1),zout,z ɑu t,,12,false,^zout$,Dutch,72181920209006469,,,5. no evidence for borrowing,0.0,,,,unanalyzable,,1.0,EWB 1997,,,1001-1100,1.0,,,,,,,noun,,,,
Dutch-5-82-1,5909,Dutch,5-82,peper,peper,p eː p ə r,,12,true,^peper$,Dutch,7218192011941287,,,1. clearly borrowed,1.0,,,,unanalyzable,,1.0,"Van der Sijs, Leenwoordenboek 2005; EWB 1997",,,1220-1240,1.0,1. Highly integrated,present only since contact,Insertion,,Latin influence on Germanic [12],,noun,,,,
Dutch-5-821-1,5910,Dutch,5-821,rode peper,rode_peper,r oː d ə + p eː p ə r,,12,false,^rode_peper$,Dutch,72181920595228249,,,5. no evidence for borrowing,0.0,second element is loaned,yes,,analyzable phrasal,[red pepper],0.5,WNT,,,1724,0.9,,,,,,,noun,,,,
Dutch-5-84-1,5911,Dutch,5-84,honing,honing,h oː n ɪ ŋ,,12,false,^honing$,Dutch,7218192065647923,,,5. no evidence for borrowing,0.0,,,,unanalyzable,,1.0,EWB 1997,,,0901-1000,1.0,,,,,,,noun,,,,
Dutch-5-85-1,5912,Dutch,5-85,suiker,suiker,s œy k ə r,,12,true,^suiker$,Dutch,72181920433029287,,,1. clearly borrowed,1.0,,,,unanalyzable,,1.0,"Van der Sijs, Leenwoordenboek 2005; EWB 1997",,,1253,1.0,1. Highly integrated,present only since contact,Insertion,,French cultural influence [12],,noun,,,,
Dutch-5-86-1,5913,Dutch,5-86,melk,melk,m ɛ l k,,12,false,^melk$,Dutch,72181920286817776,,,5. no evidence for borrowing,0.0,,,,unanalyzable,,1.0,EWB 1997,,,1240,1.0,,,,,,,noun,,,,
Dutch-5-87-1,5914,Dutch,5-87,melken,melken,m ɛ l k ə,,12,false,^melken$,Dutch,72181920137551830,,,5. no evidence for borrowing,0.0,,,,analyzable derived,melk-en [milk-INF],0.5,EWB 1997,,,1300,1.0,,,,,,,verb,,,,
Dutch-5-88-1,5915,Dutch,5-88,kaas,kaas,k aː s,,12,true,^kaas$,Dutch,72181920417733925,,,1. clearly borrowed,1.0,,,,unanalyzable,,1.0,"Van der Sijs, Leenwoordenboek 2005; EWB 1997",,,1240,1.0,1. Highly integrated,present in pre-contact environment,Replacement,,Latin influence on Germanic [12],,noun,,,,
Dutch-5-89-1,5916,Dutch,5-89,boter,boter,b oː t ə r,,12,true,^boter$,Dutch,7218192048638465,,,1. clearly borrowed,1.0,,,,unanalyzable,,1.0,"Van der Sijs, Leenwoordenboek 2005; EWB 1997",,,1240,1.0,1. Highly integrated,present in pre-contact environment,Replacement,,Latin influence on Germanic [12],,noun,,,,
Dutch-5-9-1,5917,Dutch,5-9,drank,drank,d r ɑ ŋ k,,12,false,^drank$,Dutch,72181920494867111,,,5. no evidence for borrowing,0.0,,,,analyzable derived,[drink-VERBAL ABSTRACT],0.5,EWB 1997,,,0901-1000,1.0,,,,,,,noun,,,,
Dutch-5-91-1,5918,Dutch,5-91,mede,mede,m eː d ə,,12,false,^mede$,Dutch,72181920260359034,,,5. no evidence for borrowing,0.0,,,,unanalyzable,,1.0,EWB 1997,,,1265,1.0,,,,,,,noun,,,,
Dutch-5-92-1,5919,Dutch,5-92,wijn,wijn,ʋ ɛi n,,12,true,^wijn$,Dutch,72181920289358279,,,1. clearly borrowed,1.0,,,,unanalyzable,,1.0,"Van der Sijs, Leenwoordenboek 2005; EWB 1997",,,0901-1000,1.0,1. Highly integrated,present only since contact,Insertion,,Latin influence on Germanic [12],,noun,,,,
Dutch-5-93-1,5920,Dutch,5-93,bier,bier,b iː r,,12,false,^bier$,Dutch,72181920203098084,,,3. perhaps borrowed,0.5,some think: cognates,,,unanalyzable,,1.0,"Van der Sijs, Leenwoordenboek 2005; EWB 1997",,,1240,1.0,1. Highly integrated,present only since contact,Insertion,,Latin influence on Germanic [12],,noun,,,,
Dutch-5-94-1,5921,Dutch,5-94,alcoholische drank,alcoholische_drank,ɑ l k oː h oː l iː s ə + d r ɑ ŋ k,,12,false,^alcoholische_drank$,Dutch,72181920191298942,,,5. no evidence for borrowing,0.0,alcohol is loaned,yes,,analyzable phrasal,[alcoholic drink],0.5,WNT,,,1847,0.8,,,,,,,noun,,,,
Dutch-5-97-1,5922,Dutch,5-97,ei,ei,ɛi,,12,false,^ei$,Dutch,72181920334369539,,,5. no evidence for borrowing,0.0,,,,unanalyzable,,1.0,EWB 1997,,,1230-1231,1.0,,,,,,,noun,,,,
Dutch-5-971-1,5923,Dutch,5-971,dooier,dooier,d oː j ə r,,12,false,^dooier$,Dutch,72181920254347985,,,5. no evidence for borrowing,0.0,,,,unanalyzable,,1.0,EWB 1997,,,1287,1.0,,,,,,,noun,,,,
Dutch-6-11-1,5925,Dutch,6-11,aantrekken,aantrekken,aː n t r ɛ k ə,,12,false,^aantrekken$,Dutch,72181920324399031,,,5. no evidence for borrowing,0.0,,,,analyzable compound,aan-trekk-en [on-put-INF],0.5,WNT,,,1285,1.0,,,,,,,verb,,,,
Dutch-6-12-1,5926,Dutch,6-12,kleren,kleren,k l eː r ə,,12,false,^kleren$,Dutch,72181920601089123,,,5. no evidence for borrowing,0.0,,,,unanalyzable,,1.0,EWB 1997,,,1521,0.9,,,,,,,noun,,,,
Dutch-6-12-2,5927,Dutch,6-12,kleding,kleding,k l eː d ɪ ŋ,,12,false,^kleding$,Dutch,72181920863921577,,,5. no evidence for borrowing,0.0,,,,analyzable derived,kled-ing [dress-NMLZ],0.5,WNT,,,1240,1.0,,,,,,,noun,,,,
Dutch-6-13-1,5928,Dutch,6-13,kleermaker,kleermaker,k l eː r m aː k ə r,,12,false,^kleermaker$,Dutch,72181920952705014,,,5. no evidence for borrowing,0.0,,,,analyzable derived,kleer-mak-er [dress-make-AGT],0.5,WNT,,,1342,1.0,,,,,,,noun,,,,
Dutch-6-21-1,5929,Dutch,6-21,stof (2),stof,s t ɔ f,,12,true,^stof$,Dutch,72181920916867289,,,1. clearly borrowed,1.0,,,,unanalyzable,,1.0,"Van der Sijs, Leenwoordenboek 2005; EWB 1997",,,1302,1.0,1. Highly integrated,present only since contact,Insertion,,French cultural influence [12],,noun,,,,
Dutch-6-22-1,5930,Dutch,6-22,wol,wol,ʋ ɔ l,,12,false,^wol$,Dutch,72181920154394411,,,5. no evidence for borrowing,0.0,,,,unanalyzable,,1.0,EWB 1997,,,1240,1.0,,,,,,,noun,,,,
Dutch-6-23-1,5931,Dutch,6-23,linnen,linnen,l ɪ n ə,,12,false,^linnen$,Dutch,72181920808024632,,,5. no evidence for borrowing,0.0,,,,unanalyzable,,1.0,EWB 1997,,,1236,1.0,,,,,,,noun,,,,
Dutch-6-24-1,5932,Dutch,6-24,katoen,katoen,k aː t uː n,,12,true,^katoen$,Dutch,72181920722319066,,,1. clearly borrowed,1.0,,,,unanalyzable,,1.0,"Van der Sijs, Leenwoordenboek 2005; EWB 1997",,,1272,1.0,1. Highly integrated,present only since contact,Insertion,,French cultural influence [12],,noun,,,,
Dutch-6-25-1,5933,Dutch,6-25,zijde,zijde,z ɛi d ə,,12,true,^zijde$,Dutch,7218192072912445,,,1. clearly borrowed,1.0,,,,unanalyzable,,1.0,"Van der Sijs, Leenwoordenboek 2005; EWB 1997",,,1240,1.0,1. Highly integrated,present only since contact,Insertion,,Romance influence on Germanic [12],,noun,,,,
Dutch-6-27-1,5934,Dutch,6-27,vilt,vilt,v ɪ l t,,12,false,^vilt$,Dutch,72181920740748455,,,5. no evidence for borrowing,0.0,,,,unanalyzable,,1.0,EWB 1997,,,1091-1100,1.0,,,,,,,noun,,,,
Dutch-6-28-1,5935,Dutch,6-28,bont,bont,b ɔ n t,,12,true,^bont$,Dutch,72181920318444466,,,1. clearly borrowed,1.0,,,,unanalyzable,,1.0,"Van der Sijs, Leenwoordenboek 2005; EWB 1997",,,1300,1.0,1. Highly integrated,present only since contact,Insertion,,Church Latin influence [12],,noun,,,,
Dutch-6-29-1,5936,Dutch,6-29,leer,leer,l eː r,,12,false,^leer$,Dutch,72181920517477995,,,5. no evidence for borrowing,0.0,,,,unanalyzable,,1.0,EWB 1997,,,1240,1.0,,,,,,,noun,,,,
Dutch-6-31-1,5937,Dutch,6-31,spinnen,spinnen,s p ɪ n ə,,12,false,^spinnen$,Dutch,72181920266825196,,,5. no evidence for borrowing,0.0,,,,analyzable derived,spinn-en [spider-INF],0.5,EWB 1997,,,1240,1.0,,,,,,,verb,,,,
Dutch-6-32-1,5938,Dutch,6-32,spindel,spindel,s p ɪ n d ə l,,12,true,^spindel$,Dutch,72181920237012448,,,1. clearly borrowed,1.0,,,,unanalyzable,,1.0,"Van der Sijs, Leenwoordenboek 2005; EWB 1997",,,1917,0.7,1. Highly integrated,present only since contact,Insertion,,High German influence [12],,noun,,,,
Dutch-6-33-1,5939,Dutch,6-33,weven,weven,ʋ eː v ə,,12,false,^weven$,Dutch,72181920454171027,,,5. no evidence for borrowing,0.0,,,,semi-analyzable,wev-en [?-INF],0.75,EWB 1997,,,1240,1.0,,,,,,,verb,,,,
Dutch-6-34-1,5940,Dutch,6-34,weefgetouw,weefgetouw,ʋ eː f x ə t ɑu ʋ,,12,false,^weefgetouw$,Dutch,72181920398603320,,,5. no evidence for borrowing,0.0,,,,analyzable compound,weef-getouw [weave-loom],0.5,WNT,,,1477,1.0,,,,,,,noun,,,,
Dutch-6-35-1,5941,Dutch,6-35,naaien,naaien,n aː j ə,,12,false,^naaien$,Dutch,72181920205274132,,,5. no evidence for borrowing,0.0,,,,semi-analyzable,naai-en [?-INF],0.75,EWB 1997,,,1240,1.0,,,,,,,verb,,,,
Dutch-6-36-1,5942,Dutch,6-36,naald,naald,n aː l t,,12,false,^naald$,Dutch,72181920712162154,,,5. no evidence for borrowing,0.0,,,,unanalyzable,,1.0,EWB 1997,,,1156,1.0,,,,,,,noun,,,,
Dutch-6-37-1,5943,Dutch,6-37,els,els,ɛ l s,,12,false,^els$,Dutch,72181920457688289,,,5. no evidence for borrowing,0.0,,,,unanalyzable,,1.0,EWB 1997,,,1240,1.0,,,,,,,noun,,,,
Dutch-6-37-2,5944,Dutch,6-37,priem,priem,p r iː m,,12,false,^priem$,Dutch,72181920218170501,,,5. no evidence for borrowing,0.0,,,,unanalyzable,,1.0,EWB 1997,,,1254,1.0,,,,,,,noun,,,,
Dutch-6-38-1,5945,Dutch,6-38,draad,draad,d r aː t,,12,false,^draad$,Dutch,72181920517122124,,,5. no evidence for borrowing,0.0,,,,unanalyzable,,1.0,EWB 1997,,,1236,1.0,,,,,,,noun,,,,
Dutch-6-39-1,5946,Dutch,6-39,verven,verven,v ɛ r v ə,,12,false,^verven$,Dutch,72181920676741706,,,5. no evidence for borrowing,0.0,,,,analyzable derived,verv-en [paint-INF],0.5,WNT,,,1165,1.0,,,,,,,verb,,,,
Dutch-6-41-1,5947,Dutch,6-41,jas,jas,j ɑ s,,12,false,^jas$,Dutch,72181920466123449,,,3. perhaps borrowed,0.5,source controversial,,,unanalyzable,,1.0,"Van der Sijs, Leenwoordenboek 2005; EWB 1997",,,1733,0.9,1. Highly integrated,present only since contact,Insertion,,Low German oral loans [12],,noun,,,,
Dutch-6-41-2,5948,Dutch,6-41,mantel,mantel,m ɑ n t ə l,,12,true,^mantel$,Dutch,72181920697078893,,,1. clearly borrowed,1.0,,,,unanalyzable,,1.0,"Van der Sijs, Leenwoordenboek 2005; EWB 1997",,,1220-1240,1.0,1. Highly integrated,present only since contact,Insertion,,Church Latin influence [12],,noun,,,,
Dutch-6-411-1,5949,Dutch,6-411,poncho,poncho,p ɔ n ʃ oː,,12,true,^poncho$,Dutch,72181920903550242,,,1. clearly borrowed,1.0,,,,unanalyzable,,1.0,"Van der Sijs, Leenwoordenboek 2005; EWB 1997",,,1847,0.8,1. Highly integrated,present only since contact,Insertion,,Portuguese and/or Spanish colonial contacts [12],,noun,,,,
Dutch-7-37-1,6015,Dutch,7-37,ladder,ladder,l ɑ d ə r,,12,false,^ladder$,Dutch,72181920598461388,,,5. no evidence for borrowing,0.0,,,,unanalyzable,,1.0,EWB 1997,,,1317,1.0,,,,,,,noun,,,,
Dutch-6-42-1,5950,Dutch,6-42,jurk,jurk,j ʏ r k,,12,true,^jurk$,Dutch,72181920427995913,,,1. clearly borrowed,1.0,,,,unanalyzable,,1.0,"Van der Sijs, Leenwoordenboek 2005; EWB 1997",,,1691,0.9,1. Highly integrated,present only since contact,Insertion,,French cultural influence [12],,noun,,,,
Dutch-6-43-1,5951,Dutch,6-43,jas,jas,j ɑ s,,12,false,^jas$,Dutch,72181920466123449,,,3. perhaps borrowed,0.5,source controversial,,,unanalyzable,,1.0,"Van der Sijs, Leenwoordenboek 2005; EWB 1997",,,1733,0.9,1. Highly integrated,present only since contact,Insertion,,Low German oral loans [12],,noun,,,,
Dutch-6-44-1,5952,Dutch,6-44,hemd,hemd,h ɛ m t,,12,false,^hemd$,Dutch,72181920579334869,,,5. no evidence for borrowing,0.0,,,,unanalyzable,,1.0,EWB 1997,,,1240,1.0,,,,,,,noun,,,,
Dutch-6-45-1,5953,Dutch,6-45,kraag,kraag,k r aː x,,12,false,^kraag$,Dutch,72181920940818480,,,5. no evidence for borrowing,0.0,,,,unanalyzable,,1.0,EWB 1997,,,1350,1.0,,,,,,,noun,,,,
Dutch-6-46-1,5954,Dutch,6-46,rok,rok,r ɔ k,,12,false,^rok$,Dutch,72181920924860340,,,5. no evidence for borrowing,0.0,,,,unanalyzable,,1.0,EWB 1997,,,1100,1.0,,,,,,,noun,,,,
Dutch-6-461-1,5955,Dutch,6-461,grasrokje,grasrokje,x r ɑ s r ɔ k j ə,,12,false,^grasrokje$,Dutch,72181920903289177,,not used in Dutch context,5. no evidence for borrowing,0.0,,,,analyzable compound,gras-rok-je [grass-skirt-DIMIN],0.5,,,,1951-2000,0.6,,,,,,,noun,,,,
Dutch-6-48-1,5956,Dutch,6-48,broek,broek,b r uː k,,12,false,^broek$,Dutch,72181920770937397,,,5. no evidence for borrowing,0.0,,,,unanalyzable,,1.0,EWB 1997,,,1285,1.0,,,,,,,noun,,,,
Dutch-6-49-1,5957,Dutch,6-49,kous,kous,k ɑu s,,12,true,^kous$,Dutch,72181920445580239,,,1. clearly borrowed,1.0,,,,unanalyzable,,1.0,"Van der Sijs, Leenwoordenboek 2005; EWB 1997",,,1240,1.0,1. Highly integrated,present only since contact,Insertion,,Picardic oral influence [12],,noun,,,,
Dutch-6-49-2,5958,Dutch,6-49,sok,sok,s ɔ k,,12,true,^sok$,Dutch,72181920306641942,,,1. clearly borrowed,1.0,,,,unanalyzable,,1.0,"Van der Sijs, Leenwoordenboek 2005; EWB 1997",,,1805,0.8,1. Highly integrated,present only since contact,Insertion,,High German influence [12],,noun,,,,
Dutch-6-51-1,5959,Dutch,6-51,schoen,schoen,s x uː n,,12,false,^schoen$,Dutch,72181920560136436,,,5. no evidence for borrowing,0.0,,,,unanalyzable,,1.0,EWB 1997,,,1240,1.0,,,,,,,noun,,,,
Dutch-6-52-1,5960,Dutch,6-52,laars,laars,l aː r s,,12,false,^laars$,Dutch,72181920879674422,,,5. no evidence for borrowing,0.0,,,,unanalyzable,,1.0,EWB 1997,,,1240,1.0,,,,,,,noun,,,,
Dutch-6-54-1,5961,Dutch,6-54,schoenmaker,schoenmaker,s x uː n m aː k ə r,,12,false,^schoenmaker$,Dutch,72181920836347423,,,5. no evidence for borrowing,0.0,,,,analyzable derived,schoen-mak-er [shoe-make-AGT],0.5,EWB 1997,,,1288,1.0,,,,,,,noun,,,,
Dutch-6-55-1,5962,Dutch,6-55,hoed,hoed,h uː t,,12,false,^hoed$,Dutch,72181920694054640,,,5. no evidence for borrowing,0.0,,,,unanalyzable,,1.0,EWB 1997,,,1253,1.0,,,,,,,noun,,,,
Dutch-6-55-2,5963,Dutch,6-55,muts,muts,m ʏ t s,,12,true,^muts$,Dutch,72181920172089387,,,1. clearly borrowed,1.0,,,,unanalyzable,,1.0,"Van der Sijs, Leenwoordenboek 2005; EWB 1997",,,1373,1.0,1. Highly integrated,present only since contact,Insertion,,Church Latin influence [12],,noun,,,,
Dutch-6-57-1,5964,Dutch,6-57,ceintuur,ceintuur,s ɛ n t yː r,,12,true,^ceintuur$,Dutch,7218192079789944,,,1. clearly borrowed,1.0,,,,unanalyzable,,1.0,"Van der Sijs, Leenwoordenboek 2005; EWB 1997",,,1462,1.0,1. Highly integrated,present in pre-contact environment,Coexistence,,French cultural influence [12],,noun,,,,
Dutch-6-57-2,5965,Dutch,6-57,gordel,gordel,x ɔ r d ə l,,12,false,^gordel$,Dutch,72181920571232655,,,5. no evidence for borrowing,0.0,,,,unanalyzable,,1.0,EWB 1997,,,1240,1.0,,,,,,,noun,,,,
Dutch-6-58-1,5966,Dutch,6-58,handschoen,handschoen,h ɑ n t s x uː n,,12,false,^handschoen$,Dutch,72181920666546026,,,5. no evidence for borrowing,0.0,,,,analyzable compound,hand-schoen [hand-shoe],0.5,EWB 1997,,,1286,1.0,,,,,,,noun,,,,
Dutch-6-59-1,5967,Dutch,6-59,sluier,sluier,s l œy j ə r,,12,true,^sluier$,Dutch,72181920532116854,,,1. clearly borrowed,1.0,,,,unanalyzable,,1.0,"Van der Sijs, Leenwoordenboek 2005; EWB 1997",,,1527,0.9,1. Highly integrated,present only since contact,Insertion,,High German influence [12],,noun,,,,
Dutch-6-61-1,5968,Dutch,6-61,zak,zak,z ɑ k,,12,true,^zak$,Dutch,72181920959802982,,,1. clearly borrowed,1.0,,,,unanalyzable,,1.0,"Van der Sijs, Leenwoordenboek 2005; EWB 1997",,,1100,1.0,1. Highly integrated,present only since contact,Insertion,,Latin influence on Germanic [12],,noun,,,,
Dutch-6-62-1,5969,Dutch,6-62,knoop,knoop,k n oː p,,12,false,^knoop$,Dutch,72181920166034124,,,5. no evidence for borrowing,0.0,,,,unanalyzable,,1.0,EWB 1997,,,1265-1270,1.0,,,,,,,noun,,,,
Dutch-6-63-1,5970,Dutch,6-63,speld,speld,s p ɛ l t,,12,true,^speld$,Dutch,72181920620513807,,,1. clearly borrowed,1.0,,,,unanalyzable,,1.0,"Van der Sijs, Leenwoordenboek 2005; EWB 1997",,,1350,1.0,1. Highly integrated,present only since contact,Insertion,,Latin influence on Germanic [12],,noun,,,,
Dutch-6-71-1,5971,Dutch,6-71,sieraad,sieraad,s iː r aː t,,12,true,^sieraad$,Dutch,72181920426851943,,,1. clearly borrowed,1.0,,,,unanalyzable,,1.0,"Van der Sijs, Leenwoordenboek 2005; EWB 1997",,,1537,0.9,1. Highly integrated,present only since contact,Insertion,,High German influence [12],,noun,,,,
Dutch-6-72-1,5972,Dutch,6-72,juweel,juweel,j yː ʋ eː l,,12,true,^juweel$,Dutch,72181920814649951,,,1. clearly borrowed,1.0,,,,unanalyzable,,1.0,"Van der Sijs, Leenwoordenboek 2005; EWB 1997",,,1287,1.0,1. Highly integrated,present only since contact,Insertion,,French cultural influence [12],,noun,,,,
Dutch-6-73-1,5973,Dutch,6-73,ring,ring,r ɪ ŋ,,12,false,^ring$,Dutch,72181920863492713,,,5. no evidence for borrowing,0.0,,,,unanalyzable,,1.0,EWB 1997,,,0901-1000,1.0,,,,,,,noun,,,,
Dutch-6-74-1,5974,Dutch,6-74,armband,armband,ɑ r m b ɑ n t,,12,false,^armband$,Dutch,72181920182238398,,,5. no evidence for borrowing,0.0,,,,analyzable compound,arm-band [arm-band],0.5,WNT,,,1546,0.9,,,,,,,noun,,,,
Dutch-6-75-1,5975,Dutch,6-75,ketting,ketting,k ɛ t ɪ ŋ,,12,false,^ketting$,Dutch,72181920979850720,,,5. no evidence for borrowing,0.0,derivation from the loanword keten,yes,,unanalyzable,,1.0,EWB 1997,,,1401-1500,1.0,,,,,,,noun,,,,
Dutch-6-76-1,5976,Dutch,6-76,kraal,kraal,k r aː l,,12,true,^kraal$,Dutch,7218192090895552,,,1. clearly borrowed,1.0,,,,unanalyzable,,1.0,"Van der Sijs, Leenwoordenboek 2005; EWB 1997",,,1480,1.0,1. Highly integrated,present only since contact,Insertion,,French cultural influence [12],,noun,,,,
Dutch-6-77-1,5977,Dutch,6-77,oorbel,oorbel,oː r b ɛ l,,12,false,^oorbel$,Dutch,72181920757200877,,,5. no evidence for borrowing,0.0,,,,analyzable compound,oor-bel [ear-bubble],0.5,WNT,,,1648,0.9,,,,,,,noun,,,,
Dutch-6-78-1,5978,Dutch,6-78,hoofdband,hoofdband,h oː v d b ɑ n t,,12,false,^hoofdband$,Dutch,72181920586239613,,,5. no evidence for borrowing,0.0,,,,analyzable compound,hoofd-band [head-band],0.5,WNT,,,1290,1.0,,,,,,,noun,,,,
Dutch-6-79-1,5979,Dutch,6-79,tatoeëring,tatoeëring,t a t u eː r ɪ ŋ,,12,false,^tatoeëring$,Dutch,72181920650519056,,,5. no evidence for borrowing,0.0,derivation from the loanword tatoeëren,yes,,analyzable derived,tatoeër-ing [tattoo-NMLZ],0.5,WNT,,,1914-1917,0.7,,,,,,,noun,,,,
Dutch-6-81-1,5980,Dutch,6-81,zakdoek,zakdoek,z ɑ g d uː k,,12,false,^zakdoek$,Dutch,7218192071104853,,,5. no evidence for borrowing,0.0,the first element (zak) is loaned from Latin,yes,,analyzable compound,zak-doek [pocket-cloth],0.5,EWB 1997,,,1775,0.9,,,,,,,noun,,,,
Dutch-6-82-1,5981,Dutch,6-82,handdoek,handdoek,h ɑ n d uː k,,12,false,^handdoek$,Dutch,72181920128204624,,,5. no evidence for borrowing,0.0,,,,analyzable compound,hand-doek [hand-cloth],0.5,WNT,,,1240,1.0,,,,,,,noun,,,,
Dutch-6-91-1,5982,Dutch,6-91,kam,kam,k ɑ m,,12,false,^kam$,Dutch,72181920884442743,,,5. no evidence for borrowing,0.0,,,,unanalyzable,,1.0,EWB 1997,,,1240,1.0,,,,,,,noun,,,,
Dutch-6-92-1,5983,Dutch,6-92,borstel,borstel,b ɔ r s t ə l,,12,false,^borstel$,Dutch,72181920797182615,,,5. no evidence for borrowing,0.0,,,,unanalyzable,,1.0,EWB 1997,,,1573,0.9,,,,,,,noun,,,,
Dutch-6-921-1,5984,Dutch,6-921,vlecht,vlecht,v l ɛ x t,,12,false,^vlecht$,Dutch,72181920705761283,,,5. no evidence for borrowing,0.0,,,,unanalyzable,,1.0,EWB 1997,,,1240,1.0,,,,,,,noun,,,,
Dutch-6-93-1,5985,Dutch,6-93,scheermes,scheermes,s x eː r m ɛ s,,12,false,^scheermes$,Dutch,72181920966646007,,,5. no evidence for borrowing,0.0,,,,analyzable compound,scheer-mes [shave-knife],0.5,WNT,,,1240,1.0,,,,,,,noun,,,,
Dutch-6-94-1,5986,Dutch,6-94,zalf,zalf,z ɑ l f,,12,false,^zalf$,Dutch,72181920806856719,,,5. no evidence for borrowing,0.0,,,,unanalyzable,,1.0,EWB 1997,,,1100,1.0,,,,,,,noun,,,,
Dutch-6-95-1,5987,Dutch,6-95,zeep,zeep,z eː p,,12,false,^zeep$,Dutch,7218192036946511,,,5. no evidence for borrowing,0.0,,,,unanalyzable,,1.0,EWB 1997,,,1288,1.0,,,,,,,noun,,,,
Dutch-6-96-1,5988,Dutch,6-96,spiegel,spiegel,s p iː ɣ ə l,,12,true,^spiegel$,Dutch,72181920602593268,,,1. clearly borrowed,1.0,,,,unanalyzable,,1.0,"Van der Sijs, Leenwoordenboek 2005; EWB 1997",,,1240,1.0,1. Highly integrated,present only since contact,Insertion,,Latin influence on Germanic [12],,noun,,,,
Dutch-7-11-1,5990,Dutch,7-11,wonen,wonen,ʋ oː n ə,,12,false,^wonen$,Dutch,7218192035694547,,,5. no evidence for borrowing,0.0,,,,semi-analyzable,won-en [?-INF],0.75,EWB 1997,,,0901-1000,1.0,,,,,,,verb,,,,
Dutch-7-12-1,5991,Dutch,7-12,huis,huis,h œy s,,12,false,^huis$,Dutch,72181920413881358,,,5. no evidence for borrowing,0.0,,,,unanalyzable,,1.0,EWB 1997,,,0893,1.0,,,,,,,noun,,,,
Dutch-7-13-1,5992,Dutch,7-13,hut,hut,h ʏ t,,12,true,^hut$,Dutch,721819201591564,,,1. clearly borrowed,1.0,,,,unanalyzable,,1.0,"Van der Sijs, Leenwoordenboek 2005; EWB 1997",,,1475,1.0,1. Highly integrated,present only since contact,Insertion,,High German influence [12],,noun,,,,
Dutch-7-131-1,5993,Dutch,7-131,tuinhuis,tuinhuis,t œy n h œy s,,12,false,^tuinhuis$,Dutch,72181920585156987,,,5. no evidence for borrowing,0.0,,,,analyzable compound,tuin-huis [garden-house],0.5,WNT,,,1508,0.9,,,,,,,noun,,,,
Dutch-7-14-1,5994,Dutch,7-14,tent,tent,t ɛ n t,,12,true,^tent$,Dutch,72181920529868525,,,1. clearly borrowed,1.0,,,,unanalyzable,,1.0,"Van der Sijs, Leenwoordenboek 2005; EWB 1997",,,1240,1.0,1. Highly integrated,present only since contact,Insertion,,French cultural influence [12],,noun,,,,
Dutch-7-15-1,5995,Dutch,7-15,binnenplaats,binnenplaats,b ɪ n ə p l aː t s,,12,false,^binnenplaats$,Dutch,72181920210492345,,,5. no evidence for borrowing,0.0,second element is loaned,yes,,analyzable compound,binnen-plaats [inside-place],0.5,WNT,,,1869,0.8,,,,,,,noun,,,,
Dutch-7-15-2,5996,Dutch,7-15,hof,hof,h ɔ f,,12,false,^hof$,Dutch,72181920363323619,,,5. no evidence for borrowing,0.0,,,,unanalyzable,,1.0,EWB 1997,,,0976,1.0,,,,,,,noun,,,,
Dutch-7-16-1,5997,Dutch,7-16,mannenhuis,mannenhuis,m ɑ n ə h œy s,,12,false,^mannenhuis$,Dutch,72181920803502165,,not used in Dutch context,5. no evidence for borrowing,0.0,,,,analyzable compound,mann-en-huis [man-PL-house],0.5,,,,1468,1.0,,,,,,,noun,,,,
Dutch-7-17-1,5998,Dutch,7-17,keuken,keuken,k øː k ə,,12,true,^keuken$,Dutch,72181920650610479,,,1. clearly borrowed,1.0,,,,unanalyzable,,1.0,"Van der Sijs, Leenwoordenboek 2005; EWB 1997",,,1236,1.0,1. Highly integrated,present only since contact,Insertion,,Latin influence on Germanic [12],,noun,,,,
Dutch-7-18-1,5999,Dutch,7-18,vergaderhuis,vergaderhuis,v ə r ɣ aː d ə r h œy s,,12,false,^vergaderhuis$,Dutch,72181920594876610,,,5. no evidence for borrowing,0.0,,,,analyzable compound,vergader-huis [meet-house],0.5,WNT,,,1771,0.9,,,,,,,noun,,,,
Dutch-7-21-1,6000,Dutch,7-21,kamer,kamer,k aː m ə r,,12,true,^kamer$,Dutch,72181920378210549,,,1. clearly borrowed,1.0,,,,unanalyzable,,1.0,"Van der Sijs, Leenwoordenboek 2005; EWB 1997",,,1201-1225,1.0,1. Highly integrated,present only since contact,Insertion,,Latin influence on Germanic [12],,noun,,,,
Dutch-7-22-1,6001,Dutch,7-22,deur,deur,d øː r,,12,false,^deur$,Dutch,72181920661243916,,,5. no evidence for borrowing,0.0,,,,unanalyzable,,1.0,EWB 1997,,,0901-1000,1.0,,,,,,,noun,,,,
Dutch-7-22-2,6002,Dutch,7-22,poort,poort,p oː r t,,12,true,^poort$,Dutch,72181920872647630,,,1. clearly borrowed,1.0,,,,unanalyzable,,1.0,"Van der Sijs, Leenwoordenboek 2005; EWB 1997",,,0901-1000,1.0,1. Highly integrated,present only since contact,Insertion,,Latin influence on Germanic [12],,noun,,,,
Dutch-7-221-1,6003,Dutch,7-221,deurpost,deurpost,d øː r p ɔ s t,,12,false,^deurpost$,Dutch,72181920667402523,,,5. no evidence for borrowing,0.0,second element is loaned,yes,,analyzable compound,deur-post [door-post],0.5,WNT,,,1301-1400,1.0,,,,,,,noun,,,,
Dutch-7-23-1,6004,Dutch,7-23,slot,slot,s l ɔ t,,12,false,^slot$,Dutch,72181920201406543,,,5. no evidence for borrowing,0.0,,,,analyzable derived,[lock-VERBAL ABSTRACT],0.5,EWB 1997,,,1240,1.0,,,,,,,noun,,,,
Dutch-7-231-1,6005,Dutch,7-231,klink,klink,k l ɪ ŋ k,,12,false,^klink$,Dutch,72181920769501523,,,5. no evidence for borrowing,0.0,,,,unanalyzable,,1.0,EWB 1997,,,1240,1.0,,,,,,,noun,,,,
Dutch-7-24-1,6007,Dutch,7-24,sleutel,sleutel,s l øː t ə l,,12,false,^sleutel$,Dutch,72181920749335112,,,5. no evidence for borrowing,0.0,,,,unanalyzable,,1.0,EWB 1997,,,1240,1.0,,,,,,,noun,,,,
Dutch-7-25-1,6008,Dutch,7-25,raam,raam,r aː m,,12,false,^raam$,Dutch,72181920323194278,,,5. no evidence for borrowing,0.0,,,,unanalyzable,,1.0,WNT,,,1277,1.0,,,,,,,noun,,,,
Dutch-7-25-2,6009,Dutch,7-25,venster,venster,v ɛ n s t ə r,,12,true,^venster$,Dutch,7218192041746943,,,1. clearly borrowed,1.0,,,,unanalyzable,,1.0,"Van der Sijs, Leenwoordenboek 2005; EWB 1997",,,1100,1.0,1. Highly integrated,present only since contact,Insertion,,Latin influence on Germanic [12],,noun,,,,
Dutch-7-26-1,6010,Dutch,7-26,vloer,vloer,v l uː r,,12,false,^vloer$,Dutch,7218192053430180,,,5. no evidence for borrowing,0.0,,,,unanalyzable,,1.0,EWB 1997,,,1265-1270,1.0,,,,,,,noun,,,,
Dutch-7-27-1,6011,Dutch,7-27,muur,muur,m yː r,,12,true,^muur$,Dutch,72181920938049904,,,1. clearly borrowed,1.0,,,,unanalyzable,,1.0,"Van der Sijs, Leenwoordenboek 2005; EWB 1997",,,0901-1000,1.0,1. Highly integrated,present only since contact,Insertion,,Latin influence on Germanic [12],,noun,,,,
Dutch-7-31-1,6012,Dutch,7-31,haard,haard,h aː r t,,12,false,^haard$,Dutch,72181920989692782,,,5. no evidence for borrowing,0.0,,,,unanalyzable,,1.0,EWB 1997,,,1350,1.0,,,,,,,noun,,,,
Dutch-7-32-1,6013,Dutch,7-32,kachel,kachel,k ɑ x ə l,,12,true,^kachel$,Dutch,72181920588234170,,,1. clearly borrowed,1.0,wordform shortened,,,unanalyzable,,1.0,"Van der Sijs, Leenwoordenboek 2005; EWB 1997",,,1591,0.9,1. Highly integrated,present only since contact,Insertion,,High German influence [12],,noun,,,,
Dutch-7-33-1,6014,Dutch,7-33,schoorsteen,schoorsteen,s x oː r s t eː n,,12,false,^schoorsteen$,Dutch,72181920196828978,,,5. no evidence for borrowing,0.0,,,,semi-analyzable,schoor-steen [?-stone],0.75,EWB 1997,,,1240,1.0,,,,,,,noun,,,,
Dutch-7-42-1,6016,Dutch,7-42,bed,bed,b ɛ t,,12,false,^bed$,Dutch,72181920512841111,,,5. no evidence for borrowing,0.0,,,,unanalyzable,,1.0,EWB 1997,,,1100,1.0,,,,,,,noun,,,,
Dutch-7-421-1,6017,Dutch,7-421,kussen (1),kussen,k ʏ s ə,,12,true,^kussen$,Dutch,72181920414092214,,,1. clearly borrowed,1.0,,,,unanalyzable,,1.0,"Van der Sijs, Leenwoordenboek 2005; EWB 1997",,,1201-1250,1.0,1. Highly integrated,present only since contact,Insertion,,French cultural influence [12],,noun,,,,
Dutch-7-422-1,6018,Dutch,7-422,deken,deken,d eː k ə,,12,false,^deken$,Dutch,72181920929490998,,,5. no evidence for borrowing,0.0,,,,unanalyzable,,1.0,EWB 1997,,,1326-1350,1.0,,,,,,,noun,,,,
Dutch-7-43-1,6019,Dutch,7-43,stoel,stoel,s t uː l,,12,false,^stoel$,Dutch,72181920983305430,,,5. no evidence for borrowing,0.0,,,,unanalyzable,,1.0,EWB 1997,,,0901-1000,1.0,,,,,,,noun,,,,
Dutch-7-44-1,6020,Dutch,7-44,tafel,tafel,t aː f ə l,,12,true,^tafel$,Dutch,72181920221672279,,,1. clearly borrowed,1.0,,,,unanalyzable,,1.0,"Van der Sijs, Leenwoordenboek 2005; EWB 1997",,,0901-1000,1.0,1. Highly integrated,present only since contact,Insertion,,Latin influence on Germanic [12],,noun,,,,
Dutch-7-45-1,6021,Dutch,7-45,lamp,lamp,l ɑ m p,,12,true,^lamp$,Dutch,72181920427195344,,,1. clearly borrowed,1.0,,,,unanalyzable,,1.0,"Van der Sijs, Leenwoordenboek 2005; EWB 1997",,,1240,1.0,1. Highly integrated,present only since contact,Insertion,,French cultural influence [12],,noun,,,,
Dutch-7-46-1,6022,Dutch,7-46,kaars,kaars,k aː r s,,12,true,^kaars$,Dutch,72181920591007968,,,1. clearly borrowed,1.0,,,,unanalyzable,,1.0,"Van der Sijs, Leenwoordenboek 2005; EWB 1997",,,1240,1.0,1. Highly integrated,present only since contact,Insertion,,High German influence [12],,noun,,,,
Dutch-7-47-1,6023,Dutch,7-47,plank,plank,p l ɑ ŋ k,,12,true,^plank$,Dutch,72181920919496907,,,1. clearly borrowed,1.0,,,,unanalyzable,,1.0,"Van der Sijs, Leenwoordenboek 2005; EWB 1997",,,1284,1.0,1. Highly integrated,present only since contact,Insertion,,Picardic oral influence [12],,noun,,,,
Dutch-7-48-1,6024,Dutch,7-48,trog,trog,t r ɔ x,,12,false,^trog$,Dutch,72181920115541608,,,5. no evidence for borrowing,0.0,,,,unanalyzable,,1.0,EWB 1997,,,1240,1.0,,,,,,,noun,,,,
Dutch-7-51-1,6025,Dutch,7-51,dak,dak,d ɑ k,,12,false,^dak$,Dutch,72181920719154733,,,5. no evidence for borrowing,0.0,,,,unanalyzable,,1.0,EWB 1997,,,1240,1.0,,,,,,,noun,,,,
Dutch-7-52-1,6026,Dutch,7-52,strodak,strodak,s t r oː d ɑ k,,12,false,^strodak$,Dutch,72181920545231339,,,5. no evidence for borrowing,0.0,,,,analyzable compound,stro-dak [straw-roof],0.5,WNT,,,1377,1.0,,,,,,,noun,,,,
Dutch-7-53-1,6027,Dutch,7-53,nok,nok,n ɔ k,,12,false,^nok$,Dutch,72181920175223633,,,5. no evidence for borrowing,0.0,,,,unanalyzable,,1.0,EWB 1997,,,1599,0.9,,,,,,,noun,,,,
Dutch-7-54-1,6028,Dutch,7-54,dakspar,dakspar,d ɑ k s p ɑ r,,12,false,^dakspar$,Dutch,7218192070394821,,,5. no evidence for borrowing,0.0,,,,analyzable compound,dak-spar [roof-rafter],0.5,WNT,,,1726,0.9,,,,,,,noun,,,,
Dutch-7-55-1,6029,Dutch,7-55,balk,balk,b ɑ l k,,12,false,^balk$,Dutch,72181920918967903,,,5. no evidence for borrowing,0.0,,,,unanalyzable,,1.0,EWB 1997,,,1064,1.0,,,,,,,noun,,,,
Dutch-7-56-1,6030,Dutch,7-56,post (1),post,p ɔ s t,,12,true,^post$,Dutch,72181920918424889,,,1. clearly borrowed,1.0,,,,unanalyzable,,1.0,"Van der Sijs, Leenwoordenboek 2005; EWB 1997",,,1240,1.0,1. Highly integrated,present only since contact,Insertion,,Latin influence on Germanic [12],,noun,,,,
Dutch-7-56-2,6031,Dutch,7-56,paal,paal,p aː l,,12,true,^paal$,Dutch,72181920120318965,,,1. clearly borrowed,1.0,,,,unanalyzable,,1.0,"Van der Sijs, Leenwoordenboek 2005; EWB 1997",,,1285,1.0,1. Highly integrated,present only since contact,Insertion,,Latin influence on Germanic [12],,noun,,,,
Dutch-7-57-1,6032,Dutch,7-57,plank,plank,p l ɑ ŋ k,,12,true,^plank$,Dutch,72181920919496907,,,1. clearly borrowed,1.0,,,,unanalyzable,,1.0,"Van der Sijs, Leenwoordenboek 2005; EWB 1997",,,1284,1.0,1. Highly integrated,present only since contact,Insertion,,Picardic oral influence [12],,noun,,,,
Dutch-7-58-1,6033,Dutch,7-58,boog (1),boog,b oː x,,12,false,^boog$,Dutch,72181920103503707,,,5. no evidence for borrowing,0.0,,,,analyzable derived,[bow-VERBAL ABSTRACT],0.5,EWB 1997,,,1350-1384,1.0,,,,,,,noun,,,,
Dutch-7-61-1,6034,Dutch,7-61,metselaar,metselaar,m ɛ t s ə l aː r,,12,true,^metselaar$,Dutch,72181920808086494,,,1. clearly borrowed,1.0,"Word class is changed: either the exact word form in the donor language is unknown, or the word is derived in Dutch with an original Latin suffix.",,,analyzable derived,metsel-aar [to lay bricks-AGT],0.5,WNT,,,1343-1346,1.0,1. Highly integrated,present only since contact,Insertion,,Latin influence on Germanic [12],,noun,,,,
Dutch-7-62-1,6035,Dutch,7-62,baksteen,baksteen,b ɑ k s t eː n,,12,false,^baksteen$,Dutch,72181920750706399,,,5. no evidence for borrowing,0.0,,,,analyzable compound,bak-steen [bake-stone],0.5,WNT,,,1438,1.0,,,,,,,noun,,,,
Dutch-7-63-1,6036,Dutch,7-63,mortel,mortel,m ɔ r t ə l,,12,true,^mortel$,Dutch,72181920254891499,,,1. clearly borrowed,1.0,,,,unanalyzable,,1.0,"Van der Sijs, Leenwoordenboek 2005; EWB 1997",,,1240,1.0,1. Highly integrated,present only since contact,Insertion,,Latin influence on Germanic [12],,noun,,,,
Dutch-7-63-2,6037,Dutch,7-63,specie,specie,s p eː s iː,,12,true,^specie$,Dutch,72181920979506674,,,1. clearly borrowed,1.0,,,,unanalyzable,,1.0,"Van der Sijs, Leenwoordenboek 2005; EWB 1997",,,1384-1407,1.0,1. Highly integrated,present only since contact,Insertion,,Latin influence on Germanic [12],,noun,,,,
Dutch-7-64-1,6038,Dutch,7-64,lemen baksteen,lemen_baksteen,l eː m ə + b ɑ k s t eː n,,12,false,^lemen_baksteen$,Dutch,72181920555447699,,,5. no evidence for borrowing,0.0,,,,analyzable phrasal,[clay bake-stone],0.5,WNT,,,1801-1900,0.8,,,,,,,noun,,,,
Dutch-8-11-1,6042,Dutch,8-11,boer,boer,b uː r,,12,false,^boer$,Dutch,72181920181930336,,,5. no evidence for borrowing,0.0,,,,unanalyzable,,1.0,EWB 1997,,,1516,0.9,,,,,,,noun,,,,
Dutch-8-12-1,6043,Dutch,8-12,akker,akker,ɑ k ə r,,12,false,^akker$,Dutch,72181920661742915,,,5. no evidence for borrowing,0.0,,,,unanalyzable,,1.0,EWB 1997,,,0821-823,1.0,,,,,,,noun,,,,
Dutch-8-12-2,6044,Dutch,8-12,veld,veld,v ɛ l t,,12,false,^veld$,Dutch,72181920304595565,,,5. no evidence for borrowing,0.0,,,,unanalyzable,,1.0,EWB 1997,,,0802-817,1.0,,,,,,,noun,,,,
Dutch-8-13-1,6046,Dutch,8-13,tuin,tuin,t œy n,,12,false,^tuin$,Dutch,72181920130835424,,,5. no evidence for borrowing,0.0,,,,unanalyzable,,1.0,EWB 1997,,,0901-1000,1.0,,,,,,,noun,,,,
Dutch-8-15-1,6047,Dutch,8-15,ontginnen,ontginnen,ɔ n t x ɪ n ə,,12,false,^ontginnen$,Dutch,72181920541918342,,,5. no evidence for borrowing,0.0,,,,semi-analyzable,ont-ginn-en [away-?-INF],0.75,EWB 1997,,,1265-1270,1.0,,,,,,,verb,,,,
Dutch-8-16-1,6048,Dutch,8-16,hek,hek,h ɛ k,,12,false,^hek$,Dutch,72181920196281707,,,5. no evidence for borrowing,0.0,,,,unanalyzable,,1.0,EWB 1997,,,1227,1.0,,,,,,,noun,,,,
Dutch-8-17-1,6049,Dutch,8-17,sloot,sloot,s l oː t,,12,false,^sloot$,Dutch,72181920809790107,,,5. no evidence for borrowing,0.0,,,,unanalyzable,,1.0,EWB 1997,,,0966,1.0,,,,,,,noun,,,,
Dutch-8-21-1,6050,Dutch,8-21,ploegen,ploegen,p l uː ɣ ə,,12,false,^ploegen$,Dutch,72181920945838321,,,5. no evidence for borrowing,0.0,,,,analyzable derived,ploeg-en [plough-INF],0.5,EWB 1997,,,1240,1.0,,,,,,,verb,,,,
Dutch-8-212-1,6051,Dutch,8-212,vore,vore,v oː r ə,,12,false,^vore$,Dutch,72181920326240412,,,5. no evidence for borrowing,0.0,,,,unanalyzable,,1.0,EWB 1997,,,1240,1.0,,,,,,,noun,,,,
Dutch-8-22-1,6052,Dutch,8-22,graven,graven,x r aː v ə,,12,false,^graven$,Dutch,72181920392792991,,,5. no evidence for borrowing,0.0,,,,analyzable derived,grav-en [grave-INF],0.5,EWB 1997,,,0901-1000,1.0,,,,,,,verb,,,,
Dutch-8-23-1,6053,Dutch,8-23,spade,spade,s p aː d ə,,12,false,^spade$,Dutch,72181920892117808,,,5. no evidence for borrowing,0.0,,,,unanalyzable,,1.0,EWB 1997,,,1240,1.0,,,,,,,noun,,,,
Dutch-8-24-1,6054,Dutch,8-24,schop,schop,s x ɔ p,,12,false,^schop$,Dutch,72181920728221715,,,5. no evidence for borrowing,0.0,,,,unanalyzable,,1.0,EWB 1997,,,1370,1.0,,,,,,,noun,,,,
Dutch-8-25-1,6055,Dutch,8-25,schoffel,schoffel,s x ɔ f ə l,,12,false,^schoffel$,Dutch,72181920889276775,,,5. no evidence for borrowing,0.0,,,,unanalyzable,,1.0,EWB 1997,,,1651,0.9,,,,,,,noun,,,,
Dutch-8-26-1,6056,Dutch,8-26,vork,vork,v ɔ r k,,12,true,^vork$,Dutch,72181920202953808,,,1. clearly borrowed,1.0,,,,unanalyzable,,1.0,"Van der Sijs, Leenwoordenboek 2005; EWB 1997",,,1240,1.0,1. Highly integrated,present only since contact,Insertion,,Latin influence on Germanic [12],,noun,,,,
Dutch-8-26-2,6057,Dutch,8-26,mestvork,mestvork,m ɛ s t f ɔ r k,,12,false,^mestvork$,Dutch,72181920467784315,,,5. no evidence for borrowing,0.0,second element is loaned,yes,,analyzable compound,mest-vork [manure-fork],0.5,WNT,,,1769-1811,0.9,,,,,,,noun,,,,
Dutch-8-27-1,6058,Dutch,8-27,hark,hark,h ɑ r k,,12,false,^hark$,Dutch,72181920175973816,,,5. no evidence for borrowing,0.0,,,,unanalyzable,,1.0,EWB 1997,,,1420,1.0,,,,,,,noun,,,,
Dutch-8-31-1,6061,Dutch,8-31,zaaien,zaaien,z aː j ə,,12,false,^zaaien$,Dutch,72181920483397547,,,5. no evidence for borrowing,0.0,,,,semi-analyzable,zaai-en [?-INF],0.75,EWB 1997,,,1240,1.0,,,,,,,verb,,,,
Dutch-8-311-1,6062,Dutch,8-311,zaad,zaad,z aː t,,12,false,^zaad$,Dutch,72181920116877830,,,5. no evidence for borrowing,0.0,,,,unanalyzable,,1.0,EWB 1997,,,1240,1.0,,,,,,,noun,,,,
Dutch-8-32-1,6063,Dutch,8-32,maaien,maaien,m aː j ə,,12,false,^maaien$,Dutch,72181920989305459,,,5. no evidence for borrowing,0.0,,,,semi-analyzable,maai-en [?-INF],0.75,EWB 1997,,,1240,1.0,,,,,,,verb,,,,
Dutch-8-33-1,6064,Dutch,8-33,zeis,zeis,z ɛi s,,12,false,^zeis$,Dutch,7218192026877038,,,5. no evidence for borrowing,0.0,,,,unanalyzable,,1.0,EWB 1997,,,1340-1350,1.0,,,,,,,noun,,,,
Dutch-8-34-1,6065,Dutch,8-34,dorsen,dorsen,d ɔ r s ə,,12,false,^dorsen$,Dutch,72181920112859422,,,5. no evidence for borrowing,0.0,,,,semi-analyzable,dors-en [?-INF],0.75,EWB 1997,,,1285,1.0,,,,,,,verb,,,,
Dutch-8-35-1,6066,Dutch,8-35,dorsvloer,dorsvloer,d ɔ r s f l uː r,,12,false,^dorsvloer$,Dutch,72181920116875815,,,5. no evidence for borrowing,0.0,,,,analyzable compound,dors-vloer [thresh-floor],0.5,WNT,,,1470,1.0,,,,,,,noun,,,,
Dutch-8-41-1,6067,Dutch,8-41,oogst,oogst,oː x s t,,12,true,^oogst$,Dutch,72181920932558164,,,1. clearly borrowed,1.0,,,,unanalyzable,,1.0,"Van der Sijs, Leenwoordenboek 2005; EWB 1997",,,1240,1.0,1. Highly integrated,present only since contact,Insertion,,Latin influence on Germanic [12],,noun,,,,
Dutch-8-42-1,6068,Dutch,8-42,graan,graan,x r aː n,,12,true,^graan$,Dutch,72181920843987028,,,1. clearly borrowed,1.0,,,,unanalyzable,,1.0,"Van der Sijs, Leenwoordenboek 2005; EWB 1997",,,1240,1.0,1. Highly integrated,present only since contact,Insertion,,Latin influence on Germanic [12],,noun,,,,
Dutch-8-43-1,6069,Dutch,8-43,tarwe,tarwe,t ɑ r ʋ ə,,12,false,^tarwe$,Dutch,72181920340482903,,,5. no evidence for borrowing,0.0,,,,unanalyzable,,1.0,EWB 1997,,,1189,1.0,,,,,,,noun,,,,
Dutch-8-44-1,6070,Dutch,8-44,gerst,gerst,x ɛ r s t,,12,false,^gerst$,Dutch,72181920492180936,,,5. no evidence for borrowing,0.0,,,,unanalyzable,,1.0,EWB 1997,,,1240,1.0,,,,,,,noun,,,,
Dutch-8-45-1,6071,Dutch,8-45,rogge,rogge,r ɔ ɣ ə,,12,true,^rogge$,Dutch,72181920393452435,,,1. clearly borrowed,1.0,,,,unanalyzable,,1.0,"Van der Sijs, Leenwoordenboek 2005; EWB 1997",,,1240,1.0,1. Highly integrated,present only since contact,Insertion,,Old Slavic influence on Germanic [12],,noun,,,,
Dutch-8-46-1,6072,Dutch,8-46,haver,haver,h aː v ə r,,12,false,^haver$,Dutch,72181920388675995,,,5. no evidence for borrowing,0.0,,,,unanalyzable,,1.0,EWB 1997,,,1280,1.0,,,,,,,noun,,,,
Dutch-8-47-1,6073,Dutch,8-47,maïs,maïs,m ɑ j s,,12,true,^maïs$,Dutch,7218192050536145,,,1. clearly borrowed,1.0,,,,unanalyzable,,1.0,"Van der Sijs, Leenwoordenboek 2005; EWB 1997",,,1581,0.9,1. Highly integrated,present only since contact,Insertion,,Portuguese and/or Spanish colonial contacts [12],,noun,,,,
Dutch-8-48-1,6074,Dutch,8-48,rijst,rijst,r ɛi s t,,12,true,^rijst$,Dutch,72181920587424781,,,1. clearly borrowed,1.0,,,,unanalyzable,,1.0,"Van der Sijs, Leenwoordenboek 2005; EWB 1997",,,1252,1.0,1. Highly integrated,present only since contact,Insertion,,French cultural influence [12],,noun,,,,
Dutch-8-51-1,6075,Dutch,8-51,gras,gras,x r ɑ s,,12,false,^gras$,Dutch,7218192093980871,,,5. no evidence for borrowing,0.0,,,,unanalyzable,,1.0,EWB 1997,,,1125-1130,1.0,,,,,,,noun,,,,
Dutch-8-52-1,6076,Dutch,8-52,hooi,hooi,h oː j,,12,false,^hooi$,Dutch,72181920451155034,,,5. no evidence for borrowing,0.0,,,,unanalyzable,,1.0,EWB 1997,,,1050,1.0,,,,,,,noun,,,,
Dutch-8-53-1,6077,Dutch,8-53,plant,plant,p l ɑ n t,,12,true,^plant$,Dutch,72181920329914054,,,1. clearly borrowed,1.0,,,,unanalyzable,,1.0,"Van der Sijs, Leenwoordenboek 2005; EWB 1997",,,1240,1.0,1. Highly integrated,present in pre-contact environment,,,Latin influence on Germanic [12],,noun,,,,
Dutch-8-531-1,6078,Dutch,8-531,planten,planten,p l ɑ n t ə,,12,true,^planten$,Dutch,72181920672433723,,,1. clearly borrowed,1.0,,,,analyzable derived,plant-en [plant-INF],0.5,"Van der Sijs, Leenwoordenboek 2005; EWB 1997",,,1240,1.0,1. Highly integrated,present in pre-contact environment,,,Latin influence on Germanic [12],,verb,,,,
Dutch-8-54-1,6079,Dutch,8-54,wortel,wortel,ʋ ɔ r t ə l,,12,false,^wortel$,Dutch,72181920127267658,,,5. no evidence for borrowing,0.0,,,,unanalyzable,,1.0,EWB 1997,,,1240,1.0,,,,,,,noun,,,,
Dutch-8-55-1,6080,Dutch,8-55,tak,tak,t ɑ k,,12,false,^tak$,Dutch,72181920779496575,,,5. no evidence for borrowing,0.0,,,,unanalyzable,,1.0,EWB 1997,,,1275,1.0,,,,,,,noun,,,,
Dutch-8-56-1,6081,Dutch,8-56,blad,blad,b l ɑ t,,12,false,^blad$,Dutch,72181920578686080,,,5. no evidence for borrowing,0.0,,,,unanalyzable,,1.0,EWB 1997,,,1240,1.0,,,,,,,noun,,,,
Dutch-8-57-1,6082,Dutch,8-57,bloem,bloem,b l uː m,,12,false,^bloem$,Dutch,72181920757224567,,,5. no evidence for borrowing,0.0,,,,unanalyzable,,1.0,EWB 1997,,,1100,1.0,,,,,,,noun,,,,
Dutch-8-6-1,6083,Dutch,8-6,boom,boom,b oː m,,12,false,^boom$,Dutch,72181920307328133,,,5. no evidence for borrowing,0.0,,,,unanalyzable,,1.0,EWB 1997,,,0701-800,1.0,,,,,,,noun,,,,
Dutch-8-61-1,6084,Dutch,8-61,eik,eik,ɛi k,,12,false,^eik$,Dutch,72181920888042041,,,5. no evidence for borrowing,0.0,,,,unanalyzable,,1.0,EWB 1997,,,1137,1.0,,,,,,,noun,,,,
Dutch-8-62-1,6085,Dutch,8-62,beuk,beuk,b øː k,,12,false,^beuk$,Dutch,72181920993610389,,,5. no evidence for borrowing,0.0,,,,unanalyzable,,1.0,EWB 1997,,,0806,1.0,,,,,,,noun,,,,
Dutch-8-63-1,6086,Dutch,8-63,berk,berk,b ɛ r k,,12,false,^berk$,Dutch,72181920838911020,,,5. no evidence for borrowing,0.0,,,,unanalyzable,,1.0,EWB 1997,,,1050,1.0,,,,,,,noun,,,,
Dutch-8-64-1,6087,Dutch,8-64,pijnboom,pijnboom,p ɛi m b oː m,,12,false,^pijnboom$,Dutch,72181920135204483,,,5. no evidence for borrowing,0.0,The first element is borrowed from Latin; the component boom (tree) has been added to elucidate the word (pijn also = pain).,yes,,analyzable compound,pijn-boom [pine-tree],0.5,EWB 1997,,,1240,1.0,,,,,,,noun,,,,
Dutch-8-64-2,6088,Dutch,8-64,den,den,d ɛ n,,12,false,^den$,Dutch,72181920211947661,,,5. no evidence for borrowing,0.0,,,,unanalyzable,,1.0,EWB 1997,,,1225,1.0,,,,,,,noun,,,,
Dutch-8-65-1,6089,Dutch,8-65,spar,spar,s p ɑ r,,12,false,^spar$,Dutch,72181920651786102,,,5. no evidence for borrowing,0.0,,,,unanalyzable,,1.0,EWB 1997,,,1714,0.9,,,,,,,noun,,,,
Dutch-8-66-1,6090,Dutch,8-66,eikel,eikel,ɛi k ə l,,12,false,^eikel$,Dutch,72181920894025519,,,5. no evidence for borrowing,0.0,,,,unanalyzable,,1.0,EWB 1997,,,1240,1.0,,,,,,,noun,,,,
Dutch-8-67-1,6091,Dutch,8-67,wingerd,wingerd,ʋ ɪ ŋ ə r t,,12,false,^wingerd$,Dutch,72181920335732808,,,5. no evidence for borrowing,0.0,"The first element (from wijn, Latin vinum) is loaned.",yes,,unanalyzable,,1.0,EWB 1997,,,1300,1.0,,,,,,,noun,,,,
Dutch-8-68-1,6092,Dutch,8-68,tabak,tabak,t aː b ɑ k,,12,true,^tabak$,Dutch,72181920965689795,,,1. clearly borrowed,1.0,,,,unanalyzable,,1.0,"Van der Sijs, Leenwoordenboek 2005; EWB 1997",,,1577,0.9,1. Highly integrated,present only since contact,Insertion,,Portuguese and/or Spanish colonial contacts [12],,noun,,,,
Dutch-8-69-1,6093,Dutch,8-69,roken,roken,r oː k ə,,12,false,^roken$,Dutch,72181920109412768,,,5. no evidence for borrowing,0.0,,,,analyzable derived,rok-en [smoke-INF],0.5,EWB 1997,,,1668,0.9,,,,,,,verb,,,,
Dutch-8-691-1,6094,Dutch,8-691,pijp,pijp,p ɛi p,,12,true,^pijp$,Dutch,72181920247509759,,,1. clearly borrowed,1.0,,,,unanalyzable,,1.0,"Van der Sijs, Leenwoordenboek 2005; EWB 1997",,,1693,0.9,1. Highly integrated,present only since contact,Insertion,,Romance influence on Germanic [12],,noun,,,,
Dutch-8-72-1,6095,Dutch,8-72,stronk,stronk,s t r ɔ ŋ k,,12,false,^stronk$,Dutch,72181920780856629,,,5. no evidence for borrowing,0.0,,,,unanalyzable,,1.0,EWB 1997,,,1350,1.0,,,,,,,noun,,,,
Dutch-8-73-1,6096,Dutch,8-73,boomstam,boomstam,b oː m s t ɑ m,,12,false,^boomstam$,Dutch,72181920416425130,,,5. no evidence for borrowing,0.0,,,,analyzable compound,boom-stam [tree-trunk],0.5,WNT,,,1618,0.9,,,,,,,noun,,,,
Dutch-8-74-1,6097,Dutch,8-74,gevorkte tak,gevorkte_tak,x ə v ɔ r k t ə + t ɑ k,,12,false,^gevorkte_tak$,Dutch,72181920524556149,,,5. no evidence for borrowing,0.0,first element is loaned,yes,,analyzable phrasal,[fork-PST PTCP branch],0.5,WNT,,,1562,0.9,,,,,,,noun,,,,
Dutch-8-75-1,6098,Dutch,8-75,bast,bast,b ɑ s t,,12,false,^bast$,Dutch,7218192049063720,,,5. no evidence for borrowing,0.0,,,,unanalyzable,,1.0,EWB 1997,,,1105,1.0,,,,,,,noun,,,,
Dutch-8-76-1,6099,Dutch,8-76,sap,sap,s ɑ p,,12,false,^sap$,Dutch,72181920237824465,,,5. no evidence for borrowing,0.0,,,,unanalyzable,,1.0,EWB 1997,,,1240,1.0,,,,,,,noun,,,,
Dutch-8-81-1,6100,Dutch,8-81,palm (2),palm,p ɑ l m,,12,true,^palm$,Dutch,72181920913807502,,,1. clearly borrowed,1.0,,,,unanalyzable,,1.0,"Van der Sijs, Leenwoordenboek 2005; EWB 1997",,,1100,1.0,1. Highly integrated,present only since contact,Insertion,,Church Latin influence [12],,noun,,,,
Dutch-8-82-1,6101,Dutch,8-82,kokosnoot,kokosnoot,k oː k ɔ s n oː t,,12,false,^kokosnoot$,Dutch,72181920910999285,,,5. no evidence for borrowing,0.0,first element kokos is loaned from Portuguese or Spanish,yes,,analyzable compound,kokos-noot [coconut-nut],0.5,EWB 1997,,,1602,0.9,,,,,,,noun,,,,
Dutch-8-83-1,6102,Dutch,8-83,citrusvrucht,citrusvrucht,s iː t r ʏ s f r ʏ x t,,12,false,^citrusvrucht$,Dutch,7218192047120710,,,5. no evidence for borrowing,0.0,The first element is borrowed from Latin; the component vrucht (fruit) has been added to elucidate the word; vrucht is also a loanword.,yes,,analyzable compound,citrus-vrucht [citrus-fruit],0.5,EWB 1997,,,1947,0.7,,,,,,,noun,,,,
Dutch-8-84-1,6103,Dutch,8-84,banaan,banaan,b aː n aː n,,12,true,^banaan$,Dutch,72181920209042274,,,1. clearly borrowed,1.0,,,,unanalyzable,,1.0,"Van der Sijs, Leenwoordenboek 2005; EWB 1997",,,1596,0.9,1. Highly integrated,present only since contact,Insertion,,Portuguese and/or Spanish colonial contacts [12],,noun,,,,
Dutch-8-85-1,6104,Dutch,8-85,banyan,banyan,b ɑ n j a n,,12,true,^banyan$,Dutch,72181920712528966,,,1. clearly borrowed,1.0,,,,unanalyzable,,1.0,WNT,,,1951-2000,0.6,3. Unintegrated,present only since contact,Insertion,,English colonial contacts [12],,noun,,,,
Dutch-8-91-1,6105,Dutch,8-91,bataat,bataat,b aː t aː t,,12,true,^bataat$,Dutch,72181920938042577,,,1. clearly borrowed,1.0,,,,unanalyzable,,1.0,"Van der Sijs, Leenwoordenboek 2005; EWB 1997",,,1565,0.9,3. Unintegrated,present only since contact,Insertion,,Portuguese and/or Spanish colonial contacts [12],,noun,,,,
Dutch-8-91-2,6106,Dutch,8-91,zoete aardappel,zoete_aardappel,z uː t ə + aː r d ɑ p ə l,,12,false,^zoete_aardappel$,Dutch,72181920209486775,,,5. no evidence for borrowing,0.0,,,,analyzable phrasal,[sweet earth-apple],0.5,WNT,,,1862,0.8,,,,,,,noun,,,,
Dutch-8-912-1,6109,Dutch,8-912,yam,yam,j ɑ m,,12,true,^yam$,Dutch,72181920578025779,,,1. clearly borrowed,1.0,,,,unanalyzable,,1.0,"Van der Sijs, Leenwoordenboek 2005; EWB 1997",,,1695,0.9,3. Unintegrated,present only since contact,Insertion,,English colonial contacts [12],,noun,,,,
Dutch-8-92-1,6110,Dutch,8-92,cassave,cassave,k ɑ s aː v ə,,12,true,^cassave$,Dutch,7218192020763552,,,1. clearly borrowed,1.0,,,,unanalyzable,,1.0,"Van der Sijs, Leenwoordenboek 2005; EWB 1997",,,1625,0.9,1. Highly integrated,present only since contact,Insertion,,French cultural influence [12],,noun,,,,
Dutch-8-92-2,6111,Dutch,8-92,maniok,maniok,m aː n iː j ɔ k,,12,true,^maniok$,Dutch,72181920468748321,,,1. clearly borrowed,1.0,,,,unanalyzable,,1.0,"Van der Sijs, Leenwoordenboek 2005; EWB 1997",,,1596,0.9,1. Highly integrated,present only since contact,Insertion,,French cultural influence [12],,noun,,,,
Dutch-8-93-1,6112,Dutch,8-93,kalebas,kalebas,k aː l ə b ɑ s,,12,true,^kalebas$,Dutch,72181920443954612,,,1. clearly borrowed,1.0,,,,unanalyzable,,1.0,"Van der Sijs, Leenwoordenboek 2005; EWB 1997",,,1588,0.9,1. Highly integrated,present only since contact,Insertion,,French cultural influence [12],,noun,,,,
Dutch-8-931-1,6113,Dutch,8-931,pompoen,pompoen,p ɔ m p uː n,,12,true,^pompoen$,Dutch,72181920710694314,,,1. clearly borrowed,1.0,,,,unanalyzable,,1.0,"Van der Sijs, Leenwoordenboek 2005; EWB 1997",,,1562,0.9,1. Highly integrated,present only since contact,Insertion,,French cultural influence [12],,noun,,,,
Dutch-8-94-1,6114,Dutch,8-94,bamboe,bamboe,b ɑ m b uː,,12,true,^bamboe$,Dutch,72181920375827663,,,1. clearly borrowed,1.0,,,,unanalyzable,,1.0,"Van der Sijs, Leenwoordenboek 2005; EWB 1997",,,1596,0.9,1. Highly integrated,present only since contact,Insertion,,Trade contacts in colonial times [12],,noun,,,,
Dutch-8-941-1,6115,Dutch,8-941,suikerriet,suikerriet,s œy k ə r iː t,,12,false,^suikerriet$,Dutch,72181920491853302,,,5. no evidence for borrowing,0.0,first element is loaned,yes,,analyzable compound,suiker-riet [sugar-cane],0.5,WNT,,,1614,0.9,,,,,,,noun,,,,
Dutch-8-96-1,6116,Dutch,8-96,vissengif,vissengif,v ɪ s ə x ɪ f,,12,false,^vissengif$,Dutch,72181920599576779,,not used in Dutch context,5. no evidence for borrowing,0.0,gif is loaned from German,yes,,analyzable compound,viss-en-gif [fish-PL-poison],0.5,,,,1901-2000,0.7,,,,,,,noun,,,,
Dutch-8-97-1,6117,Dutch,8-97,netel,netel,n eː t ə l,,12,false,^netel$,Dutch,72181920276356288,,,5. no evidence for borrowing,0.0,,,,unanalyzable,,1.0,EWB 1997,,,1287,1.0,,,,,,,noun,,,,
Dutch-8-98-1,6118,Dutch,8-98,paddenstoel,paddenstoel,p ɑ d ə s t uː l,,12,false,^paddenstoel$,Dutch,72181920496341263,,,5. no evidence for borrowing,0.0,,,,analyzable compound,padd-en-stoel [toad-CONN-stool],0.5,EWB 1997,,,1477,1.0,,,,,,,noun,,,,
Dutch-9-11-1,6122,Dutch,9-11,doen,doen,d uː n,,12,false,^doen$,Dutch,72181920995900004,,,5. no evidence for borrowing,0.0,,,,unanalyzable,,1.0,EWB 1997,,,0901-1000,1.0,,,,,,,verb,,,,
Dutch-9-12-1,6124,Dutch,9-12,werk,werk,ʋ ɛ r k,,12,false,^werk$,Dutch,72181920258680314,,,5. no evidence for borrowing,0.0,,,,unanalyzable,,1.0,EWB 1997,,,0776-800,1.0,,,,,,,noun,,,,
Dutch-9-14-1,6125,Dutch,9-14,buigen,buigen,b œy ɣ ə,,12,false,^buigen$,Dutch,72181920389647728,,,5. no evidence for borrowing,0.0,,,,semi-analyzable,buig-en [?-INF],0.75,EWB 1997,,,0901-1000,1.0,,,,,,,verb,,,,
Dutch-9-15-1,6126,Dutch,9-15,vouwen,vouwen,v ɑu ʋ ə,,12,false,^vouwen$,Dutch,72181920846841208,,,5. no evidence for borrowing,0.0,,,,analyzable derived,vouww-en [fold-INF],0.5,EWB 1997,,,1277,1.0,,,,,,,verb,,,,
Dutch-9-16-1,6127,Dutch,9-16,binden,binden,b ɪ n d ə,,12,false,^binden$,Dutch,72181920680588223,,,5. no evidence for borrowing,0.0,,,,semi-analyzable,bind-en [?-INF],0.75,EWB 1997,,,1100,1.0,,,,,,,verb,,,,
Dutch-9-161-1,6128,Dutch,9-161,losmaken,losmaken,l ɔ s m aː k ə,,12,false,^losmaken$,Dutch,72181920308052296,,,5. no evidence for borrowing,0.0,,,,analyzable compound,los-mak-en [loose-make-INF],0.5,WNT,,,1638,0.9,,,,,,,verb,,,,
Dutch-9-18-1,6129,Dutch,9-18,keten,keten,k eː t ə,,12,true,^keten$,Dutch,72181920269861793,,,1. clearly borrowed,1.0,,,,unanalyzable,,1.0,"Van der Sijs, Leenwoordenboek 2005; EWB 1997",,,1240,1.0,1. Highly integrated,present only since contact,Insertion,,Latin influence on Germanic [12],,noun,,,,
Dutch-9-18-2,6130,Dutch,9-18,ketting,ketting,k ɛ t ɪ ŋ,,12,false,^ketting$,Dutch,72181920979850720,,,5. no evidence for borrowing,0.0,derivation from the loanword keten,yes,,unanalyzable,,1.0,EWB 1997,,,1401-1500,1.0,,,,,,,noun,,,,
Dutch-9-19-1,6131,Dutch,9-19,touw,touw,t ɑu ʋ,,12,false,^touw$,Dutch,72181920633937007,,,5. no evidence for borrowing,0.0,,,,unanalyzable,,1.0,EWB 1997,,,1286,1.0,,,,,,,noun,,,,
Dutch-9-192-1,6132,Dutch,9-192,knoop,knoop,k n oː p,,12,false,^knoop$,Dutch,72181920166034124,,,5. no evidence for borrowing,0.0,,,,unanalyzable,,1.0,EWB 1997,,,1265-1270,1.0,,,,,,,noun,,,,
Dutch-9-21-1,6133,Dutch,9-21,slaan,slaan,s l aː n,,12,false,^slaan$,Dutch,72181920113024261,,,5. no evidence for borrowing,0.0,,,,unanalyzable,,1.0,EWB 1997,,,0901-1000,1.0,,,,,,,verb,,,,
Dutch-9-211-1,6134,Dutch,9-211,bonzen,bonzen,b ɔ n z ə,,12,false,^bonzen$,Dutch,72181920866760651,,,5. no evidence for borrowing,0.0,,,,analyzable derived,bonz-en [bump-INF],0.5,EWB 1997,,,1589,0.9,,,,,,,verb,,,,
Dutch-9-22-1,6135,Dutch,9-22,doorsnijden,doorsnijden,d oː r s n ɛi d ə,,12,false,^doorsnijden$,Dutch,72181920552550517,,,5. no evidence for borrowing,0.0,,,,analyzable compound,door-snijd-en [through-cut-INF],0.5,WNT,,,1451-1500,1.0,,,,,,,verb,,,,
Dutch-9-221-1,6136,Dutch,9-221,vellen,vellen,v ɛ l ə,,12,false,^vellen$,Dutch,72181920411801450,,,5. no evidence for borrowing,0.0,,,,analyzable derived,vell-en [CAUS-fall-INF],0.5,EWB 1997,,,1220-1240,1.0,,,,,,,verb,,,,
Dutch-9-222-1,6137,Dutch,9-222,hakken,hakken,h ɑ k ə,,12,false,^hakken$,Dutch,72181920274158139,,,5. no evidence for borrowing,0.0,,,,semi-analyzable,hakk-en [?-INF],0.75,EWB 1997,,,1350,1.0,,,,,,,verb,,,,
Dutch-9-223-1,6138,Dutch,9-223,steken,steken,s t eː k ə,,12,false,^steken$,Dutch,72181920737397096,,,5. no evidence for borrowing,0.0,,,,analyzable derived,stek-en [stick-INF],0.5,EWB 1997,,,1236,1.0,,,,,,,verb,,,,
Dutch-9-23-1,6139,Dutch,9-23,mes,mes,m ɛ s,,12,false,^mes$,Dutch,72181920419497892,,,5. no evidence for borrowing,0.0,,,,unanalyzable,,1.0,EWB 1997,,,1240,1.0,,,,,,,noun,,,,
Dutch-9-24-1,6140,Dutch,9-24,schaar,schaar,s x aː r,,12,false,^schaar$,Dutch,72181920340969827,,,5. no evidence for borrowing,0.0,,,,unanalyzable,,1.0,EWB 1997,,,1240,1.0,,,,,,,noun,,,,
Dutch-9-25-1,6141,Dutch,9-25,bijl,bijl,b ɛi l,,12,false,^bijl$,Dutch,72181920890169463,,,5. no evidence for borrowing,0.0,,,,unanalyzable,,1.0,EWB 1997,,,1240,1.0,,,,,,,noun,,,,
Dutch-9-251-1,6142,Dutch,9-251,dissel,dissel,d ɪ s ə l,,12,false,^dissel$,Dutch,72181920722666239,,,5. no evidence for borrowing,0.0,,,,unanalyzable,,1.0,EWB 1997,,,1460-1514,1.0,,,,,,,noun,,,,
Dutch-9-26-1,6143,Dutch,9-26,breken,breken,b r eː k ə,,12,false,^breken$,Dutch,72181920582660701,,,5. no evidence for borrowing,0.0,,,,semi-analyzable,brek-en [?-INF],0.75,EWB 1997,,,1237,1.0,,,,,,,verb,,,,
Dutch-9-261-1,6144,Dutch,9-261,kapot,kapot,k aː p ɔ t,,12,true,^kapot$,Dutch,72181920270998642,,,1. clearly borrowed,1.0,,,,unanalyzable,,1.0,"Van der Sijs, Leenwoordenboek 2005; EWB 1997",,,1717,0.9,1. Highly integrated,present in pre-contact environment,Coexistence,,High German influence [12],,adjective,,,,
Dutch-9-261-2,6145,Dutch,9-261,stuk (2),stuk,s t ʏ k,,12,false,^stuk$,Dutch,72181920875183065,,,5. no evidence for borrowing,0.0,,,,unanalyzable,,1.0,EWB 1997,,,1819,0.8,,,,,,,adjective,,,,
Dutch-9-27-1,6146,Dutch,9-27,splijten,splijten,s p l ɛi t ə,,12,false,^splijten$,Dutch,72181920640082969,,,5. no evidence for borrowing,0.0,,,,semi-analyzable,splijt-en [?-INF],0.75,EWB 1997,,,1240,1.0,,,,,,,verb,,,,
Dutch-9-28-1,6147,Dutch,9-28,scheuren,scheuren,s x øː r ə,,12,false,^scheuren$,Dutch,72181920910690538,,,5. no evidence for borrowing,0.0,,,,analyzable derived,scheur-en [tear-INF],0.5,EWB 1997,,,1265-1270,1.0,,,,,,,verb,,,,
Dutch-9-83-1,6195,Dutch,9-83,standbeeld,standbeeld,s t ɑ n d b eː l t,,12,false,^standbeeld$,Dutch,72181920697338187,,,5. no evidence for borrowing,0.0,,,,analyzable compound,stand-beeld [stand-statue],0.5,WNT,,,1601-1650,0.9,,,,,,,noun,,,,
Dutch-9-29-1,6148,Dutch,9-29,villen,villen,v ɪ l ə,,12,false,^villen$,Dutch,72181920840712440,,,5. no evidence for borrowing,0.0,,,,semi-analyzable,vill-en [?-INF],0.75,EWB 1997,,,1240,1.0,,,,,,,verb,,,,
Dutch-9-31-1,6149,Dutch,9-31,wrijven,wrijven,ʋ r ɛi v ə,,12,false,^wrijven$,Dutch,72181920928273871,,,5. no evidence for borrowing,0.0,,,,semi-analyzable,wrijv-en [?-INF],0.75,EWB 1997,,,1240,1.0,,,,,,,verb,,,,
Dutch-9-32-1,6151,Dutch,9-32,uitrekken,uitrekken,œy t r ɛ k ə,,12,false,^uitrekken$,Dutch,72181920241700248,,,5. no evidence for borrowing,0.0,,,,analyzable compound,uit-rekk-en [out-stretch-INF],0.5,WNT,,,1277,1.0,,,,,,,verb,,,,
Dutch-9-33-1,6152,Dutch,9-33,trekken,trekken,t r ɛ k ə,,12,false,^trekken$,Dutch,72181920401443529,,,5. no evidence for borrowing,0.0,,,,analyzable derived,trekk-en [pull-INF],0.5,EWB 1997,,,1240,1.0,,,,,,,verb,,,,
Dutch-9-34-1,6153,Dutch,9-34,uitspreiden,uitspreiden,œy t s p r ɛi d ə,,12,false,^uitspreiden$,Dutch,72181920310448731,,,5. no evidence for borrowing,0.0,,,,analyzable compound,uit-spreid-en [out-spread-INF],0.5,WNT,,,1558,0.9,,,,,,,verb,,,,
Dutch-9-341-1,6154,Dutch,9-341,ophangen,ophangen,ɔ p h ɑ ŋ ə,,12,false,^ophangen$,Dutch,72181920417931458,,,5. no evidence for borrowing,0.0,,,,analyzable compound,op-hang-en [up-hang-INF],0.5,WNT,,,1284,1.0,,,,,,,verb,,,,
Dutch-9-342-1,6155,Dutch,9-342,drukken,drukken,d r ʏ k ə,,12,false,^drukken$,Dutch,72181920222732583,,,5. no evidence for borrowing,0.0,,,,analyzable derived,drukk-en [pressure-INF],0.5,EWB 1997,,,1240,1.0,,,,,,,verb,,,,
Dutch-9-343-1,6156,Dutch,9-343,uitpersen,uitpersen,œy t p ɛ r s ə,,12,false,^uitpersen$,Dutch,72181920652505925,,,5. no evidence for borrowing,0.0,,,,analyzable compound,uit-pers-en [out-press-INF],0.5,WNT,,,1285,1.0,,,,,,,verb,,,,
Dutch-9-35-1,6157,Dutch,9-35,schenken,schenken,s x ɛ ŋ k ə,,12,false,^schenken$,Dutch,72181920390275321,,,5. no evidence for borrowing,0.0,,,,semi-analyzable,schenk-en [?-INF],0.75,EWB 1997,,,1100,1.0,,,,,,,verb,,,,
Dutch-9-36-1,6158,Dutch,9-36,wassen,wassen,ʋ ɑ s ə,,12,false,^wassen$,Dutch,72181920305191650,,,5. no evidence for borrowing,0.0,,,,analyzable derived,wass-en [wash-INF],0.5,EWB 1997,,,0901-1000,1.0,,,,,,,verb,,,,
Dutch-9-37-1,6159,Dutch,9-37,vegen,vegen,v eː ɣ ə,,12,false,^vegen$,Dutch,72181920541108525,,,5. no evidence for borrowing,0.0,,,,analyzable derived,veg-en [sweep-INF],0.5,EWB 1997,,,1240,1.0,,,,,,,verb,,,,
Dutch-9-38-1,6160,Dutch,9-38,bezem,bezem,b eː z ə m,,12,false,^bezem$,Dutch,72181920268612460,,,5. no evidence for borrowing,0.0,,,,unanalyzable,,1.0,EWB 1997,,,1240,1.0,,,,,,,noun,,,,
Dutch-9-422-1,6161,Dutch,9-422,gereedschap,gereedschap,x ə r eː t s x ɑ p,,12,false,^gereedschap$,Dutch,72181920560915523,,,5. no evidence for borrowing,0.0,,,,analyzable derived,gereed-schap [ready-COLLECTIVE],0.5,EWB 1997,,,1240,1.0,,,,,,,noun,,,,
Dutch-9-422-2,6162,Dutch,9-422,werktuig,werktuig,ʋ ɛ r k t œy x,,12,false,^werktuig$,Dutch,72181920223460825,,,5. no evidence for borrowing,0.0,,,,analyzable compound,werk-tuig [work-gear],0.5,EWB 1997,,,1573,0.9,,,,,,,noun,,,,
Dutch-9-43-1,6163,Dutch,9-43,timmerman,timmerman,t ɪ m ə r m ɑ n,,12,false,^timmerman$,Dutch,72181920766116015,,,5. no evidence for borrowing,0.0,,,,analyzable compound,timmer-man [build-man],0.5,WNT,,,1240,1.0,,,,,,,noun,,,,
Dutch-9-44-1,6164,Dutch,9-44,bouwen,bouwen,b ɑu ʋ ə,,12,false,^bouwen$,Dutch,7218192059804073,,,5. no evidence for borrowing,0.0,,,,analyzable derived,bouw-en [building-INF],0.5,EWB 1997,,,0901-1000,1.0,,,,,,,verb,,,,
Dutch-9-46-1,6165,Dutch,9-46,boren,boren,b oː r ə,,12,false,^boren$,Dutch,72181920373319197,,,5. no evidence for borrowing,0.0,,,,analyzable derived,bor-en [drill-INF],0.5,EWB 1997,,,1240,1.0,,,,,,,verb,,,,
Dutch-9-461-1,6166,Dutch,9-461,uithollen,uithollen,œy t h ɔ l ə,,12,false,^uithollen$,Dutch,72181920306905931,,,5. no evidence for borrowing,0.0,,,,analyzable compound,uit-holl-en [out-hollow-INF],0.5,WNT,,,1477,1.0,,,,,,,verb,,,,
Dutch-9-48-1,6167,Dutch,9-48,zaag,zaag,z aː x,,12,false,^zaag$,Dutch,72181920408790819,,,5. no evidence for borrowing,0.0,,,,unanalyzable,,1.0,EWB 1997,,,1101-1200,1.0,,,,,,,noun,,,,
Dutch-9-49-1,6168,Dutch,9-49,hamer,hamer,h aː m ə r,,12,false,^hamer$,Dutch,72181920123019722,,,5. no evidence for borrowing,0.0,,,,unanalyzable,,1.0,EWB 1997,,,0801-850,1.0,,,,,,,noun,,,,
Dutch-9-5-1,6169,Dutch,9-5,nagel (1),nagel,n aː ɣ ə l,,12,false,^nagel$,Dutch,72181920742094003,,,5. no evidence for borrowing,0.0,,,,unanalyzable,,1.0,EWB 1997,,,1240,1.0,,,,,,,noun,,,,
Dutch-9-5-2,6170,Dutch,9-5,spijker,spijker,s p ɛi k ə r,,12,false,^spijker$,Dutch,72181920169301541,,,5. no evidence for borrowing,0.0,,,,unanalyzable,,1.0,EWB 1997,,,1284,1.0,,,,,,,noun,,,,
Dutch-9-56-1,6171,Dutch,9-56,lijm,lijm,l ɛi m,,12,false,^lijm$,Dutch,72181920590151108,,,5. no evidence for borrowing,0.0,,,,unanalyzable,,1.0,EWB 1997,,,1240,1.0,,,,,,,noun,,,,
Dutch-9-6-1,6172,Dutch,9-6,smid,smid,s m ɪ t,,12,false,^smid$,Dutch,72181920145538230,,,5. no evidence for borrowing,0.0,,,,unanalyzable,,1.0,EWB 1997,,,1138-1139,1.0,,,,,,,noun,,,,
Dutch-9-61-1,6173,Dutch,9-61,smeden,smeden,s m eː d ə,,12,false,^smeden$,Dutch,72181920320351239,,,5. no evidence for borrowing,0.0,,,,semi-analyzable,smed-en [?-INF],0.75,EWB 1997,,,1240,1.0,,,,,,,verb,,,,
Dutch-9-62-1,6174,Dutch,9-62,aambeeld,aambeeld,aː m b eː l t,,12,false,^aambeeld$,Dutch,72181920490279808,,,5. no evidence for borrowing,0.0,,,,semi-analyzable,aam-beeld [?-statue],0.75,EWB 1997,,,1599,0.9,,,,,,,noun,,,,
Dutch-9-63-1,6175,Dutch,9-63,gieten,gieten,x iː t ə,,12,false,^gieten$,Dutch,72181920765394342,,,5. no evidence for borrowing,0.0,,,,semi-analyzable,giet-en [?-INF],0.75,EWB 1997,,,1220-1240,1.0,,,,,,,verb,,,,
Dutch-9-64-1,6176,Dutch,9-64,goud,goud,x ɑu t,,12,false,^goud$,Dutch,72181920221469006,,,5. no evidence for borrowing,0.0,,,,unanalyzable,,1.0,EWB 1997,,,0901-1000,1.0,,,,,,,noun,,,,
Dutch-9-65-1,6177,Dutch,9-65,zilver,zilver,z ɪ l v ə r,,12,true,^zilver$,Dutch,72181920631580597,,,1. clearly borrowed,1.0,very old loanword in Germanic,,,unanalyzable,,1.0,"Van der Sijs, Leenwoordenboek 2005; EWB 1997",,,0901-1000,1.0,1. Highly integrated,present only since contact,Insertion,,Akkadian influence on Germanic [12],,noun,,,,
Dutch-9-66-1,6178,Dutch,9-66,koper,koper,k oː p ə r,,12,true,^koper$,Dutch,72181920862492273,,,1. clearly borrowed,1.0,,,,unanalyzable,,1.0,"Van der Sijs, Leenwoordenboek 2005; EWB 1997",,,1240-1260,1.0,1. Highly integrated,present only since contact,Insertion,,Latin influence on Germanic [12],,noun,,,,
Dutch-9-67-1,6179,Dutch,9-67,ijzer,ijzer,ɛi z ə r,,12,true,^ijzer$,Dutch,72181920268582990,,,1. clearly borrowed,1.0,,,,unanalyzable,,1.0,"Van der Sijs, Leenwoordenboek 2005; EWB 1997",,,1220-1240,1.0,1. Highly integrated,present only since contact,Insertion,,Celtic influence on Germanic [12],,noun,,,,
Dutch-9-68-1,6180,Dutch,9-68,lood,lood,l oː t,,12,true,^lood$,Dutch,72181920529540033,,,1. clearly borrowed,1.0,source word reconstructed,,,unanalyzable,,1.0,"Van der Sijs, Leenwoordenboek 2005; EWB 1997",,,1240,1.0,1. Highly integrated,present only since contact,Insertion,,Celtic influence on Germanic [12],,noun,,,,
Dutch-9-69-1,6181,Dutch,9-69,tin,tin,t ɪ n,,12,false,^tin$,Dutch,72181920645332851,,,5. no evidence for borrowing,0.0,,,,unanalyzable,,1.0,EWB 1997,,,1240,1.0,,,,,,,noun,,,,
Dutch-9-71-1,6182,Dutch,9-71,pottenbakker,pottenbakker,p ɔ t ə b ɑ k ə r,,12,false,^pottenbakker$,Dutch,72181920326967300,,,5. no evidence for borrowing,0.0,first element is loaned,yes,,analyzable derived,pott-en-bakk-er [pot-PL-bake-AGT],0.5,WNT,,,1540,0.9,,,,,,,noun,,,,
Dutch-9-72-1,6183,Dutch,9-72,boetseren,boetseren,b uː t s eː r ə,,12,true,^boetseren$,Dutch,72181920733879649,,,1. clearly borrowed,1.0,,,,semi-analyzable,boetser-en [?-INF],0.75,"Van der Sijs, Leenwoordenboek 2005; EWB 1997",,,1562,0.9,1. Highly integrated,present only since contact,Insertion,,Picardic oral influence [12],,verb,,,,
Dutch-9-73-1,6184,Dutch,9-73,klei,klei,k l ɛi,,12,false,^klei$,Dutch,72181920421055282,,,5. no evidence for borrowing,0.0,,,,unanalyzable,,1.0,EWB 1997,,,1344,1.0,,,,,,,noun,,,,
Dutch-9-74-1,6185,Dutch,9-74,glas,glas,x l ɑ s,,12,false,^glas$,Dutch,72181920210369990,,,5. no evidence for borrowing,0.0,,,,unanalyzable,,1.0,EWB 1997,,,1240,1.0,,,,,,,noun,,,,
Dutch-9-75-1,6186,Dutch,9-75,vlechten,vlechten,v l ɛ x t ə,,12,false,^vlechten$,Dutch,72181920641232087,,,5. no evidence for borrowing,0.0,,,,analyzable derived,vlecht-en [plait-INF],0.5,WNT,,,1240,1.0,,,,,,,verb,,,,
Dutch-9-76-1,6187,Dutch,9-76,mand,mand,m ɑ n t,,12,false,^mand$,Dutch,72181920880458194,,,5. no evidence for borrowing,0.0,,,,unanalyzable,,1.0,EWB 1997,,,1285,1.0,,,,,,,noun,,,,
Dutch-9-77-1,6188,Dutch,9-77,mat,mat,m ɑ t,,12,true,^mat$,Dutch,72181920996189522,,,1. clearly borrowed,1.0,,,,unanalyzable,,1.0,"Van der Sijs, Leenwoordenboek 2005; EWB 1997",,,1285,1.0,1. Highly integrated,present only since contact,Insertion,,Latin influence on Germanic [12],,noun,,,,
Dutch-9-771-1,6189,Dutch,9-771,tapijt,tapijt,t aː p ɛi t,,12,true,^tapijt$,Dutch,72181920894848511,,,1. clearly borrowed,1.0,,,,unanalyzable,,1.0,"Van der Sijs, Leenwoordenboek 2005; EWB 1997",,,1240,1.0,1. Highly integrated,present only since contact,Insertion,,French cultural influence [12],,noun,,,,
Dutch-9-78-1,6190,Dutch,9-78,nettas,nettas,n ɛ t + t ɑ s,,12,false,^nettas$,Dutch,72181920481894037,,not used in Dutch context,5. no evidence for borrowing,0.0,,,,analyzable compound,net-tas [net-bag],0.5,,,,1951-2000,0.6,,,,,,,noun,,,,
Dutch-9-79-1,6191,Dutch,9-79,waaier,waaier,ʋ aː j ə r,,12,false,^waaier$,Dutch,72181920797083833,,,5. no evidence for borrowing,0.0,,,,analyzable derived,waai-er [wave-AGT],0.5,WNT,,,1240,1.0,,,,,,,noun,,,,
Dutch-9-791-1,6192,Dutch,9-791,koelte toewaaien,koelte_toewaaien,k uː l t ə + t uː ʋ aː j ə,,12,false,^koelte_toewaaien$,Dutch,72181920610929382,,,5. no evidence for borrowing,0.0,,,,analyzable phrasal,[cool-NMLZ towards-wave-INF],0.5,WNT,,,1801-1900,0.8,,,,,,,verb,,,,
Dutch-9-81-1,6193,Dutch,9-81,kerven,kerven,k ɛ r v ə,,12,false,^kerven$,Dutch,72181920197171011,,,5. no evidence for borrowing,0.0,,,,analyzable derived,kerv-en [notch-INF],0.5,EWB 1997,,,1350,1.0,,,,,,,verb,,,,
Dutch-9-82-1,6194,Dutch,9-82,beeldhouwer,beeldhouwer,b eː l t h ɑu ʋ ə r,,12,false,^beeldhouwer$,Dutch,7218192029955548,,,5. no evidence for borrowing,0.0,,,,analyzable derived,beeld-houw-er [statue-carve-AGT],0.5,WNT,,,1855-1869,0.8,,,,,,,noun,,,,
Dutch-9-84-1,6196,Dutch,9-84,beitel,beitel,b ɛi t ə l,,12,false,^beitel$,Dutch,72181920599404787,,,5. no evidence for borrowing,0.0,,,,unanalyzable,,1.0,EWB 1997,,,1320,1.0,,,,,,,noun,,,,
Dutch-9-88-1,6198,Dutch,9-88,verf,verf,v ɛ r f,,12,false,^verf$,Dutch,72181920567841046,,,5. no evidence for borrowing,0.0,,,,unanalyzable,,1.0,EWB 1997,,,1375,1.0,,,,,,,noun,,,,
Dutch-9-89-1,6199,Dutch,9-89,schilderen,schilderen,s x ɪ l d ə r ə,,12,false,^schilderen$,Dutch,72181920570032221,,,5. no evidence for borrowing,0.0,,,,analyzable derived,schilder-en [painter-INF],0.5,EWB 1997,,,1485,1.0,,,,,,,verb,,,,
Dutch-9-89-2,6200,Dutch,9-89,verven,verven,v ɛ r v ə,,12,false,^verven$,Dutch,72181920676741706,,,5. no evidence for borrowing,0.0,,,,analyzable derived,verv-en [paint-INF],0.5,WNT,,,1165,1.0,,,,,,,verb,,,,
Dutch-10-11-1,6206,Dutch,10-11,bewegen,bewegen,b ə ʋ eː ɣ ə,,12,false,^bewegen$,Dutch,72181920831360381,,,5. no evidence for borrowing,0.0,,,,semi-analyzable,be-weg-en [TR-?-INF],0.75,EWB 1997,,,1301-1400,1.0,,,,,,,verb,,,,
Dutch-10-12-1,6207,Dutch,10-12,omdraaien,omdraaien,ɔ m d r aː j ə,,12,false,^omdraaien$,Dutch,72181920997943009,,,5. no evidence for borrowing,0.0,,,,analyzable compound,om-draai-en [around-turn-INF],0.5,WNT,,,1451-1500,1.0,,,,,,,verb,,,,
Dutch-10-13-1,6208,Dutch,10-13,zich omdraaien,zich_omdraaien,z ɪ x + ɔ m d r aː j ə,,12,false,^zich_omdraaien$,Dutch,72181920429704764,,,5. no evidence for borrowing,0.0,,,,analyzable derived,zich om-draai-en [REFL around-turn-INF],0.5,WNT,,,1701-1800,0.9,,,,,,,verb,,,,
Dutch-10-14-1,6209,Dutch,10-14,wikkelen,wikkelen,ʋ ɪ k ə l ə,,12,true,^wikkelen$,Dutch,72181920646277522,,,1. clearly borrowed,1.0,,,,analyzable derived,wikkel-en [wrapper-INF],0.5,"Van der Sijs, Leenwoordenboek 2005; EWB 1997",,,1576,0.9,1. Highly integrated,present in pre-contact environment,Insertion,,High German influence [12],,verb,,,,
Dutch-10-15-1,6210,Dutch,10-15,rollen,rollen,r ɔ l ə,,12,true,^rollen$,Dutch,72181920500131678,,,1. clearly borrowed,1.0,,,,semi-analyzable,roll-en [?-INF],0.75,"Van der Sijs, Leenwoordenboek 2005; EWB 1997",,,1285,1.0,1. Highly integrated,present in pre-contact environment,,,French cultural influence [12],,verb,,,,
Dutch-10-16-1,6211,Dutch,10-16,laten vallen,laten_vallen,l aː t ə + v ɑ l ə,,12,false,^laten_vallen$,Dutch,72181920689525212,,,5. no evidence for borrowing,0.0,,,,analyzable phrasal,[let fall],0.5,WNT,,,1201-1300,1.0,,,,,,,verb,,,,
Dutch-10-17-1,6212,Dutch,10-17,draaien,draaien,d r aː j ə,,12,false,^draaien$,Dutch,7218192089526306,,,5. no evidence for borrowing,0.0,,,,analyzable derived,draai-en [turn-INF],0.5,EWB 1997,,,1240,1.0,,,,,,,verb,,,,
Dutch-10-21-1,6213,Dutch,10-21,opkomen,opkomen,ɔ p k oː m ə,,12,false,^opkomen$,Dutch,72181920201384757,,,5. no evidence for borrowing,0.0,,,,analyzable compound,op-kom-en [up-come-INF],0.5,WNT,,,1236,1.0,,,,,,,verb,,,,
Dutch-10-22-1,6214,Dutch,10-22,optillen,optillen,ɔ p t ɪ l ə,,12,false,^optillen$,Dutch,72181920979938646,,,5. no evidence for borrowing,0.0,,,,analyzable compound,op-till-en [up-lift-INF],0.5,WNT,,,1566,0.9,,,,,,,verb,,,,
Dutch-10-23-1,6215,Dutch,10-23,vallen,vallen,v ɑ l ə,,12,false,^vallen$,Dutch,72181920460544915,,,5. no evidence for borrowing,0.0,,,,analyzable derived,vall-en [fall-INF],0.5,EWB 1997,,,0901-1000,1.0,,,,,,,verb,,,,
Dutch-10-24-1,6216,Dutch,10-24,druppelen,druppelen,d r ʏ p ə l ə,,12,false,^druppelen$,Dutch,72181920510145729,,,5. no evidence for borrowing,0.0,,,,analyzable derived,drupp-elen [drop-FREQUENTATIVE],0.5,WNT,,,1488,1.0,,,,,,,verb,,,,
Dutch-10-25-1,6217,Dutch,10-25,gooien,gooien,x oː j ə,,12,false,^gooien$,Dutch,72181920714172198,,,5. no evidence for borrowing,0.0,,,,analyzable derived,gooi-en [throw-INF],0.5,EWB 1997,,,1350,1.0,,,,,,,verb,,,,
Dutch-10-25-2,6218,Dutch,10-25,werpen,werpen,ʋ ɛ r p ə,,12,false,^werpen$,Dutch,72181920482383426,,,5. no evidence for borrowing,0.0,,,,semi-analyzable,werp-en [?-INF],0.75,EWB 1997,,,0901-1000,1.0,,,,,,,verb,,,,
Dutch-10-252-1,6219,Dutch,10-252,vangen,vangen,v ɑ ŋ ə,,12,false,^vangen$,Dutch,72181920568928020,,,5. no evidence for borrowing,0.0,,,,semi-analyzable,vang-en [?-INF],0.75,EWB 1997,,,1279,1.0,,,,,,,verb,,,,
Dutch-10-26-1,6220,Dutch,10-26,schudden,schudden,s x ʏ d ə,,12,false,^schudden$,Dutch,72181920750527627,,,5. no evidence for borrowing,0.0,,,,semi-analyzable,schudd-en [?-INF],0.75,EWB 1997,,,1240,1.0,,,,,,,verb,,,,
Dutch-10-32-1,6221,Dutch,10-32,stromen,stromen,s t r oː m ə,,12,false,^stromen$,Dutch,72181920586475503,,,5. no evidence for borrowing,0.0,,,,analyzable derived,strom-en [stream-INF],0.5,WNT,,,1250,1.0,,,,,,,verb,,,,
Dutch-10-33-1,6222,Dutch,10-33,zinken,zinken,z ɪ ŋ k ə,,12,false,^zinken$,Dutch,72181920752238,,,5. no evidence for borrowing,0.0,,,,semi-analyzable,zink-en [?-INF],0.75,EWB 1997,,,1260-1280,1.0,,,,,,,verb,,,,
Dutch-10-34-1,6223,Dutch,10-34,drijven,drijven,d r ɛi v ə,,12,false,^drijven$,Dutch,72181920584190906,,,5. no evidence for borrowing,0.0,,,,semi-analyzable,drijv-en [?-INF],0.75,EWB 1997,,,1339,1.0,,,,,,,verb,,,,
Dutch-10-35-1,6224,Dutch,10-35,zwemmen,zwemmen,z ʋ ɛ m ə,,12,false,^zwemmen$,Dutch,72181920372861702,,,5. no evidence for borrowing,0.0,,,,semi-analyzable,zwemm-en [?-INF],0.75,EWB 1997,,,1240,1.0,,,,,,,verb,,,,
Dutch-10-351-1,6225,Dutch,10-351,duiken,duiken,d œy k ə,,12,false,^duiken$,Dutch,72181920222677584,,,5. no evidence for borrowing,0.0,,,,analyzable derived,duik-en [dive-INF],0.5,EWB 1997,,,1287,1.0,,,,,,,verb,,,,
Dutch-10-352-1,6226,Dutch,10-352,spatten,spatten,s p ɑ t ə,,12,false,^spatten$,Dutch,72181920905815874,,,5. no evidence for borrowing,0.0,,,,analyzable derived,spatt-en [splash-INF],0.5,EWB 1997,,,1642,0.9,,,,,,,verb,,,,
Dutch-10-36-1,6227,Dutch,10-36,zeilen,zeilen,z ɛi l ə,,12,false,^zeilen$,Dutch,72181920495419009,,,5. no evidence for borrowing,0.0,,,,analyzable derived,zeil-en [sail-INF],0.5,WNT,,,1265-1270,1.0,,,,,,,verb,,,,
Dutch-10-37-1,6228,Dutch,10-37,vliegen,vliegen,v l iː ɣ ə,,12,false,^vliegen$,Dutch,72181920521213365,,,5. no evidence for borrowing,0.0,,,,analyzable derived,vlieg-en [fly-INF],0.5,EWB 1997,,,0901-1000,1.0,,,,,,,verb,,,,
Dutch-10-38-1,6229,Dutch,10-38,blazen,blazen,b l aː z ə,,12,false,^blazen$,Dutch,72181920919555029,,,5. no evidence for borrowing,0.0,,,,analyzable derived,blaz-en [blow-INF],0.5,EWB 1997,,,1240,1.0,,,,,,,verb,,,,
Dutch-10-41-1,6230,Dutch,10-41,kruipen,kruipen,k r œy p ə,,12,false,^kruipen$,Dutch,72181920100866917,,,5. no evidence for borrowing,0.0,,,,semi-analyzable,kruip-en [?-INF],0.75,EWB 1997,,,1240,1.0,,,,,,,verb,,,,
Dutch-10-412-1,6231,Dutch,10-412,knielen,knielen,k n iː l ə,,12,false,^knielen$,Dutch,72181920640747912,,,5. no evidence for borrowing,0.0,,,,semi-analyzable,kniel-en [?-INF],0.75,EWB 1997,,,1240,1.0,,,,,,,verb,,,,
Dutch-10-413-1,6232,Dutch,10-413,hurken,hurken,h ʏ r k ə,,12,false,^hurken$,Dutch,72181920214458985,,,5. no evidence for borrowing,0.0,,,,semi-analyzable,hurk-en [?-INF],0.75,EWB 1997,,,1599,0.9,,,,,,,verb,,,,
Dutch-10-42-1,6233,Dutch,10-42,glijden,glijden,x l ɛi d ə,,12,false,^glijden$,Dutch,72181920244235398,,,5. no evidence for borrowing,0.0,,,,semi-analyzable,glijd-en [?-INF],0.75,EWB 1997,,,0901-1000,1.0,,,,,,,verb,,,,
Dutch-10-43-1,6234,Dutch,10-43,springen,springen,s p r ɪ ŋ ə,,12,false,^springen$,Dutch,72181920545489575,,,5. no evidence for borrowing,0.0,,,,semi-analyzable,spring-en [?-INF],0.75,EWB 1997,,,1240,1.0,,,,,,,verb,,,,
Dutch-10-431-1,6235,Dutch,10-431,trappen,trappen,t r ɑ p ə,,12,false,^trappen$,Dutch,72181920476081644,,,5. no evidence for borrowing,0.0,,,,analyzable derived,trapp-en [kick-INF],0.5,EWB 1997,,,1470,1.0,,,,,,,verb,,,,
Dutch-10-44-1,6236,Dutch,10-44,dansen,dansen,d ɑ n s ə,,12,true,^dansen$,Dutch,72181920271026869,,,1. clearly borrowed,1.0,,,,analyzable derived,dans-en [dance-INF],0.5,"Van der Sijs, Leenwoordenboek 2005; EWB 1997",,,1240,1.0,1. Highly integrated,present only since contact,Insertion,,French cultural influence [12],,verb,,,,
Dutch-10-45-1,6237,Dutch,10-45,lopen,lopen,l oː p ə,,12,false,^lopen$,Dutch,72181920251035287,,,5. no evidence for borrowing,0.0,,,,analyzable derived,lop-en [course-INF],0.5,EWB 1997,,,0901-1000,1.0,,,,,,,verb,,,,
Dutch-10-451-1,6238,Dutch,10-451,hinken,hinken,h ɪ ŋ k ə,,12,false,^hinken$,Dutch,72181920332325472,,,5. no evidence for borrowing,0.0,,,,analyzable derived,hink-en [limp-INF],0.5,EWB 1997,,,1301-1400,1.0,,,,,,,verb,,,,
Dutch-10-46-1,6239,Dutch,10-46,rennen,rennen,r ɛ n ə,,12,false,^rennen$,Dutch,72181920861076813,,,5. no evidence for borrowing,0.0,,,,analyzable derived,renn-en [run-INF],0.5,EWB 1997,,,1240,1.0,,,,,,,verb,,,,
Dutch-10-47-1,6240,Dutch,10-47,gaan,gaan,x aː n,,12,false,^gaan$,Dutch,72181920615326601,,,5. no evidence for borrowing,0.0,,,,unanalyzable,,1.0,EWB 1997,,,0901-1000,1.0,,,,,,,verb,,,,
Dutch-10-471-1,6241,Dutch,10-471,naar boven gaan,naar_boven_gaan,n aː r + b oː v ə + x aː n,,12,false,^naar_boven_gaan$,Dutch,72181920104625396,,,5. no evidence for borrowing,0.0,,,,analyzable phrasal,[to above go],0.5,WNT,,,1601-1700,0.9,,,,,,,verb,,,,
Dutch-10-472-1,6242,Dutch,10-472,klimmen,klimmen,k l ɪ m ə,,12,false,^klimmen$,Dutch,72181920337194563,,,5. no evidence for borrowing,0.0,,,,analyzable derived,klimm-en [climb-INF],0.5,EWB 1997,,,1265-1270,1.0,,,,,,,verb,,,,
Dutch-10-473-1,6243,Dutch,10-473,naar beneden gaan,naar_beneden_gaan,n aː r + b ə n eː d ə + x aː n,,12,false,^naar_beneden_gaan$,Dutch,72181920163350363,,,5. no evidence for borrowing,0.0,,,,analyzable phrasal,[to below go],0.5,WNT,,,1897,0.8,,,,,,,verb,,,,
Dutch-10-474-1,6244,Dutch,10-474,weggaan,weggaan,ʋ ɛ ɣ aː n,,12,false,^weggaan$,Dutch,72181920582179335,,,5. no evidence for borrowing,0.0,,,,analyzable compound,weg-gaan [away-go],0.5,WNT,,,1236,1.0,,,,,,,verb,,,,
Dutch-10-48-1,6245,Dutch,10-48,komen,komen,k oː m ə,,12,false,^komen$,Dutch,72181920556965299,,,5. no evidence for borrowing,0.0,,,,semi-analyzable,kom-en [?-INF],0.75,EWB 1997,,,0901-1000,1.0,,,,,,,verb,,,,
Dutch-10-481-1,6246,Dutch,10-481,terugkomen,terugkomen,t ə r ʏ x k oː m ə,,12,false,^terugkomen$,Dutch,72181920544939969,,,5. no evidence for borrowing,0.0,,,,analyzable compound,terug-kom-en [back-come-INF],0.5,WNT,,,1847-1864,0.8,,,,,,,verb,,,,
Dutch-10-49-1,6247,Dutch,10-49,weggaan,weggaan,ʋ ɛ ɣ aː n,,12,false,^weggaan$,Dutch,72181920582179335,,,5. no evidence for borrowing,0.0,,,,analyzable compound,weg-gaan [away-go],0.5,WNT,,,1236,1.0,,,,,,,verb,,,,
Dutch-10-491-1,6248,Dutch,10-491,verdwijnen,verdwijnen,v ə r d ʋ ɛi n ə,,12,false,^verdwijnen$,Dutch,72181920538930573,,,5. no evidence for borrowing,0.0,,,,semi-analyzable,ver-dwijn-en [INTR-?-INF],0.75,EWB 1997,,,1290,1.0,,,,,,,verb,,,,
Dutch-10-51-1,6249,Dutch,10-51,vluchten,vluchten,v l ʏ x t ə,,12,false,^vluchten$,Dutch,72181920317478352,,,5. no evidence for borrowing,0.0,,,,analyzable derived,vlucht-en [flight-INF],0.5,EWB 1997,,,1285,1.0,,,,,,,verb,,,,
Dutch-10-52-1,6250,Dutch,10-52,volgen,volgen,v ɔ l ɣ ə,,12,false,^volgen$,Dutch,7218192056287677,,,5. no evidence for borrowing,0.0,,,,semi-analyzable,volg-en [?-INF],0.75,EWB 1997,,,1240,1.0,,,,,,,verb,,,,
Dutch-10-53-1,6251,Dutch,10-53,achtervolgen,achtervolgen,ɑ x t ə r v ɔ l ɣ ə,,12,false,^achtervolgen$,Dutch,72181920338255040,,,5. no evidence for borrowing,0.0,,,,analyzable compound,achter-volg-en [behind-follow-INF],0.5,WNT,,,1281,1.0,,,,,,,verb,,,,
Dutch-10-55-1,6252,Dutch,10-55,aankomen,aankomen,aː ŋ k oː m ə,,12,false,^aankomen$,Dutch,72181920967540756,,,5. no evidence for borrowing,0.0,,,,analyzable compound,aan-kom-en [on-come-INF],0.5,WNT,,,1254,1.0,,,,,,,verb,,,,
Dutch-10-56-1,6253,Dutch,10-56,naderen,naderen,n aː d ə r ə,,12,false,^naderen$,Dutch,72181920905335412,,,5. no evidence for borrowing,0.0,,,,analyzable derived,nader-en [near-INF],0.5,WNT,,,1599,0.9,,,,,,,verb,,,,
Dutch-10-57-1,6254,Dutch,10-57,binnenkomen,binnenkomen,b ɪ n ə k oː m ə,,12,false,^binnenkomen$,Dutch,72181920273299296,,,5. no evidence for borrowing,0.0,,,,analyzable compound,binnen-kom-en [inside-come-INF],0.5,WNT,,,1285,1.0,,,,,,,verb,,,,
Dutch-10-61-1,6256,Dutch,10-61,dragen,dragen,d r aː ɣ ə,,12,false,^dragen$,Dutch,72181920893219100,,,5. no evidence for borrowing,0.0,,,,semi-analyzable,drag-en [?-INF],0.75,EWB 1997,,,1100,1.0,,,,,,,verb,,,,
Dutch-10-612-1,6257,Dutch,10-612,dragen,dragen,d r aː ɣ ə,,12,false,^dragen$,Dutch,72181920893219100,,,5. no evidence for borrowing,0.0,,,,semi-analyzable,drag-en [?-INF],0.75,EWB 1997,,,1100,1.0,,,,,,,verb,,,,
Dutch-10-613-1,6258,Dutch,10-613,dragen,dragen,d r aː ɣ ə,,12,false,^dragen$,Dutch,72181920893219100,,,5. no evidence for borrowing,0.0,,,,semi-analyzable,drag-en [?-INF],0.75,EWB 1997,,,1100,1.0,,,,,,,verb,,,,
Dutch-10-614-1,6259,Dutch,10-614,dragen,dragen,d r aː ɣ ə,,12,false,^dragen$,Dutch,72181920893219100,,,5. no evidence for borrowing,0.0,,,,semi-analyzable,drag-en [?-INF],0.75,EWB 1997,,,1100,1.0,,,,,,,verb,,,,
Dutch-10-615-1,6260,Dutch,10-615,dragen,dragen,d r aː ɣ ə,,12,false,^dragen$,Dutch,72181920893219100,,,5. no evidence for borrowing,0.0,,,,semi-analyzable,drag-en [?-INF],0.75,EWB 1997,,,1100,1.0,,,,,,,verb,,,,
Dutch-10-62-1,6261,Dutch,10-62,brengen,brengen,b r ɛ ŋ ə,,12,false,^brengen$,Dutch,72181920991186642,,,5. no evidence for borrowing,0.0,,,,semi-analyzable,breng-en [?-INF],0.75,EWB 1997,,,0901-1000,1.0,,,,,,,verb,,,,
Dutch-10-63-1,6262,Dutch,10-63,sturen,sturen,s t yː r ə,,12,false,^sturen$,Dutch,72181920917695876,,,5. no evidence for borrowing,0.0,,,,analyzable derived,stur-en [steering wheel-INF],0.5,EWB 1997,,,1432,1.0,,,,,,,verb,,,,
Dutch-10-63-2,6263,Dutch,10-63,zenden,zenden,z ɛ n d ə,,12,false,^zenden$,Dutch,72181920192808153,,,5. no evidence for borrowing,0.0,,,,semi-analyzable,zend-en [?-INF],0.75,EWB 1997,,,0901-1000,1.0,,,,Formal,,,verb,,,,
Dutch-10-64-1,6264,Dutch,10-64,leiden,leiden,l ɛi d ə,,12,false,^leiden$,Dutch,72181920679877295,,,5. no evidence for borrowing,0.0,,,,semi-analyzable,leid-en [?-INF],0.75,EWB 1997,,,0901-1000,1.0,,,,,,,verb,,,,
Dutch-10-65-1,6265,Dutch,10-65,autorijden,autorijden,ɑu t oː r ɛi d ə,,12,false,^autorijden$,Dutch,72181920314164830,,,5. no evidence for borrowing,0.0,first element is loaned,yes,,analyzable compound,auto-rijd-en [car-drive-INF],0.5,WNT,,,1927,0.7,,,,,,,verb,,,,
Dutch-10-66-1,6266,Dutch,10-66,rijden,rijden,r ɛi d ə,,12,false,^rijden$,Dutch,7218192068183719,,,5. no evidence for borrowing,0.0,,,,semi-analyzable,rijd-en [?-INF],0.75,EWB 1997,,,1220-1240,1.0,,,,,,,verb,,,,
Dutch-10-67-1,6267,Dutch,10-67,duwen,duwen,d yː ʋ ə,,12,false,^duwen$,Dutch,72181920597516841,,,5. no evidence for borrowing,0.0,,,,analyzable derived,duw-en [push-INF],0.5,EWB 1997,,,1285,1.0,,,,,,,verb,,,,
Dutch-10-71-1,6268,Dutch,10-71,weg,weg,ʋ ɛ x,,12,false,^weg$,Dutch,72181920529312283,,,5. no evidence for borrowing,0.0,,,,unanalyzable,,1.0,EWB 1997,,,0838,1.0,,,,,,,noun,,,,
Dutch-10-72-1,6269,Dutch,10-72,pad,pad,p ɑ t,,12,false,^pad$,Dutch,72181920688094116,,,5. no evidence for borrowing,0.0,,,,unanalyzable,,1.0,EWB 1997,,,1240,1.0,,,,,,,noun,,,,
Dutch-10-74-1,6270,Dutch,10-74,brug,brug,b r ʏ x,,12,false,^brug$,Dutch,72181920794500221,,,5. no evidence for borrowing,0.0,,,,unanalyzable,,1.0,EWB 1997,,,0840-875,1.0,,,,,,,noun,,,,
Dutch-10-75-1,6271,Dutch,10-75,kar,kar,k ɑ r,,12,true,^kar$,Dutch,72181920494657020,,,1. clearly borrowed,1.0,,,,unanalyzable,,1.0,"Van der Sijs, Leenwoordenboek 2005; EWB 1997",,,1240,1.0,1. Highly integrated,present in pre-contact environment,Coexistence,,Latin influence on Germanic [12],,noun,,,,
Dutch-10-75-2,6272,Dutch,10-75,wagen,wagen,ʋ aː ɣ ə,,12,false,^wagen$,Dutch,72181920164241379,,,5. no evidence for borrowing,0.0,,,,unanalyzable,,1.0,EWB 1997,,,0838,1.0,,,,,,,noun,,,,
Dutch-10-76-1,6273,Dutch,10-76,wiel,wiel,ʋ iː l,,12,false,^wiel$,Dutch,72181920980637973,,,5. no evidence for borrowing,0.0,,,,unanalyzable,,1.0,EWB 1997,,,1285,1.0,,,,,,,noun,,,,
Dutch-10-77-1,6274,Dutch,10-77,as (2),as,ɑ s,,12,false,^as$,Dutch,72181920850197803,,,5. no evidence for borrowing,0.0,,,,unanalyzable,,1.0,EWB 1997,,,1240,1.0,,,,,,,noun,,,,
Dutch-10-78-1,6275,Dutch,10-78,juk,juk,j ʏ k,,12,false,^juk$,Dutch,72181920271495850,,,5. no evidence for borrowing,0.0,,,,unanalyzable,,1.0,EWB 1997,,,1240,1.0,,,,,,,noun,,,,
Dutch-10-81-1,6277,Dutch,10-81,schip,schip,s x ɪ p,,12,false,^schip$,Dutch,72181920433202110,,,5. no evidence for borrowing,0.0,,,,unanalyzable,,1.0,EWB 1997,,,1076-1100,1.0,,,,,,,noun,,,,
Dutch-10-83-1,6278,Dutch,10-83,boot,boot,b oː t,,12,false,^boot$,Dutch,72181920389671761,,,3. perhaps borrowed,0.5,according to others: the English and Dutch words are cognates; evidence inconclusive,,,unanalyzable,,1.0,"Van der Sijs, Leenwoordenboek 2005; EWB 1997",,,1390,1.0,1. Highly integrated,present in pre-contact environment,,,Old English influence [12],,noun,,,,
Dutch-10-831-1,6279,Dutch,10-831,kano,kano,k aː n oː,,12,true,^kano$,Dutch,72181920916265055,,,1. clearly borrowed,1.0,,,,unanalyzable,,1.0,"Van der Sijs, Leenwoordenboek 2005; EWB 1997",,,1598,0.9,1. Highly integrated,present only since contact,Insertion,,Portuguese and/or Spanish colonial contacts [12],,noun,,,,
Dutch-10-832-1,6280,Dutch,10-832,outrigger,outrigger,ɑu t r i ɣ ə r,,12,true,^outrigger$,Dutch,72181920806264125,,,1. clearly borrowed,1.0,,,,unanalyzable,,1.0,EWB 1997,,,1950,0.6,3. Unintegrated,present only since contact,Insertion,,English/American world-wide influence [12],,noun,,,,
Dutch-10-84-1,6281,Dutch,10-84,vlot,vlot,v l ɔ t,,12,false,^vlot$,Dutch,72181920147408298,,,5. no evidence for borrowing,0.0,,,,unanalyzable,,1.0,EWB 1997,,,1485,1.0,,,,,,,noun,,,,
Dutch-10-85-1,6282,Dutch,10-85,riem,riem,r iː m,,12,true,^riem$,Dutch,72181920382935533,,,1. clearly borrowed,1.0,,,,unanalyzable,,1.0,"Van der Sijs, Leenwoordenboek 2005; EWB 1997",,,1240,1.0,1. Highly integrated,present in pre-contact environment,Replacement,,Latin influence on Germanic [12],,noun,,,,
Dutch-10-851-1,6283,Dutch,10-851,peddel,peddel,p ɛ d ə l,,12,true,^peddel$,Dutch,72181920206531967,,,1. clearly borrowed,1.0,,,,unanalyzable,,1.0,"Van der Sijs, Leenwoordenboek 2005; EWB 1997",,,1855,0.8,1. Highly integrated,present only since contact,Insertion,,English colonial contacts [12],,noun,,,,
Dutch-10-852-1,6284,Dutch,10-852,roeien,roeien,r uː j ə,,12,false,^roeien$,Dutch,72181920493963230,,,5. no evidence for borrowing,0.0,,,,semi-analyzable,roei-en [?-INF],0.75,EWB 1997,,,1240,1.0,,,,,,,verb,,,,
Dutch-10-86-1,6285,Dutch,10-86,roer,roer,r uː r,,12,false,^roer$,Dutch,7218192010949185,,,5. no evidence for borrowing,0.0,,,,unanalyzable,,1.0,EWB 1997,,,1240,1.0,,,,,,,noun,,,,
Dutch-10-87-1,6286,Dutch,10-87,mast,mast,m ɑ s t,,12,false,^mast$,Dutch,72181920581841422,,,5. no evidence for borrowing,0.0,,,,unanalyzable,,1.0,EWB 1997,,,1080,1.0,,,,,,,noun,,,,
Dutch-10-88-1,6287,Dutch,10-88,zeil,zeil,z ɛi l,,12,false,^zeil$,Dutch,72181920933349153,,,5. no evidence for borrowing,0.0,,,,unanalyzable,,1.0,EWB 1997,,,1240,1.0,,,,,,,noun,,,,
Dutch-10-89-1,6288,Dutch,10-89,anker,anker,ɑ ŋ k ə r,,12,true,^anker$,Dutch,72181920383896407,,,1. clearly borrowed,1.0,,,,unanalyzable,,1.0,"Van der Sijs, Leenwoordenboek 2005; EWB 1997",,,1240,1.0,1. Highly integrated,present in pre-contact environment,Replacement,,Latin influence on Germanic [12],,noun,,,,
Dutch-10-91-1,6289,Dutch,10-91,haven,haven,h aː v ə,,12,false,^haven$,Dutch,72181920862358012,,,5. no evidence for borrowing,0.0,,,,unanalyzable,,1.0,EWB 1997,,,1240,1.0,,,,,,,noun,,,,
Dutch-10-92-1,6290,Dutch,10-92,aan land gaan,aan_land_gaan,aː n + l ɑ n t + x aː n,,12,false,^aan_land_gaan$,Dutch,7218192055169870,,,5. no evidence for borrowing,0.0,,,,analyzable phrasal,[on land go],0.5,WNT,,,1702,0.9,,,,,,,verb,,,,
Dutch-11-11-1,6291,Dutch,11-11,hebben,hebben,h ɛ b ə,,12,false,^hebben$,Dutch,72181920150234805,,,5. no evidence for borrowing,0.0,,,,semi-analyzable,hebb-en [?-INF],0.75,EWB 1997,,,0901-1000,1.0,,,,,,,verb,,,,
Dutch-11-12-1,6292,Dutch,11-12,bezitten,bezitten,b ə z ɪ t ə,,12,false,^bezitten$,Dutch,72181920308392989,,,5. no evidence for borrowing,0.0,,,,analyzable derived,be-zitt-en [TR-sit-INF],0.5,WNT,,,1240,1.0,,,,,,,verb,,,,
Dutch-11-13-1,6293,Dutch,11-13,nemen,nemen,n eː m ə,,12,false,^nemen$,Dutch,72181920133752388,,,5. no evidence for borrowing,0.0,,,,semi-analyzable,nem-en [?-INF],0.75,EWB 1997,,,0901-1000,1.0,,,,,,,verb,,,,
Dutch-11-14-1,6294,Dutch,11-14,vastpakken,vastpakken,v ɑ s t p ɑ k ə,,12,false,^vastpakken$,Dutch,72181920345240947,,,5. no evidence for borrowing,0.0,,,,analyzable compound,vast-pakk-en [firm-grip-INF],0.5,WNT,,,1740,0.9,,,,,,,verb,,,,
Dutch-11-15-1,6295,Dutch,11-15,vasthouden,vasthouden,v ɑ s t h ɑu d ə,,12,false,^vasthouden$,Dutch,72181920219842492,,,5. no evidence for borrowing,0.0,,,,analyzable compound,vast-houd-en [firm-hold-INF],0.5,WNT,,,1483,1.0,,,,,,,verb,,,,
Dutch-11-16-1,6296,Dutch,11-16,krijgen,krijgen,k r ɛi ɣ ə,,12,false,^krijgen$,Dutch,72181920273373424,,,5. no evidence for borrowing,0.0,,,,semi-analyzable,krijg-en [?-INF],0.75,EWB 1997,,,1265-1270,1.0,,,,,,,verb,,,,
Dutch-11-17-1,6297,Dutch,11-17,houden,houden,h ɑu d ə,,12,false,^houden$,Dutch,72181920943901342,,,5. no evidence for borrowing,0.0,,,,semi-analyzable,houd-en [?-INF],0.75,EWB 1997,,,0901-1000,1.0,,,,,,,verb,,,,
Dutch-11-18-1,6298,Dutch,11-18,ding,ding,d ɪ ŋ,,12,false,^ding$,Dutch,7218192044217847,,,5. no evidence for borrowing,0.0,,,,unanalyzable,,1.0,EWB 1997,,,0901-1000,1.0,,,,,,,noun,,,,
Dutch-11-21-1,6299,Dutch,11-21,geven,geven,x eː v ə,,12,false,^geven$,Dutch,72181920628291909,,,5. no evidence for borrowing,0.0,,,,semi-analyzable,gev-en [?-INF],0.75,EWB 1997,,,0901-1000,1.0,,,,,,,verb,,,,
Dutch-11-22-1,6300,Dutch,11-22,teruggeven,teruggeven,t ə r ʏ ɣ eː v ə,,12,false,^teruggeven$,Dutch,72181920325975222,,,5. no evidence for borrowing,0.0,,,,analyzable compound,terug-gev-en [back-give-INF],0.5,WNT,,,1784-1785,0.9,,,,,,,verb,,,,
Dutch-11-24-1,6301,Dutch,11-24,behouden,behouden,b ə h ɑu d ə,,12,false,^behouden$,Dutch,72181920620564797,,,5. no evidence for borrowing,0.0,,,,analyzable derived,be-houd-en [TR-keep-INF],0.5,WNT,,,1265-1270,1.0,,,,,,,verb,,,,
Dutch-11-24-2,6302,Dutch,11-24,bewaren,bewaren,b ə ʋ aː r ə,,12,false,^bewaren$,Dutch,72181920997305047,,,5. no evidence for borrowing,0.0,,,,semi-analyzable,be-war-en [TR-?-INF],0.75,EWB 1997,,,1220-1240,1.0,,,,,,,verb,,,,
Dutch-11-25-1,6303,Dutch,11-25,redden,redden,r ɛ d ə,,12,false,^redden$,Dutch,72181920361081092,,,5. no evidence for borrowing,0.0,,,,semi-analyzable,redd--en [?-INF],0.75,EWB 1997,,,1471,1.0,,,,,,,verb,,,,
Dutch-11-27-1,6304,Dutch,11-27,vernietigen,vernietigen,v ə r n iː t ə ɣ ə,,12,false,^vernietigen$,Dutch,72181920894853782,,,5. no evidence for borrowing,0.0,,,,analyzable derived,ver-niet-ig-en [TR-not-ADJ-INF],0.5,EWB 1997,,,1557,0.9,,,,,,,verb,,,,
Dutch-11-28-1,6305,Dutch,11-28,verwonden,verwonden,v ə r ʋ ɔ n d ə,,12,false,^verwonden$,Dutch,72181920793081626,,,5. no evidence for borrowing,0.0,,,,analyzable derived,ver-wond-en [TR-wound-INF],0.5,WNT,,,1376-1400,1.0,,,,,,,verb,,,,
Dutch-11-31-1,6307,Dutch,11-31,zoeken,zoeken,z uː k ə,,12,false,^zoeken$,Dutch,72181920615468285,,,5. no evidence for borrowing,0.0,,,,semi-analyzable,zoek-en [?-INF],0.75,EWB 1997,,,0901-1000,1.0,,,,,,,verb,,,,
Dutch-11-32-1,6308,Dutch,11-32,vinden,vinden,v ɪ n d ə,,12,false,^vinden$,Dutch,72181920576717427,,,5. no evidence for borrowing,0.0,,,,semi-analyzable,vind-en [?-INF],0.75,EWB 1997,,,0901-1000,1.0,,,,,,,verb,,,,
Dutch-11-33-1,6309,Dutch,11-33,verliezen,verliezen,v ə r l iː z ə,,12,false,^verliezen$,Dutch,72181920813716403,,,5. no evidence for borrowing,0.0,,,,semi-analyzable,ver-liez-en [TR-?-INF],0.75,EWB 1997,,,1201-1225,1.0,,,,,,,verb,,,,
Dutch-11-34-1,6310,Dutch,11-34,loslaten,loslaten,l ɔ s l aː t ə,,12,false,^loslaten$,Dutch,72181920664711641,,,5. no evidence for borrowing,0.0,,,,analyzable compound,los-lat-en [loose-let-INF],0.5,WNT,,,1638,0.9,,,,,,,verb,,,,
Dutch-11-43-1,6311,Dutch,11-43,geld,geld,x ɛ l t,,12,false,^geld$,Dutch,72181920197058130,,,5. no evidence for borrowing,0.0,,,,unanalyzable,,1.0,EWB 1997,,,0776-800,1.0,,,,,,,noun,,,,
Dutch-11-44-1,6312,Dutch,11-44,munt,munt,m ʏ n t,,12,true,^munt$,Dutch,72181920346854448,,,1. clearly borrowed,1.0,,,,unanalyzable,,1.0,"Van der Sijs, Leenwoordenboek 2005; EWB 1997",,,1240-1260,1.0,1. Highly integrated,present only since contact,Insertion,,Latin influence on Germanic [12],,noun,,,,
Dutch-11-51-1,6313,Dutch,11-51,rijk,rijk,r ɛi k,,12,true,^rijk$,Dutch,72181920953758923,,,1. clearly borrowed,1.0,"The word is borrowed in Germanic from Celtic as a noun meaning ‘state’; the meaning ‘rich’ is created in Germanic, not in Celtic.",,,unanalyzable,,1.0,"Van der Sijs, Leenwoordenboek 2005; EWB 1997",,,0901-1000,1.0,1. Highly integrated,present only since contact,Insertion,,Celtic influence on Germanic [12],,adjective,,,,
Dutch-11-52-1,6314,Dutch,11-52,arm (2),arm,ɑ r m,,12,false,^arm$,Dutch,72181920824509073,,,5. no evidence for borrowing,0.0,,,,unanalyzable,,1.0,EWB 1997,,,0901-1000,1.0,,,,,,,adjective,,,,
Dutch-11-53-1,6315,Dutch,11-53,bedelaar,bedelaar,b eː d ə l aː r,,12,false,^bedelaar$,Dutch,72181920717334022,,,5. no evidence for borrowing,0.0,,,,analyzable derived,bedel-aar [beg-AGT],0.5,WNT,,,1240,1.0,,,,,,,noun,,,,
Dutch-11-54-1,6316,Dutch,11-54,gierig,gierig,x iː r ə x,,12,false,^gierig$,Dutch,72181920900285876,,,5. no evidence for borrowing,0.0,,,,semi-analyzable,gier-ig [?-ADJ],0.75,EWB 1997,,,1100,1.0,,,,,,,adjective,,,,
Dutch-11-61-1,6317,Dutch,11-61,lenen,lenen,l eː n ə,,12,false,^lenen$,Dutch,72181920147161701,,,5. no evidence for borrowing,0.0,,,,analyzable derived,len-en [loan-INF],0.5,EWB 1997,,,1240,1.0,,,,,,,verb,,,,
Dutch-11-62-1,6318,Dutch,11-62,lenen,lenen,l eː n ə,,12,false,^lenen$,Dutch,72181920147161701,,,5. no evidence for borrowing,0.0,,,,analyzable derived,len-en [loan-INF],0.5,EWB 1997,,,1240,1.0,,,,,,,verb,,,,
Dutch-11-63-1,6319,Dutch,11-63,schuldig zijn,schuldig_zijn,s x ʏ l d ə x + z ɛi n,,12,false,^schuldig_zijn$,Dutch,72181920588478671,,,5. no evidence for borrowing,0.0,,,,analyzable phrasal,[debt-ADJ be],0.5,WNT,,,1467,1.0,,,,,,,verb,,,,
Dutch-11-64-1,6320,Dutch,11-64,schuld,schuld,s x ʏ l t,,12,false,^schuld$,Dutch,72181920748906602,,,5. no evidence for borrowing,0.0,,,,unanalyzable,,1.0,EWB 1997,,,1201-1225,1.0,,,,,,,noun,,,,
Dutch-11-65-1,6321,Dutch,11-65,betalen,betalen,b ə t aː l ə,,12,false,^betalen$,Dutch,72181920395189255,,,5. no evidence for borrowing,0.0,,,,semi-analyzable,be-tal-en [TR-?-INF],0.75,EWB 1997,,,1270,1.0,,,,,,,verb,,,,
Dutch-11-66-1,6322,Dutch,11-66,rekening,rekening,r eː k ə n ɪ ŋ,,12,false,^rekening$,Dutch,72181920198855715,,,5. no evidence for borrowing,0.0,,,,analyzable derived,reken-ing [charge-NMLZ],0.5,WNT,,,1236,1.0,,,,,,,noun,,,,
Dutch-11-69-1,6323,Dutch,11-69,belasting,belasting,b ə l ɑ s t ɪ ŋ,,12,false,^belasting$,Dutch,72181920976749169,,,5. no evidence for borrowing,0.0,,,,analyzable derived,be-last-ing [TR-burden-NMLZ],0.5,WNT,,,1324-1341,1.0,,,,,,,noun,,,,
Dutch-11-77-1,6324,Dutch,11-77,in dienst nemen,in_dienst_nemen,ɪ n + d iː n s t + n eː m ə,,12,false,^in_dienst_nemen$,Dutch,72181920200742744,,,5. no evidence for borrowing,0.0,,,,analyzable phrasal,[in service take],0.5,WNT,,,1801-1900,0.8,,,,,,,verb,,,,
Dutch-11-77-2,6325,Dutch,11-77,aanstellen,aanstellen,aː n s t ɛ l ə,,12,false,^aanstellen$,Dutch,72181920204270333,,,5. no evidence for borrowing,0.0,,,,analyzable compound,aan-stell-en [on-put-INF],0.5,WNT,,,1419,1.0,,,,,,,verb,,,,
Dutch-11-78-1,6326,Dutch,11-78,loon,loon,l oː n,,12,false,^loon$,Dutch,72181920880110378,,,5. no evidence for borrowing,0.0,,,,unanalyzable,,1.0,EWB 1997,,,1080,1.0,,,,,,,noun,,,,
Dutch-11-78-2,6327,Dutch,11-78,salaris,salaris,s aː l aː r ə s,,12,true,^salaris$,Dutch,72181920127364712,,,1. clearly borrowed,1.0,,,,unanalyzable,,1.0,"Van der Sijs, Leenwoordenboek 2005; EWB 1997",,,1282,1.0,1. Highly integrated,present in pre-contact environment,Coexistence,,Latin influence on Germanic [12],,noun,,,,
Dutch-11-79-1,6328,Dutch,11-79,verdienen,verdienen,v ə r d iː n ə,,12,false,^verdienen$,Dutch,72181920561432467,,,5. no evidence for borrowing,0.0,,,,analyzable derived,ver-dien-en [RES-serve-INF],0.5,WNT,,,1240,1.0,,,,,,,verb,,,,
Dutch-11-81-1,6329,Dutch,11-81,kopen,kopen,k oː p ə,,12,true,^kopen$,Dutch,72181920289511855,,,1. clearly borrowed,1.0,"Word class is changed: either the exact word form in the donor language is unknown, or the word is derived in Dutch from a Latin loanword.",,,semi-analyzable,kop-en [?-INF],0.75,"Van der Sijs, Leenwoordenboek 2005; EWB 1997",,,1220-1240,1.0,1. Highly integrated,present only since contact,Insertion,,Latin influence on Germanic [12],,verb,,,,
Dutch-11-82-1,6330,Dutch,11-82,verkopen,verkopen,v ə r k oː p ə,,12,false,^verkopen$,Dutch,72181920529117205,,,5. no evidence for borrowing,0.0,kopen is loaned,yes,,analyzable derived,ver-kop-en [PRF-buy-INF],0.5,WNT,,,1240,1.0,,,,,,,verb,,,,
Dutch-11-83-1,6331,Dutch,11-83,handelen,handelen,h ɑ n d ə l ə,,12,false,^handelen$,Dutch,72181920473037000,,,5. no evidence for borrowing,0.0,,,,analyzable derived,handel-en [trade-INF],0.5,EWB 1997,,,1573,0.9,,,,,,,verb,,,,
Dutch-11-83-2,6332,Dutch,11-83,ruilen,ruilen,r œy l ə,,12,false,^ruilen$,Dutch,72181920193687531,,,5. no evidence for borrowing,0.0,,,,analyzable derived,ruil-en [exchange-INF],0.5,EWB 1997,,,1506,0.9,,,,,,,verb,,,,
Dutch-11-84-1,6333,Dutch,11-84,handelaar,handelaar,h ɑ n d ə l aː r,,12,false,^handelaar$,Dutch,72181920145453384,,,5. no evidence for borrowing,0.0,,,,analyzable derived,handel-aar [trade-AGT],0.5,WNT,,,1645,0.9,,,,,,,noun,,,,
Dutch-11-85-1,6334,Dutch,11-85,markt,markt,m ɑ r k t,,12,true,^markt$,Dutch,72181920886385548,,,1. clearly borrowed,1.0,,,,unanalyzable,,1.0,"Van der Sijs, Leenwoordenboek 2005; EWB 1997",,,1240,1.0,1. Highly integrated,present only since contact,Insertion,,Latin influence on Germanic [12],,noun,,,,
Dutch-11-86-1,6335,Dutch,11-86,winkel,winkel,ʋ ɪ ŋ k ə l,,12,false,^winkel$,Dutch,72181920818982493,,,5. no evidence for borrowing,0.0,,,,unanalyzable,,1.0,EWB 1997,,,1101-1200,1.0,,,,,,,noun,,,,
Dutch-11-87-1,6336,Dutch,11-87,prijs,prijs,p r ɛi s,,12,true,^prijs$,Dutch,72181920482782494,,,1. clearly borrowed,1.0,,,,unanalyzable,,1.0,"Van der Sijs, Leenwoordenboek 2005; EWB 1997",,,1250,1.0,1. Highly integrated,present only since contact,Insertion,,French cultural influence [12],,noun,,,,
Dutch-11-88-1,6337,Dutch,11-88,duur,duur,d yː r,,12,false,^duur$,Dutch,72181920767985994,,,5. no evidence for borrowing,0.0,,,,unanalyzable,,1.0,EWB 1997,,,1100,1.0,,,,,,,adjective,,,,
Dutch-11-89-1,6338,Dutch,11-89,goedkoop,goedkoop,x uː t k oː p,,12,false,^goedkoop$,Dutch,7218192053751943,,,5. no evidence for borrowing,0.0,second element is loaned from Latin caupo,yes,,analyzable compound,goed-koop [good-buy],0.5,"Van der Sijs, Leenwoordenboek 2005",,,1390,1.0,,,,,,,adjective,,,,
Dutch-11-91-1,6339,Dutch,11-91,delen,delen,d eː l ə,,12,false,^delen$,Dutch,72181920224859777,,,5. no evidence for borrowing,0.0,,,,analyzable derived,del-en [part-INF],0.5,EWB 1997,,,0901-1000,1.0,,,,,,,verb,,,,
Dutch-11-92-1,6340,Dutch,11-92,wegen,wegen,ʋ eː ɣ ə,,12,false,^wegen$,Dutch,72181920161493290,,,5. no evidence for borrowing,0.0,,,,semi-analyzable,weg-en [?-INF],0.75,EWB 1997,,,1240,1.0,,,,,,,verb,,,,
Dutch-12-01-1,6341,Dutch,12-01,na,na,n aː,,12,false,^na$,Dutch,72181920336993377,,,5. no evidence for borrowing,0.0,,,,unanalyzable,,1.0,EWB 1997,,,1200,1.0,,,,,,,function word,,,,
Dutch-12-011-1,6342,Dutch,12-011,achter,achter,ɑ x t ə r,,12,false,^achter$,Dutch,72181920171408703,,,5. no evidence for borrowing,0.0,,,,unanalyzable,,1.0,EWB 1997,,,0876-900,1.0,,,,,,,function word,,,,
Dutch-12-02-1,6347,Dutch,12-02,naast,naast,n aː s t,,12,false,^naast$,Dutch,72181920578442629,,,5. no evidence for borrowing,0.0,,,,unanalyzable,,1.0,EWB 1997,,,1285,1.0,,,,,,,function word,,,,
Dutch-12-03-1,6348,Dutch,12-03,naar beneden,naar_beneden,n aː r + b ə n eː d ə,,12,false,^naar_beneden$,Dutch,72181920296100217,,,5. no evidence for borrowing,0.0,,,,analyzable phrasal,[to below],0.5,WNT,,,1897,0.8,,,,,,,function word,,,,
Dutch-12-03-2,6349,Dutch,12-03,omlaag,omlaag,ɔ m l aː x,,12,false,^omlaag$,Dutch,72181920556759404,,,5. no evidence for borrowing,0.0,,,,analyzable compound,om-laag [to-low],0.5,WNT,,,1860-1875,0.8,,,,,,,function word,,,,
Dutch-12-04-1,6350,Dutch,12-04,voor,voor,v oː r,,12,false,^voor$,Dutch,72181920951307362,,,5. no evidence for borrowing,0.0,,,,unanalyzable,,1.0,EWB 1997,,,0901-1000,1.0,,,,,,,function word,,,,
Dutch-12-041-1,6351,Dutch,12-041,voor,voor,v oː r,,12,false,^voor$,Dutch,72181920951307362,,,5. no evidence for borrowing,0.0,,,,unanalyzable,,1.0,EWB 1997,,,0901-1000,1.0,,,,,,,function word,,,,
Dutch-12-05-1,6352,Dutch,12-05,binnen,binnen,b ɪ n ə,,12,false,^binnen$,Dutch,72181920299009237,,,5. no evidence for borrowing,0.0,,,,unanalyzable,,1.0,EWB 1997,,,1253,1.0,,,,,,,function word,,,,
Dutch-12-05-2,6353,Dutch,12-05,in,in,ɪ n,,12,false,^in$,Dutch,72181920365229368,,,5. no evidence for borrowing,0.0,,,,unanalyzable,,1.0,EWB 1997,,,0776-800,1.0,,,,,,,function word,,,,
Dutch-12-06-1,6354,Dutch,12-06,buiten,buiten,b œy t ə,,12,false,^buiten$,Dutch,72181920512378289,,,5. no evidence for borrowing,0.0,,,,unanalyzable,,1.0,EWB 1997,,,1220-1240,1.0,,,,,,,function word,,,,
Dutch-12-07-1,6355,Dutch,12-07,onder,onder,ɔ n d ə r,,12,false,^onder$,Dutch,72181920752083568,,,5. no evidence for borrowing,0.0,,,,unanalyzable,,1.0,EWB 1997,,,1330,1.0,,,,,,,function word,,,,
Dutch-12-08-1,6356,Dutch,12-08,omhoog,omhoog,ɔ m h oː x,,12,false,^omhoog$,Dutch,72181920453519785,,,5. no evidence for borrowing,0.0,,,,analyzable compound,om-hoog [to-high],0.5,EWB 1997,,,1486,1.0,,,,,,,function word,,,,
Dutch-12-11-1,6358,Dutch,12-11,plaats,plaats,p l aː t s,,12,true,^plaats$,Dutch,72181920801174923,,,1. clearly borrowed,1.0,,,,unanalyzable,,1.0,"Van der Sijs, Leenwoordenboek 2005; EWB 1997",,,1285,1.0,1. Highly integrated,present in pre-contact environment,Insertion,,French cultural influence [12],,noun,,,,
Dutch-12-12-1,6359,Dutch,12-12,leggen,leggen,l ɛ ɣ ə,,12,false,^leggen$,Dutch,72181920969303069,,,5. no evidence for borrowing,0.0,,,,analyzable derived,legg-en [CAUS-lie-INF],0.5,EWB 1997,,,1240,1.0,,,,,,,verb,,,,
Dutch-12-13-1,6360,Dutch,12-13,zitten,zitten,z ɪ t ə,,12,false,^zitten$,Dutch,72181920167459970,,,5. no evidence for borrowing,0.0,,,,analyzable derived,zitt-en [sit-INF],0.5,EWB 1997,,,1240,1.0,,,,,,,verb,,,,
Dutch-12-14-1,6361,Dutch,12-14,gaan liggen,gaan_liggen,x aː n + l ɪ ɣ ə,,12,false,^gaan_liggen$,Dutch,72181920160126114,,,5. no evidence for borrowing,0.0,,,,analyzable phrasal,[go lie],0.5,WNT,,,1301-1400,1.0,,,,,,,verb,,,,
Dutch-12-15-1,6362,Dutch,12-15,staan,staan,s t aː n,,12,false,^staan$,Dutch,72181920195322820,,,5. no evidence for borrowing,0.0,,,,unanalyzable,,1.0,EWB 1997,,,0901-1000,1.0,,,,,,,verb,,,,
Dutch-12-16-1,6363,Dutch,12-16,blijven,blijven,b l ɛi v ə,,12,false,^blijven$,Dutch,72181920209408427,,,5. no evidence for borrowing,0.0,,,,semi-analyzable,blijv-en [?-INF],0.75,EWB 1997,,,0901-1000,1.0,,,,,,,verb,,,,
Dutch-12-17-1,6364,Dutch,12-17,resten,resten,r ɛ s t ə,,12,true,^resten$,Dutch,7218192037546884,,,1. clearly borrowed,1.0,,,,unanalyzable,,1.0,"Van der Sijs, Leenwoordenboek 2005; EWB 1997",,,1452,1.0,1. Highly integrated,present in pre-contact environment,Coexistence,,French cultural influence [12],,noun,,,,
Dutch-12-17-2,6365,Dutch,12-17,overblijfels,overblijfels,oː v ə r b l ɛi f ə l s,,12,false,^overblijfels$,Dutch,72181920311678121,,,5. no evidence for borrowing,0.0,,,,analyzable derived,over-blijf-sel-s [over-stay-NMLZ-PL],0.5,EWB 1997,,,1599,0.9,,,,,,,noun,,,,
Dutch-12-21-1,6366,Dutch,12-21,verzamelen,verzamelen,v ə r z aː m ə l ə,,12,true,^verzamelen$,Dutch,72181920468056196,,,1. clearly borrowed,1.0,,,,semi-analyzable,ver-zamel-en [TR-?-INF],0.75,"Van der Sijs, Leenwoordenboek 2005; EWB 1997",,,1444,1.0,1. Highly integrated,present in pre-contact environment,Replacement,,Latin influence on Germanic [12],,verb,,,,
Dutch-12-212-1,6367,Dutch,12-212,optillen,optillen,ɔ p t ɪ l ə,,12,false,^optillen$,Dutch,72181920979938646,,,5. no evidence for borrowing,0.0,,,,analyzable compound,op-till-en [up-lift-INF],0.5,WNT,,,1566,0.9,,,,,,,verb,,,,
Dutch-12-213-1,6368,Dutch,12-213,opstapelen,opstapelen,ɔ p s t aː p ə l ə,,12,false,^opstapelen$,Dutch,72181920795778811,,,5. no evidence for borrowing,0.0,,,,analyzable compound,op-stapel-en [up-pile-INF],0.5,WNT,,,1347,1.0,,,,,,,verb,,,,
Dutch-12-22-1,6369,Dutch,12-22,samenvoegen,samenvoegen,s aː m ə n v uː ɣ ə,,12,false,^samenvoegen$,Dutch,72181920314215310,,,5. no evidence for borrowing,0.0,,,,analyzable compound,samen-voeg-en [together-join-INF],0.5,WNT,,,1477,1.0,,,,,,,verb,,,,
Dutch-12-22-2,6370,Dutch,12-22,verbinden,verbinden,v ə r b ɪ n d ə,,12,false,^verbinden$,Dutch,72181920198843110,,,5. no evidence for borrowing,0.0,,,,analyzable derived,ver-bind-en [TR-bind-INF],0.5,WNT,,,1240,1.0,,,,,,,verb,,,,
Dutch-12-23-1,6371,Dutch,12-23,scheiden,scheiden,s x ɛi d ə,,12,false,^scheiden$,Dutch,72181920718342648,,,5. no evidence for borrowing,0.0,,,,semi-analyzable,scheid-en [?-INF],0.75,EWB 1997,,,1100,1.0,,,,,,,verb,,,,
Dutch-12-232-1,6372,Dutch,12-232,verdelen,verdelen,v ə r d eː l ə,,12,false,^verdelen$,Dutch,7218192046270965,,,5. no evidence for borrowing,0.0,,,,analyzable derived,ver-del-en [TR-part-INF],0.5,WNT,,,1292,1.0,,,,,,,verb,,,,
Dutch-12-24-1,6373,Dutch,12-24,openen,openen,oː p ə n ə,,12,false,^openen$,Dutch,72181920560459452,,,5. no evidence for borrowing,0.0,,,,analyzable derived,open-en [open-INF],0.5,EWB 1997,,,1300,1.0,,,,,,,verb,,,,
Dutch-12-25-1,6374,Dutch,12-25,sluiten,sluiten,s l œy t ə,,12,false,^sluiten$,Dutch,7218192070598363,,,5. no evidence for borrowing,0.0,,,,semi-analyzable,sluit-en [?-INF],0.75,EWB 1997,,,1240,1.0,,,,,,,verb,,,,
Dutch-12-26-1,6375,Dutch,12-26,bedekken,bedekken,b ə d ɛ k ə,,12,false,^bedekken$,Dutch,72181920151874956,,,5. no evidence for borrowing,0.0,,,,analyzable derived,be-dekk-en [TR-cover-INF],0.5,WNT,,,1265-1270,1.0,,,,,,,verb,,,,
Dutch-12-27-1,6376,Dutch,12-27,verbergen,verbergen,v ə r b ɛ r ɣ ə,,12,false,^verbergen$,Dutch,72181920422456048,,,5. no evidence for borrowing,0.0,,,,analyzable derived,ver-berg-en [TR-store-INF],0.5,WNT,,,1265-1270,1.0,,,,,,,verb,,,,
Dutch-12-27-2,6377,Dutch,12-27,verstoppen,verstoppen,v ə r s t ɔ p ə,,12,false,^verstoppen$,Dutch,72181920545716773,,,5. no evidence for borrowing,0.0,,,,analyzable derived,ver-stopp-en [TR-plug-INF],0.5,WNT,,,1285,1.0,,,,,,,verb,,,,
Dutch-12-31-1,6378,Dutch,12-31,hoog,hoog,h oː x,,12,false,^hoog$,Dutch,72181920375219844,,,5. no evidence for borrowing,0.0,,,,unanalyzable,,1.0,EWB 1997,,,1130-1161,1.0,,,,,,,adjective,,,,
Dutch-12-32-1,6379,Dutch,12-32,laag,laag,l aː x,,12,false,^laag$,Dutch,72181920983139415,,,5. no evidence for borrowing,0.0,,,,unanalyzable,,1.0,EWB 1997,,,1240,1.0,,,,,,,adjective,,,,
Dutch-12-33-1,6380,Dutch,12-33,top,top,t ɔ p,,12,false,^top$,Dutch,72181920713884870,,,5. no evidence for borrowing,0.0,,,,unanalyzable,,1.0,EWB 1997,,,1130,1.0,,,,,,,noun,,,,
Dutch-12-34-1,6381,Dutch,12-34,bodem,bodem,b oː d ə m,,12,false,^bodem$,Dutch,72181920781775959,,,5. no evidence for borrowing,0.0,,,,unanalyzable,,1.0,EWB 1997,,,1260-1280,1.0,,,,,,,noun,,,,
Dutch-12-35-1,6382,Dutch,12-35,einde,einde,ɛi n d ə,,12,false,^einde$,Dutch,72181920636093502,,,5. no evidence for borrowing,0.0,,,,unanalyzable,,1.0,EWB 1997,,,0901-1000,1.0,,,,,,,noun,,,,
Dutch-12-352-1,6383,Dutch,12-352,spits,spits,s p ɪ t s,,12,true,^spits$,Dutch,7218192086640510,,,1. clearly borrowed,1.0,,,,unanalyzable,,1.0,"Van der Sijs, Leenwoordenboek 2005; EWB 1997",,,1542,0.9,1. Highly integrated,present only since contact,Insertion,,High German influence [12],,adjective,,,,
Dutch-12-353-1,6384,Dutch,12-353,kant,kant,k ɑ n t,,12,true,^kant$,Dutch,72181920591849976,,,1. clearly borrowed,1.0,,,,unanalyzable,,1.0,"Van der Sijs, Leenwoordenboek 2005; EWB 1997",,,1248-1271,1.0,1. Highly integrated,present in pre-contact environment,Coexistence,,Latin influence on Germanic [12],,noun,,,,
Dutch-12-353-2,6385,Dutch,12-353,rand,rand,r ɑ n t,,12,false,^rand$,Dutch,72181920335289233,,,5. no evidence for borrowing,0.0,,,,unanalyzable,,1.0,EWB 1997,,,1285,1.0,,,,,,,noun,,,,
Dutch-12-36-1,6386,Dutch,12-36,kant,kant,k ɑ n t,,12,true,^kant$,Dutch,72181920591849976,,,1. clearly borrowed,1.0,,,,unanalyzable,,1.0,"Van der Sijs, Leenwoordenboek 2005; EWB 1997",,,1248-1271,1.0,1. Highly integrated,present in pre-contact environment,Coexistence,,Latin influence on Germanic [12],,noun,,,,
Dutch-12-37-1,6387,Dutch,12-37,midden,midden,m ɪ d ə,,12,false,^midden$,Dutch,72181920339273813,,,5. no evidence for borrowing,0.0,,,,unanalyzable,,1.0,EWB 1997,,,0694,1.0,,,,,,,noun,,,,
Dutch-12-41-1,6388,Dutch,12-41,rechts,rechts,r ɛ x t s,,12,false,^rechts$,Dutch,72181920869247562,,,5. no evidence for borrowing,0.0,,,,analyzable derived,recht-s [right-ADV],0.5,EWB 1997,,,1477,1.0,,,,,,,adjective,,,,
Dutch-12-42-1,6389,Dutch,12-42,links,links,l ɪ ŋ k s,,12,false,^links$,Dutch,7218192062018413,,,5. no evidence for borrowing,0.0,,,,analyzable derived,link-s [sly-ADV],0.5,EWB 1997,,,1477,1.0,,,,,,,adjective,,,,
Dutch-12-43-1,6390,Dutch,12-43,dichtbij,dichtbij,d ɪ ɣ d b ɛi,,12,false,^dichtbij$,Dutch,72181920408430618,,,5. no evidence for borrowing,0.0,,,,analyzable compound,dicht-bij [close-by],0.5,WNT,,,1801-1900,0.8,,,,,,,adverb,,,,
Dutch-12-44-1,6391,Dutch,12-44,ver,ver,v ɛ r,,12,false,^ver$,Dutch,72181920436303985,,,5. no evidence for borrowing,0.0,,,,unanalyzable,,1.0,EWB 1997,,,0901-1000,1.0,,,,,,,adverb,,,,
Dutch-12-45-1,6392,Dutch,12-45,oosten,oosten,oː s t ə,,12,false,^oosten$,Dutch,72181920864655863,,,5. no evidence for borrowing,0.0,,,,unanalyzable,,1.0,WNT,,,1248-1271,1.0,,,,,,,noun,,,,
Dutch-12-46-1,6393,Dutch,12-46,westen,westen,ʋ ɛ s t ə,,12,false,^westen$,Dutch,7218192091155052,,,5. no evidence for borrowing,0.0,,,,unanalyzable,,1.0,WNT,,,1285,1.0,,,,,,,noun,,,,
Dutch-12-47-1,6394,Dutch,12-47,noorden,noorden,n oː r d ə,,12,false,^noorden$,Dutch,72181920874678865,,,5. no evidence for borrowing,0.0,,,,unanalyzable,,1.0,EWB 1997,,,1240,1.0,,,,,,,noun,,,,
Dutch-12-48-1,6395,Dutch,12-48,zuiden,zuiden,z œy d ə,,12,false,^zuiden$,Dutch,72181920754262095,,,5. no evidence for borrowing,0.0,,,,unanalyzable,,1.0,WNT,,,1287,1.0,,,,,,,noun,,,,
Dutch-12-53-1,6396,Dutch,12-53,groeien,groeien,x r uː j ə,,12,false,^groeien$,Dutch,72181920160004402,,,5. no evidence for borrowing,0.0,,,,analyzable derived,groei-en [growth-INF],0.5,EWB 1997,,,1100,1.0,,,,,,,verb,,,,
Dutch-12-54-1,6397,Dutch,12-54,meten,meten,m eː t ə,,12,false,^meten$,Dutch,72181920770500173,,,5. no evidence for borrowing,0.0,,,,semi-analyzable,met-en [?-INF],0.75,EWB 1997,,,1240,1.0,,,,,,,verb,,,,
Dutch-12-541-1,6398,Dutch,12-541,vadem,vadem,v aː d ə m,,12,false,^vadem$,Dutch,72181920387671638,,,5. no evidence for borrowing,0.0,,,,unanalyzable,,1.0,EWB 1997,,,1286,1.0,,,,,,,noun,,,,
Dutch-12-55-1,6399,Dutch,12-55,groot,groot,x r oː t,,12,false,^groot$,Dutch,72181920159267715,,,5. no evidence for borrowing,0.0,,,,unanalyzable,,1.0,EWB 1997,,,1177-1187,1.0,,,,,,,adjective,,,,
Dutch-12-56-1,6400,Dutch,12-56,klein,klein,k l ɛi n,,12,false,^klein$,Dutch,72181920449511208,,,5. no evidence for borrowing,0.0,,,,unanalyzable,,1.0,EWB 1997,,,1140-1170,1.0,,,,,,,adjective,,,,
Dutch-12-57-1,6401,Dutch,12-57,lang,lang,l ɑ ŋ,,12,false,^lang$,Dutch,72181920982609339,,,5. no evidence for borrowing,0.0,,,,unanalyzable,,1.0,EWB 1997,,,0788-789,1.0,,,,,,,adjective,,,,
Dutch-12-58-1,6402,Dutch,12-58,hoog,hoog,h oː x,,12,false,^hoog$,Dutch,72181920375219844,,,5. no evidence for borrowing,0.0,,,,unanalyzable,,1.0,EWB 1997,,,1130-1161,1.0,,,,,,,adjective,,,,
Dutch-12-58-2,6403,Dutch,12-58,groot,groot,x r oː t,,12,false,^groot$,Dutch,72181920159267715,,,5. no evidence for borrowing,0.0,,,,unanalyzable,,1.0,EWB 1997,,,1177-1187,1.0,,,,,,,adjective,,,,
Dutch-12-59-1,6404,Dutch,12-59,kort,kort,k ɔ r t,,12,true,^kort$,Dutch,72181920647978500,,,1. clearly borrowed,1.0,,,,unanalyzable,,1.0,"Van der Sijs, Leenwoordenboek 2005; EWB 1997",,,0976,1.0,1. Highly integrated,present only since contact,Insertion,,Latin influence on Germanic [12],,adjective,,,,
Dutch-12-61-1,6405,Dutch,12-61,breed,breed,b r eː t,,12,false,^breed$,Dutch,72181920667017552,,,5. no evidence for borrowing,0.0,,,,unanalyzable,,1.0,EWB 1997,,,0851-900,1.0,,,,,,,adjective,,,,
Dutch-12-61-2,6406,Dutch,12-61,wijd,wijd,ʋ ɛi t,,12,false,^wijd$,Dutch,72181920459111217,,,5. no evidence for borrowing,0.0,,,,unanalyzable,,1.0,EWB 1997,,,1100,1.0,,,,,,,adjective,,,,
Dutch-12-62-1,6407,Dutch,12-62,nauw,nauw,n ɑu ʋ,,12,false,^nauw$,Dutch,72181920448642037,,,5. no evidence for borrowing,0.0,,,,unanalyzable,,1.0,EWB 1997,,,1285,1.0,,,,,,,adjective,,,,
Dutch-12-63-1,6408,Dutch,12-63,dik,dik,d ɪ k,,12,false,^dik$,Dutch,72181920501475876,,,5. no evidence for borrowing,0.0,,,,unanalyzable,,1.0,EWB 1997,,,1089,1.0,,,,,,,adjective,,,,
Dutch-12-65-1,6409,Dutch,12-65,dun,dun,d ʏ n,,12,false,^dun$,Dutch,721819209601339,,,5. no evidence for borrowing,0.0,,,,unanalyzable,,1.0,EWB 1997,,,1240,1.0,,,,,,,adjective,,,,
Dutch-12-67-1,6410,Dutch,12-67,diep,diep,d iː p,,12,false,^diep$,Dutch,7218192092758739,,,5. no evidence for borrowing,0.0,,,,unanalyzable,,1.0,EWB 1997,,,0701-800,1.0,,,,,,,adjective,,,,
Dutch-12-68-1,6411,Dutch,12-68,ondiep,ondiep,ɔ n d iː p,,12,false,^ondiep$,Dutch,72181920794981966,,,5. no evidence for borrowing,0.0,,,,analyzable derived,on-diep [NEG-deep],0.5,WNT,,,1270-1280,1.0,,,,,,,adjective,,,,
Dutch-12-71-1,6412,Dutch,12-71,plat,plat,p l ɑ t,,12,true,^plat$,Dutch,72181920561832636,,,1. clearly borrowed,1.0,,,,unanalyzable,,1.0,"Van der Sijs, Leenwoordenboek 2005; EWB 1997",,,1287,1.0,1. Highly integrated,present in pre-contact environment,Coexistence,,French cultural influence [12],,adjective,,,,
Dutch-12-71-2,6413,Dutch,12-71,vlak,vlak,v l ɑ k,,12,false,^vlak$,Dutch,72181920739833249,,,5. no evidence for borrowing,0.0,,,,unanalyzable,,1.0,EWB 1997,,,1448,1.0,,,,,,,adjective,,,,
Dutch-12-73-1,6414,Dutch,12-73,recht,recht,r ɛ x t,,12,false,^recht$,Dutch,72181920184078763,,,5. no evidence for borrowing,0.0,,,,unanalyzable,,1.0,EWB 1997,,,0901-1000,1.0,,,,,,,adjective,,,,
Dutch-12-74-1,6415,Dutch,12-74,krom,krom,k r ɔ m,,12,false,^krom$,Dutch,72181920426707118,,,5. no evidence for borrowing,0.0,,,,unanalyzable,,1.0,EWB 1997,,,0875,1.0,,,,,,,adjective,,,,
Dutch-12-75-1,6416,Dutch,12-75,haak,haak,h aː k,,12,false,^haak$,Dutch,72181920405094724,,,5. no evidence for borrowing,0.0,,,,unanalyzable,,1.0,EWB 1997,,,1240,1.0,,,,,,,noun,,,,
Dutch-12-76-1,6417,Dutch,12-76,hoek,hoek,h uː k,,12,false,^hoek$,Dutch,721819201307624,,,5. no evidence for borrowing,0.0,,,,unanalyzable,,1.0,EWB 1997,,,1177-1187,1.0,,,,,,,noun,,,,
Dutch-12-77-1,6418,Dutch,12-77,kruis,kruis,k r œy s,,12,true,^kruis$,Dutch,72181920530894120,,,1. clearly borrowed,1.0,,,,unanalyzable,,1.0,"Van der Sijs, Leenwoordenboek 2005; EWB 1997",,,0991-1000,1.0,1. Highly integrated,present only since contact,Insertion,,Church Latin influence [12],,noun,,,,
Dutch-12-78-1,6419,Dutch,12-78,vierkant,vierkant,v iː r k ɑ n t,,12,false,^vierkant$,Dutch,72181920802949901,,,5. no evidence for borrowing,0.0,second element is loaned,yes,,analyzable compound,vier-kant [four-side],0.5,WNT,,,1285,1.0,,,,,,,noun,,,,
Dutch-12-81-1,6420,Dutch,12-81,rond,rond,r ɔ n t,,12,true,^rond$,Dutch,72181920596001287,,,1. clearly borrowed,1.0,,,,unanalyzable,,1.0,"Van der Sijs, Leenwoordenboek 2005; EWB 1997",,,1236,1.0,1. Highly integrated,present in pre-contact environment,,,French cultural influence [12],,adjective,,,,
Dutch-12-82-1,6421,Dutch,12-82,cirkel,cirkel,s ɪ r k ə l,,12,true,^cirkel$,Dutch,72181920558829956,,,1. clearly borrowed,1.0,,,,unanalyzable,,1.0,"Van der Sijs, Leenwoordenboek 2005; EWB 1997",,,1220-1240,1.0,1. Highly integrated,present only since contact,Insertion,,Medical and scientific Latin influence [12],,noun,,,,
Dutch-12-83-1,6422,Dutch,12-83,bal,bal,b ɑ l,,12,false,^bal$,Dutch,72181920306987962,,,5. no evidence for borrowing,0.0,,,,unanalyzable,,1.0,EWB 1997,,,1240,1.0,,,,,,,noun,,,,
Dutch-12-83-2,6423,Dutch,12-83,bol,bol,b ɔ l,,12,false,^bol$,Dutch,72181920864620974,,,5. no evidence for borrowing,0.0,,,,unanalyzable,,1.0,EWB 1997,,,1280,1.0,,,,,,,noun,,,,
Dutch-12-84-1,6424,Dutch,12-84,lijn,lijn,l ɛi n,,12,false,^lijn$,Dutch,72181920361773549,,,5. no evidence for borrowing,0.0,,,,unanalyzable,,1.0,EWB 1997,,,1477,1.0,,,,,,,noun,,,,
Dutch-12-85-1,6425,Dutch,12-85,gat,gat,x ɑ t,,12,false,^gat$,Dutch,72181920746557641,,,5. no evidence for borrowing,0.0,,,,unanalyzable,,1.0,EWB 1997,,,1236,1.0,,,,,,,noun,,,,
Dutch-12-92-1,6426,Dutch,12-92,gelijk,gelijk,x ə l ɛi k,,12,false,^gelijk$,Dutch,72181920147608544,,,5. no evidence for borrowing,0.0,,,,unanalyzable,,1.0,EWB 1997,,,0901-1000,1.0,,,,,,,adjective,,,,
Dutch-12-93-1,6427,Dutch,12-93,veranderen,veranderen,v ə r ɑ n d ə r ə,,12,false,^veranderen$,Dutch,72181920203177035,,,5. no evidence for borrowing,0.0,,,,analyzable derived,ver-ander-en [TR-other-INF],0.5,WNT,,,1301-1325,1.0,,,,,,,verb,,,,
Dutch-13-1,6428,Dutch,13,nul,nul,n ʏ l,,12,true,^nul$,Dutch,72181920306509761,,,1. clearly borrowed,1.0,,,,unanalyzable,,1.0,"Van der Sijs, Leenwoordenboek 2005; EWB 1997",,,1508,0.9,1. Highly integrated,present only since contact,Insertion,,Italian banking terms [12],,function word,,,,
Dutch-13-01-1,6429,Dutch,13-01,een,een,eː n,,12,false,^een$,Dutch,72181920758667338,,,5. no evidence for borrowing,0.0,,,,unanalyzable,,1.0,EWB 1997,,,0901-1000,1.0,,,,,,,function word,,,,
Dutch-13-02-1,6430,Dutch,13-02,twee,twee,t ʋ eː,,12,false,^twee$,Dutch,72181920589390075,,,5. no evidence for borrowing,0.0,,,,unanalyzable,,1.0,EWB 1997,,,0222-235,1.0,,,,,,,function word,,,,
Dutch-13-03-1,6431,Dutch,13-03,drie,drie,d r iː,,12,false,^drie$,Dutch,72181920914992867,,,5. no evidence for borrowing,0.0,,,,unanalyzable,,1.0,EWB 1997,,,0820,1.0,,,,,,,function word,,,,
Dutch-13-04-1,6432,Dutch,13-04,vier,vier,v iː r,,12,false,^vier$,Dutch,72181920545896291,,,5. no evidence for borrowing,0.0,,,,unanalyzable,,1.0,EWB 1997,,,0701-800,1.0,,,,,,,function word,,,,
Dutch-13-05-1,6433,Dutch,13-05,vijf,vijf,v ɛi f,,12,false,^vijf$,Dutch,72181920626737890,,,5. no evidence for borrowing,0.0,,,,unanalyzable,,1.0,EWB 1997,,,0701-800,1.0,,,,,,,function word,,,,
Dutch-13-06-1,6434,Dutch,13-06,zes,zes,z ɛ s,,12,false,^zes$,Dutch,7218192070917048,,,5. no evidence for borrowing,0.0,,,,unanalyzable,,1.0,EWB 1997,,,0701-800,1.0,,,,,,,function word,,,,
Dutch-13-07-1,6435,Dutch,13-07,zeven (2),zeven,z eː v ə,,12,false,^zeven$,Dutch,72181920590631291,,,5. no evidence for borrowing,0.0,,,,unanalyzable,,1.0,EWB 1997,,,0701-800,1.0,,,,,,,function word,,,,
Dutch-13-08-1,6436,Dutch,13-08,acht,acht,ɑ x t,,12,false,^acht$,Dutch,72181920936777869,,,5. no evidence for borrowing,0.0,,,,unanalyzable,,1.0,EWB 1997,,,0701-800,1.0,,,,,,,function word,,,,
Dutch-13-09-1,6437,Dutch,13-09,negen,negen,n eː ɣ ə,,12,false,^negen$,Dutch,72181920559444380,,,5. no evidence for borrowing,0.0,,,,unanalyzable,,1.0,EWB 1997,,,0701-800,1.0,,,,,,,function word,,,,
Dutch-13-1-1,6438,Dutch,13-1,tien,tien,t iː n,,12,false,^tien$,Dutch,72181920887037884,,,5. no evidence for borrowing,0.0,,,,unanalyzable,,1.0,EWB 1997,,,0701-800,1.0,,,,,,,function word,,,,
Dutch-13-101-1,6439,Dutch,13-101,elf (1),elf,ɛ l f,,12,false,^elf$,Dutch,72181920225172928,,,5. no evidence for borrowing,0.0,,,,unanalyzable,,1.0,EWB 1997,,,1220-1240,1.0,,,,,,,function word,,,,
Dutch-13-102-1,6440,Dutch,13-102,twaalf,twaalf,t ʋ aː l f,,12,false,^twaalf$,Dutch,72181920275720706,,,5. no evidence for borrowing,0.0,,,,unanalyzable,,1.0,EWB 1997,,,0701-800,1.0,,,,,,,function word,,,,
Dutch-13-103-1,6441,Dutch,13-103,vijftien,vijftien,v ɛi f t iː n,,12,false,^vijftien$,Dutch,72181920860696880,,,5. no evidence for borrowing,0.0,,,,analyzable compound,vijf-tien [five-teen],0.5,WNT,,,1237,1.0,,,,,,,function word,,,,
Dutch-13-104-1,6442,Dutch,13-104,twintig,twintig,t ʋ ɪ n t ə x,,12,false,^twintig$,Dutch,72181920600031861,,,5. no evidence for borrowing,0.0,,,,unanalyzable,,1.0,EWB 1997,,,1236,1.0,,,,,,,function word,,,,
Dutch-13-105-1,6443,Dutch,13-105,honderd,honderd,h ɔ n d ə r t,,12,false,^honderd$,Dutch,72181920699115211,,,5. no evidence for borrowing,0.0,,,,unanalyzable,,1.0,EWB 1997,,,1236,1.0,,,,,,,function word,,,,
Dutch-13-106-1,6444,Dutch,13-106,duizend,duizend,d œy z ə n t,,12,false,^duizend$,Dutch,7218192086083427,,,5. no evidence for borrowing,0.0,,,,unanalyzable,,1.0,EWB 1997,,,0701-800,1.0,,,,,,,function word,,,,
Dutch-13-107-1,6445,Dutch,13-107,tellen,tellen,t ɛ l ə,,12,false,^tellen$,Dutch,72181920390837298,,,5. no evidence for borrowing,0.0,,,,analyzable derived,tell-en [count-INF],0.5,EWB 1997,,,0901-1000,1.0,,,,,,,verb,,,,
Dutch-13-14-1,6446,Dutch,13-14,alle,alle,ɑ l ə,,12,false,^alle$,Dutch,72181920110402033,,,5. no evidence for borrowing,0.0,,,,unanalyzable,,1.0,WNT,,,1201-1225,1.0,,,,,,,function word,,,,
Dutch-13-15-1,6447,Dutch,13-15,veel,veel,v eː l,,12,false,^veel$,Dutch,72181920727155493,,,5. no evidence for borrowing,0.0,,,,unanalyzable,,1.0,EWB 1997,,,0901-1000,1.0,,,,,,,function word,,,,
Dutch-13-16-1,6448,Dutch,13-16,meer (2),meer,m eː r,,12,false,^meer$,Dutch,72181920342522579,,,5. no evidence for borrowing,0.0,,,,unanalyzable,,1.0,EWB 1997,,,1100,1.0,,,,,,,function word,,,,
Dutch-13-17-1,6449,Dutch,13-17,weinig,weinig,ʋ ɛi n ə x,,12,false,^weinig$,Dutch,7218192054718387,,,5. no evidence for borrowing,0.0,,,,unanalyzable,,1.0,EWB 1997,,,1260-1280,1.0,,,,,,,function word,,,,
Dutch-13-18-1,6450,Dutch,13-18,genoeg,genoeg,x ə n uː x,,12,false,^genoeg$,Dutch,72181920458704495,,,5. no evidence for borrowing,0.0,,,,unanalyzable,,1.0,EWB 1997,,,1100,1.0,,,,,,,function word,,,,
Dutch-13-181-1,6451,Dutch,13-181,enkele,enkele,ɛ ŋ k ə l ə,,12,false,^enkele$,Dutch,7218192097534580,,,5. no evidence for borrowing,0.0,,,,unanalyzable,,1.0,WNT,,,1793-1796,0.9,,,,,,,function word,,,,
Dutch-13-19-1,6452,Dutch,13-19,menigte,menigte,m eː n ə x t ə,,12,false,^menigte$,Dutch,72181920536293493,,,5. no evidence for borrowing,0.0,,,,analyzable derived,menig-te [many-NMLZ],0.5,EWB 1997,,,1280,1.0,,,,,,,noun,,,,
Dutch-13-21-1,6453,Dutch,13-21,vol,vol,v ɔ l,,12,false,^vol$,Dutch,72181920728539884,,,5. no evidence for borrowing,0.0,,,,unanalyzable,,1.0,EWB 1997,,,0901-1000,1.0,,,,,,,adjective,,,,
Dutch-13-22-1,6454,Dutch,13-22,leeg,leeg,l eː x,,12,false,^leeg$,Dutch,72181920627962113,,,5. no evidence for borrowing,0.0,,,,unanalyzable,,1.0,EWB 1997,,,1599,0.9,,,,,,,adjective,,,,
Dutch-13-23-1,6455,Dutch,13-23,deel,deel,d eː l,,12,false,^deel$,Dutch,72181920694731543,,,5. no evidence for borrowing,0.0,,,,unanalyzable,,1.0,EWB 1997,,,0901-1000,1.0,,,,,,,noun,,,,
Dutch-13-24-1,6457,Dutch,13-24,helft,helft,h ɛ l f t,,12,false,^helft$,Dutch,7218192065927066,,,5. no evidence for borrowing,0.0,,,,analyzable derived,[half-NMLZ],0.5,EWB 1997,,,1236,1.0,,,,,,,noun,,,,
Dutch-13-33-1,6458,Dutch,13-33,enige,enige,eː n ə ɣ ə,,12,false,^enige$,Dutch,72181920371062895,,,5. no evidence for borrowing,0.0,,,,analyzable derived,enig-e [one-ADJ],0.5,WNT,,,1240,1.0,,,,,,,function word,,,,
Dutch-13-34-1,6460,Dutch,13-34,eerste,eerste,eː r s t ə,,12,false,^eerste$,Dutch,72181920133954924,,,5. no evidence for borrowing,0.0,,,,analyzable derived,eer-ste [previous-SUPERLATIVE],0.5,WNT,,,1285,1.0,,,,,,,function word,,,,
Dutch-13-35-1,6461,Dutch,13-35,laatste,laatste,l aː t s t ə,,12,false,^laatste$,Dutch,72181920579029904,,,5. no evidence for borrowing,0.0,,,,analyzable derived,laat-ste [late-SUPERLATIVE],0.5,WNT,,,1281,1.0,,,,,,,function word,,,,
Dutch-13-36-1,6462,Dutch,13-36,tweede,tweede,t ʋ eː d ə,,12,false,^tweede$,Dutch,72181920395242199,,,5. no evidence for borrowing,0.0,,,,analyzable derived,twee-de [second-ADJ],0.5,WNT,,,1530-1531,0.9,,,,,,,function word,,,,
Dutch-13-37-1,6463,Dutch,13-37,paar,paar,p aː r,,12,true,^paar$,Dutch,72181920288186136,,,1. clearly borrowed,1.0,,,,unanalyzable,,1.0,"Van der Sijs, Leenwoordenboek 2005; EWB 1997",,,1274,1.0,1. Highly integrated,present only since contact,Insertion,,Latin influence on Germanic [12],,noun,,,,
Dutch-13-38-1,6464,Dutch,13-38,tweemaal,tweemaal,t ʋ eː m aː l,,12,false,^tweemaal$,Dutch,72181920182283506,,,5. no evidence for borrowing,0.0,,,,analyzable compound,twee-maal [two-time],0.5,WNT,,,1477,1.0,,,,,,,function word,,,,
Dutch-13-42-1,6465,Dutch,13-42,derde,derde,d ɛ r d ə,,12,false,^derde$,Dutch,72181920635566684,,,5. no evidence for borrowing,0.0,,,,analyzable derived,der-de [three-ADJ],0.5,WNT,,,1200,1.0,,,,,,,function word,,,,
Dutch-13-44-1,6466,Dutch,13-44,driemaal,driemaal,d r iː m aː l,,12,false,^driemaal$,Dutch,72181920586574275,,,5. no evidence for borrowing,0.0,,,,analyzable compound,drie-maal [three-time],0.5,WNT,,,1582,0.9,,,,,,,function word,,,,
Dutch-14-11-1,6467,Dutch,14-11,tijd,tijd,t ɛi t,,12,false,^tijd$,Dutch,72181920334939289,,,5. no evidence for borrowing,0.0,,,,unanalyzable,,1.0,EWB 1997,,,0901-1000,1.0,,,,,,,noun,,,,
Dutch-14-12-1,6468,Dutch,14-12,leeftijd,leeftijd,l eː f t ɛi t,,12,false,^leeftijd$,Dutch,7218192027640670,,,5. no evidence for borrowing,0.0,,,,analyzable compound,leef-tijd [live-time],0.5,WNT,,,1688,0.9,,,,,,,noun,,,,
Dutch-14-13-1,6469,Dutch,14-13,nieuw,nieuw,n iː ʋ,,12,false,^nieuw$,Dutch,72181920638659728,,,5. no evidence for borrowing,0.0,,,,unanalyzable,,1.0,EWB 1997,,,1040,1.0,,,,,,,adjective,,,,
Dutch-14-14-1,6470,Dutch,14-14,jong,jong,j ɔ ŋ,,12,false,^jong$,Dutch,72181920756494214,,,5. no evidence for borrowing,0.0,,,,unanalyzable,,1.0,EWB 1997,,,1100,1.0,,,,,,,adjective,,,,
Dutch-14-15-1,6471,Dutch,14-15,oud,oud,ɑu t,,12,false,^oud$,Dutch,72181920549701119,,,5. no evidence for borrowing,0.0,,,,unanalyzable,,1.0,EWB 1997,,,0893,1.0,,,,,,,adjective,,,,
Dutch-14-16-1,6472,Dutch,14-16,vroeg,vroeg,v r uː x,,12,false,^vroeg$,Dutch,72181920664547217,,,5. no evidence for borrowing,0.0,,,,unanalyzable,,1.0,EWB 1997,,,1240,1.0,,,,,,,function word,,,,
Dutch-14-17-1,6473,Dutch,14-17,laat,laat,l aː t,,12,false,^laat$,Dutch,7218192031219082,,,5. no evidence for borrowing,0.0,,,,unanalyzable,,1.0,EWB 1997,,,1281,1.0,,,,,,,function word,,,,
Dutch-14-18-1,6474,Dutch,14-18,nu,nu,n yː,,12,false,^nu$,Dutch,72181920722507782,,,5. no evidence for borrowing,0.0,,,,unanalyzable,,1.0,EWB 1997,,,0901-1000,1.0,,,,,,,function word,,,,
Dutch-14-19-1,6475,Dutch,14-19,direct,direct,d iː r ɛ k t,,12,true,^direct$,Dutch,72181920285460583,,,1. clearly borrowed,1.0,,,,unanalyzable,,1.0,"Van der Sijs, Leenwoordenboek 2005; EWB 1997",,,1647-1648,0.9,1. Highly integrated,present in pre-contact environment,Coexistence,,French cultural influence [12],,function word,,,,
Dutch-14-19-2,6476,Dutch,14-19,onmiddellijk,onmiddellijk,ɔ n m ɪ d ə l ə k,,12,false,^onmiddellijk$,Dutch,72181920584328652,,,5. no evidence for borrowing,0.0,,,,analyzable derived,on-middel-lijk [NEG-means-ADV],0.5,WNT,,,1731-1735,0.9,,,,,,,function word,,,,
Dutch-14-21-1,6477,Dutch,14-21,snel,snel,s n ɛ l,,12,false,^snel$,Dutch,72181920996151878,,,5. no evidence for borrowing,0.0,,,,unanalyzable,,1.0,EWB 1997,,,1240,1.0,,,,,,,adverb,,,,
Dutch-14-22-1,6478,Dutch,14-22,langzaam,langzaam,l ɑ ŋ z aː m,,12,true,^langzaam$,Dutch,7218192036705737,,,1. clearly borrowed,1.0,,,,semi-analyzable,lang-zaam [slow-ADJ],0.75,"Van der Sijs, Leenwoordenboek 2005; EWB 1997",,,1265-1270,1.0,1. Highly integrated,present in pre-contact environment,Coexistence,,High German influence [12],,adjective,,,,
Dutch-14-22-2,6479,Dutch,14-22,traag,traag,t r aː x,,12,false,^traag$,Dutch,7424611217761660,,,5. no evidence for borrowing,0.0,,,,unanalyzable,,1.0,EWB 1997,,,1240,1.0,,,,,,,adjective,,,,
Dutch-14-23-1,6480,Dutch,14-23,zich haasten,zich_haasten,z ɪ x + h aː s t ə,,12,true,^zich_haasten$,Dutch,72181920312476266,,,1. clearly borrowed,1.0,,,,analyzable derived,zich haast-en [REFL hurry-INF],0.5,WNT,,,1240,1.0,1. Highly integrated,present in pre-contact environment,Insertion,,French cultural influence [12],,verb,,,,
Dutch-14-24-1,6481,Dutch,14-24,laat zijn,laat_zijn,l aː t + z ɛi n,,12,false,^laat_zijn$,Dutch,72181920172882416,,,5. no evidence for borrowing,0.0,,,,analyzable phrasal,[late be],0.5,WNT,,,1201-1300,1.0,,,,,,,verb,,,,
Dutch-14-25-1,6482,Dutch,14-25,beginnen,beginnen,b ə ɣ ɪ n ə,,12,false,^beginnen$,Dutch,72181920163382658,,,5. no evidence for borrowing,0.0,,,,analyzable derived,beginn-en [begin-INF],0.5,EWB 1997,,,0901-1000,1.0,,,,,,,verb,,,,
Dutch-14-252-1,6484,Dutch,14-252,duren,duren,d yː r ə,,12,true,^duren$,Dutch,72181920343066685,,,1. clearly borrowed,1.0,,,,semi-analyzable,dur-en [?-INF],0.75,"Van der Sijs, Leenwoordenboek 2005; EWB 1997",,,1220-1240,1.0,1. Highly integrated,present in pre-contact environment,Insertion,,French cultural influence [12],,verb,,,,
Dutch-14-26-1,6485,Dutch,14-26,einde,einde,ɛi n d ə,,12,false,^einde$,Dutch,72181920636093502,,,5. no evidence for borrowing,0.0,,,,unanalyzable,,1.0,EWB 1997,,,0901-1000,1.0,,,,,,,noun,,,,
Dutch-14-27-1,6486,Dutch,14-27,afmaken,afmaken,ɑ f m aː k ə,,12,false,^afmaken$,Dutch,72181920693063801,,,5. no evidence for borrowing,0.0,,,,analyzable compound,af-mak-en [off-make-INF],0.5,WNT,,,1351-1400,1.0,,,,,,,verb,,,,
Dutch-14-28-1,6487,Dutch,14-28,ophouden,ophouden,ɔ p h ɑu d ə,,12,false,^ophouden$,Dutch,72181920237091728,,,5. no evidence for borrowing,0.0,,,,analyzable compound,op-houd-en [up-keep-INF],0.5,WNT,,,1240,1.0,,,,,,,verb,,,,
Dutch-14-28-2,6488,Dutch,14-28,stoppen,stoppen,s t ɔ p ə,,12,false,^stoppen$,Dutch,72181920936771168,,,5. no evidence for borrowing,0.0,,,,analyzable derived,stopp-en [plug-INF],0.5,WNT,,,1265-1270,1.0,,,,,,,verb,,,,
Dutch-14-29-1,6489,Dutch,14-29,klaar,klaar,k l aː r,,12,true,^klaar$,Dutch,72181920701223963,,,1. clearly borrowed,1.0,,,,unanalyzable,,1.0,"Van der Sijs, Leenwoordenboek 2005; EWB 1997",,,1651-1652,0.9,1. Highly integrated,present in pre-contact environment,Coexistence,,Medical and scientific Latin influence [12],,adjective,,,,
Dutch-14-29-2,6490,Dutch,14-29,gereed,gereed,x ə r eː t,,12,false,^gereed$,Dutch,7424612681780938,,,5. no evidence for borrowing,0.0,,,,unanalyzable,,1.0,EWB 1997,,,1230-1231,1.0,,,,,,,adjective,,,,
Dutch-14-31-1,6491,Dutch,14-31,altijd,altijd,ɑ l t ɛi t,,12,false,^altijd$,Dutch,72181920837221697,,,5. no evidence for borrowing,0.0,,,,analyzable compound,al-tijd [all-time],0.5,WNT,,,1248-1271,1.0,,,,,,,function word,,,,
Dutch-14-32-1,6492,Dutch,14-32,vaak,vaak,v aː k,,12,false,^vaak$,Dutch,72181920632484715,,,5. no evidence for borrowing,0.0,,,,unanalyzable,,1.0,EWB 1997,,,1324-1341,1.0,,,,,,,function word,,,,
Dutch-14-33-1,6493,Dutch,14-33,soms,soms,s ɔ m s,,12,false,^soms$,Dutch,72181920124257516,,,5. no evidence for borrowing,0.0,,,,unanalyzable,,1.0,EWB 1997,,,1777,0.9,,,,,,,function word,,,,
Dutch-14-331-1,6494,Dutch,14-331,gauw,gauw,x ɑu ʋ,,12,false,^gauw$,Dutch,72181920332791429,,,5. no evidence for borrowing,0.0,,,,unanalyzable,,1.0,EWB 1997,,,1220-1240,1.0,,,,,,,function word,,,,
Dutch-14-331-2,6495,Dutch,14-331,spoedig,spoedig,s p uː d ə x,,12,false,^spoedig$,Dutch,72181920665306336,,,5. no evidence for borrowing,0.0,,,,analyzable derived,spoed-ig [haste-ADJ],0.5,WNT,,,1637,0.9,,,,,,,function word,,,,
Dutch-14-332-1,6496,Dutch,14-332,lang,lang,l ɑ ŋ,,12,false,^lang$,Dutch,72181920982609339,,,5. no evidence for borrowing,0.0,,,,unanalyzable,,1.0,EWB 1997,,,0788-789,1.0,,,,,,,adjective,,,,
Dutch-14-34-1,6497,Dutch,14-34,nooit,nooit,n oː j t,,12,false,^nooit$,Dutch,72181920127996889,,,5. no evidence for borrowing,0.0,,,,unanalyzable,,1.0,EWB 1997,,,1265-1270,1.0,,,,,,,function word,,,,
Dutch-14-35-1,6498,Dutch,14-35,opnieuw,opnieuw,ɔ p n iː ʋ,,12,false,^opnieuw$,Dutch,72181920201100029,,,5. no evidence for borrowing,0.0,,,,analyzable compound,op-nieuw [up-new],0.5,EWB 1997,,,1450,1.0,,,,,,,function word,,,,
Dutch-14-35-2,6499,Dutch,14-35,weer (2),weer,ʋ eː r,,12,false,^weer$,Dutch,72181920176190810,,,5. no evidence for borrowing,0.0,,,,unanalyzable,,1.0,EWB 1997,,,0901-1000,1.0,,,,,,,function word,,,,
Dutch-14-41-1,6500,Dutch,14-41,dag,dag,d ɑ x,,12,false,^dag$,Dutch,72181920958496954,,,5. no evidence for borrowing,0.0,,,,unanalyzable,,1.0,EWB 1997,,,0901-1000,1.0,,,,,,,noun,,,,
Dutch-14-42-1,6502,Dutch,14-42,nacht,nacht,n ɑ x t,,12,false,^nacht$,Dutch,72181920781926240,,,5. no evidence for borrowing,0.0,,,,unanalyzable,,1.0,EWB 1997,,,0901-1000,1.0,,,,,,,noun,,,,
Dutch-14-43-1,6503,Dutch,14-43,dageraad,dageraad,d aː ɣ ə r aː t,,12,false,^dageraad$,Dutch,72181920891702046,,,5. no evidence for borrowing,0.0,,,,semi-analyzable,dag-eraad [day-?],0.75,EWB 1997,,,1240,1.0,,,,,,,noun,,,,
Dutch-14-43-2,6504,Dutch,14-43,ochtendgloren,ochtendgloren,ɔ x t ə t x l oː r ə,,12,false,^ochtendgloren$,Dutch,72181920248084804,,,5. no evidence for borrowing,0.0,,,,analyzable compound,ochtend-gloren [morning-glow],0.5,WNT,,,1856--1859,0.8,,,,,,,noun,,,,
Dutch-14-44-1,6505,Dutch,14-44,ochtend,ochtend,ɔ x t ə n t,,12,false,^ochtend$,Dutch,72181920168429304,,,5. no evidence for borrowing,0.0,,,,unanalyzable,,1.0,EWB 1997,,,1351-1400,1.0,,,,,,,noun,,,,
Dutch-14-45-1,6506,Dutch,14-45,middag (1),middag,m ɪ d ɑ x,,12,false,^middag$,Dutch,72181920725054371,,,5. no evidence for borrowing,0.0,,,,analyzable compound,mid-dag [mid-day],0.5,EWB 1997,,,1236,1.0,,,,,,,noun,,,,
Dutch-14-451-1,6507,Dutch,14-451,middag (2),middag,m ɪ d ɑ x,,12,false,^middag$,Dutch,72181920676848882,,,5. no evidence for borrowing,0.0,,,,analyzable compound,mid-dag [mid-day],0.5,EWB 1997,,,1452-1494,1.0,,,,,,,noun,,,,
Dutch-14-46-1,6508,Dutch,14-46,avond,avond,aː v ɔ n t,,12,false,^avond$,Dutch,72181920682951378,,,5. no evidence for borrowing,0.0,,,,unanalyzable,,1.0,EWB 1997,,,0901-1000,1.0,,,,,,,noun,,,,
Dutch-14-47-1,6509,Dutch,14-47,vandaag,vandaag,v ɑ n d aː x,,12,false,^vandaag$,Dutch,72181920706121730,,,5. no evidence for borrowing,0.0,,,,analyzable compound,van-daag [of-day],0.5,EWB 1997,,,1488,1.0,,,,,,,function word,,,,
Dutch-14-48-1,6510,Dutch,14-48,morgen,morgen,m ɔ r ɣ ə,,12,false,^morgen$,Dutch,72181920959850583,,,5. no evidence for borrowing,0.0,,,,unanalyzable,,1.0,EWB 1997,,,1240,1.0,,,,,,,function word,,,,
Dutch-14-481-1,6511,Dutch,14-481,overmorgen,overmorgen,oː v ə r m ɔ r ɣ ə,,12,false,^overmorgen$,Dutch,72181920818701547,,,5. no evidence for borrowing,0.0,,,,analyzable compound,over-morgen [over-tomorrow],0.5,WNT,,,1400,1.0,,,,,,,function word,,,,
Dutch-14-49-1,6512,Dutch,14-49,gisteren,gisteren,x ɪ s t ə r ə,,12,false,^gisteren$,Dutch,72181920937163007,,,5. no evidence for borrowing,0.0,,,,unanalyzable,,1.0,EWB 1997,,,1240,1.0,,,,,,,function word,,,,
Dutch-14-491-1,6513,Dutch,14-491,eergisteren,eergisteren,eː r ɣ ɪ s t ə r ə,,12,false,^eergisteren$,Dutch,72181920103427644,,,5. no evidence for borrowing,0.0,,,,analyzable compound,eer-gisteren [before-yesterday],0.5,EWB 1997,,,1240,1.0,,,,,,,function word,,,,
Dutch-14-51-1,6514,Dutch,14-51,uur,uur,yː r,,12,true,^uur$,Dutch,7218192094748011,,,1. clearly borrowed,1.0,,,,unanalyzable,,1.0,"Van der Sijs, Leenwoordenboek 2005; EWB 1997",,,1240,1.0,1. Highly integrated,present only since contact,Insertion,,French cultural influence [12],,noun,,,,
Dutch-14-53-1,6515,Dutch,14-53,klok,klok,k l ɔ k,,12,true,^klok$,Dutch,72181920548073991,,,1. clearly borrowed,1.0,,,,unanalyzable,,1.0,"Van der Sijs, Leenwoordenboek 2005; EWB 1997",,,1237,1.0,1. Highly integrated,present only since contact,Insertion,,Old Irish influence [12],,noun,,,,
Dutch-14-61-1,6516,Dutch,14-61,week,week,ʋ eː k,,12,false,^week$,Dutch,72181920629553944,,,5. no evidence for borrowing,0.0,,,,unanalyzable,,1.0,EWB 1997,,,1236,1.0,,,,,,,noun,,,,
Dutch-14-62-1,6517,Dutch,14-62,zondag,zondag,z ɔ n d ɑ x,,12,false,^zondag$,Dutch,72181920727351387,,,5. no evidence for borrowing,0.0,,,,analyzable compound,zon-dag [sun-day],0.5,EWB 1997,,,1236,1.0,1. Highly integrated,present only since contact,Insertion,,Latin influence on Germanic [12],4. Clearly calqued,noun,,,,
Dutch-14-63-1,6518,Dutch,14-63,maandag,maandag,m aː n d ɑ x,,12,false,^maandag$,Dutch,72181920379847004,,,5. no evidence for borrowing,0.0,,,,analyzable compound,maan-dag [moon-day],0.5,EWB 1997,,,1253,1.0,1. Highly integrated,present only since contact,Insertion,,Latin influence on Germanic [12],4. Clearly calqued,noun,,,,
Dutch-14-64-1,6519,Dutch,14-64,dinsdag,dinsdag,d ɪ n z d ɑ x,,12,false,^dinsdag$,Dutch,72181920940373558,,,5. no evidence for borrowing,0.0,,,,semi-analyzable,dins-dag [?-day],0.75,EWB 1997,,,1269,1.0,1. Highly integrated,present only since contact,Insertion,,Latin influence on Germanic [12],4. Clearly calqued,noun,,,,
Dutch-14-65-1,6520,Dutch,14-65,woensdag,woensdag,ʋ uː n z d ɑ x,,12,false,^woensdag$,Dutch,72181920939558447,,,5. no evidence for borrowing,0.0,,,,semi-analyzable,woens-dag [?-day],0.75,EWB 1997,,,1260,1.0,1. Highly integrated,present only since contact,Insertion,,Latin influence on Germanic [12],4. Clearly calqued,noun,,,,
Dutch-14-66-1,6521,Dutch,14-66,donderdag,donderdag,d ɔ n d ə r d ɑ x,,12,false,^donderdag$,Dutch,72181920298406641,,,5. no evidence for borrowing,0.0,,,,analyzable compound,donder-dag [thunder-day],0.5,EWB 1997,,,1257,1.0,1. Highly integrated,present only since contact,Insertion,,Latin influence on Germanic [12],4. Clearly calqued,noun,,,,
Dutch-14-67-1,6522,Dutch,14-67,vrijdag,vrijdag,v r ɛi d ɑ x,,12,false,^vrijdag$,Dutch,72181920422201367,,,5. no evidence for borrowing,0.0,,,,semi-analyzable,vrij-dag [?-day],0.75,EWB 1997,,,1263,1.0,1. Highly integrated,present only since contact,Insertion,,Latin influence on Germanic [12],4. Clearly calqued,noun,,,,
Dutch-14-68-1,6523,Dutch,14-68,zaterdag,zaterdag,z aː t ə r d ɑ x,,12,true,^zaterdag$,Dutch,72181920821498562,,,1. clearly borrowed,1.0,,,,semi-analyzable,zater-dag [?-day],0.75,"Van der Sijs, Leenwoordenboek 2005; EWB 1997",,,1240,1.0,1. Highly integrated,present only since contact,Insertion,,Latin influence on Germanic [12],,noun,,,,
Dutch-14-71-1,6524,Dutch,14-71,maand,maand,m aː n t,,12,false,^maand$,Dutch,7218192045392324,,,5. no evidence for borrowing,0.0,,,,unanalyzable,,1.0,EWB 1997,,,1050,1.0,,,,,,,noun,,,,
Dutch-14-73-1,6525,Dutch,14-73,jaar,jaar,j aː r,,12,false,^jaar$,Dutch,72181920113837223,,,5. no evidence for borrowing,0.0,,,,unanalyzable,,1.0,EWB 1997,,,1236,1.0,,,,,,,noun,,,,
Dutch-14-74-1,6526,Dutch,14-74,winter,winter,ʋ ɪ n t ə r,,12,false,^winter$,Dutch,72181920831966719,,,5. no evidence for borrowing,0.0,,,,unanalyzable,,1.0,EWB 1997,,,1050,1.0,,,,,,,noun,,,,
Dutch-14-75-1,6527,Dutch,14-75,lente,lente,l ɛ n t ə,,12,false,^lente$,Dutch,7218192044772786,,,5. no evidence for borrowing,0.0,,,,unanalyzable,,1.0,EWB 1997,,,1050,1.0,,,,,,,noun,,,,
Dutch-14-75-2,6528,Dutch,14-75,voorjaar,voorjaar,v oː r j aː r,,12,false,^voorjaar$,Dutch,72181920408240720,,,5. no evidence for borrowing,0.0,,,,analyzable compound,voor-jaar [before-year],0.5,EWB 1997,,,1401-1500,1.0,,,,,,,noun,,,,
Dutch-14-76-1,6529,Dutch,14-76,zomer,zomer,z oː m ə r,,12,false,^zomer$,Dutch,72181920647323624,,,5. no evidence for borrowing,0.0,,,,unanalyzable,,1.0,EWB 1997,,,1236,1.0,,,,,,,noun,,,,
Dutch-14-77-1,6530,Dutch,14-77,herfst,herfst,h ɛ r f s t,,12,false,^herfst$,Dutch,72181920919823433,,,5. no evidence for borrowing,0.0,,,,unanalyzable,,1.0,EWB 1997,,,1050,1.0,,,,,,,noun,,,,
Dutch-14-77-2,6531,Dutch,14-77,najaar,najaar,n aː j aː r,,12,false,^najaar$,Dutch,72181920519404710,,,5. no evidence for borrowing,0.0,,,,analyzable compound,na-jaar [after-year],0.5,WNT,,,1599,0.9,,,,,,,noun,,,,
Dutch-14-78-1,6532,Dutch,14-78,seizoen,seizoen,s ɛi z uː n,,12,true,^seizoen$,Dutch,72181920299813257,,,1. clearly borrowed,1.0,,,,unanalyzable,,1.0,"Van der Sijs, Leenwoordenboek 2005; EWB 1997",,,1265-1270,1.0,1. Highly integrated,present only since contact,Insertion,,French cultural influence [12],,noun,,,,
Dutch-15-21-1,6533,Dutch,15-21,ruiken,ruiken,r œy k ə,,12,false,^ruiken$,Dutch,72181920234635715,,,5. no evidence for borrowing,0.0,,,,semi-analyzable,ruik-en [?-INF],0.75,EWB 1997,,,1265-1270,1.0,,,,,,,verb,,,,
Dutch-15-89-1,6583,Dutch,15-89,rimpelig,rimpelig,r ɪ m p ə l ə x,,12,false,^rimpelig$,Dutch,72181920414574512,,,5. no evidence for borrowing,0.0,,,,analyzable derived,rimpel-ig [wrinkle-ADJ],0.5,WNT,,,1601-1650,0.9,,,,,,,adjective,,,,
Dutch-15-89-2,6584,Dutch,15-89,gerimpeld,gerimpeld,x ə r ɪ m p ə l t,,12,false,^gerimpeld$,Dutch,7218192064152240,,,5. no evidence for borrowing,0.0,,,,analyzable derived,ge-rimpeld [wrinkle-PST PTCP],0.5,WNT,,,1487,1.0,,,,,,,adjective,,,,
Dutch-15-212-1,6534,Dutch,15-212,ruiken,ruiken,r œy k ə,,12,false,^ruiken$,Dutch,72181920234635715,,,5. no evidence for borrowing,0.0,,,,semi-analyzable,ruik-en [?-INF],0.75,EWB 1997,,,1265-1270,1.0,,,,,,,verb,,,,
Dutch-15-22-1,6535,Dutch,15-22,ruiken,ruiken,r œy k ə,,12,false,^ruiken$,Dutch,72181920234635715,,,5. no evidence for borrowing,0.0,,,,semi-analyzable,ruik-en [?-INF],0.75,EWB 1997,,,1265-1270,1.0,,,,,,,verb,,,,
Dutch-15-25-1,6536,Dutch,15-25,welriekend,welriekend,ʋ ɛ l r iː k ə n t,,12,false,^welriekend$,Dutch,72181920607371173,,,5. no evidence for borrowing,0.0,,,,analyzable derived,wel-riek-end [good-smell-PTCP],0.5,WNT,,,1287,1.0,,,,,,,adjective,,,,
Dutch-15-26-1,6537,Dutch,15-26,stinkend,stinkend,s t ɪ ŋ k ə n t,,12,false,^stinkend$,Dutch,72181920624140767,,,5. no evidence for borrowing,0.0,,,,analyzable derived,stink-end [stink-PTCP],0.5,WNT,,,1240,1.0,,,,,,,adjective,,,,
Dutch-15-31-1,6538,Dutch,15-31,proeven,proeven,p r uː v ə,,12,true,^proeven$,Dutch,72181920203057804,,,1. clearly borrowed,1.0,,,,semi-analyzable,proev-en [?-INF],0.75,"Van der Sijs, Leenwoordenboek 2005; EWB 1997",,,1200,1.0,1. Highly integrated,present in pre-contact environment,Coexistence,,French cultural influence [12],,verb,,,,
Dutch-15-31-2,6539,Dutch,15-31,smaken,smaken,s m aː k ə,,12,false,^smaken$,Dutch,72181920277747999,,,5. no evidence for borrowing,0.0,,,,analyzable derived,smak-en [taste-INF],0.5,WNT,,,1240,1.0,,,,,,,verb,,,,
Dutch-15-35-1,6540,Dutch,15-35,zoet,zoet,z uː t,,12,false,^zoet$,Dutch,72181920136242409,,,5. no evidence for borrowing,0.0,,,,unanalyzable,,1.0,EWB 1997,,,0901-1000,1.0,,,,,,,adjective,,,,
Dutch-15-36-1,6541,Dutch,15-36,zout (2),zout,z ɑu t,,12,false,^zout$,Dutch,72181920375357158,,,5. no evidence for borrowing,0.0,,,,unanalyzable,,1.0,EWB 1997,,,1485,1.0,,,,,,,adjective,,,,
Dutch-15-37-1,6542,Dutch,15-37,bitter,bitter,b ɪ t ə r,,12,false,^bitter$,Dutch,7218192017799539,,,5. no evidence for borrowing,0.0,,,,unanalyzable,,1.0,EWB 1997,,,0901-1000,1.0,,,,,,,adjective,,,,
Dutch-15-38-1,6543,Dutch,15-38,zuur,zuur,z yː r,,12,false,^zuur$,Dutch,72181920393958390,,,5. no evidence for borrowing,0.0,,,,unanalyzable,,1.0,EWB 1997,,,1130,1.0,,,,,,,adjective,,,,
Dutch-15-39-1,6544,Dutch,15-39,brak,brak,b r ɑ k,,12,false,^brak$,Dutch,72181920612304532,,,5. no evidence for borrowing,0.0,,,,unanalyzable,,1.0,EWB 1997,,,1477,1.0,,,,,,,adjective,,,,
Dutch-15-41-1,6545,Dutch,15-41,horen,horen,h oː r ə,,12,false,^horen$,Dutch,72181920700487620,,,5. no evidence for borrowing,0.0,,,,semi-analyzable,hor-en [?-INF],0.75,WNT,,,1200,1.0,,,,,,,verb,,,,
Dutch-15-42-1,6546,Dutch,15-42,luisteren,luisteren,l œy s t ə r ə,,12,false,^luisteren$,Dutch,72181920644647842,,,5. no evidence for borrowing,0.0,,,,semi-analyzable,luister-en [?-INF],0.75,EWB 1997,,,1357,1.0,,,,,,,verb,,,,
Dutch-15-44-1,6547,Dutch,15-44,geluid,geluid,x ə l œy t,,12,false,^geluid$,Dutch,72181920375857989,,,5. no evidence for borrowing,0.0,,,,analyzable derived,ge-luid [COLLECTIVE-loud],0.5,EWB 1997,,,1265-1270,1.0,,,,,,,noun,,,,
Dutch-15-45-1,6548,Dutch,15-45,luid,luid,l œy t,,12,false,^luid$,Dutch,72181920105975456,,,5. no evidence for borrowing,0.0,,,,unanalyzable,,1.0,EWB 1997,,,1285,1.0,,,,,,,adjective,,,,
Dutch-15-46-1,6549,Dutch,15-46,stil,stil,s t ɪ l,,12,false,^stil$,Dutch,72181920337299682,,,5. no evidence for borrowing,0.0,,,,unanalyzable,,1.0,EWB 1997,,,0814-815,1.0,,,,,,,adjective,,,,
Dutch-15-51-1,6550,Dutch,15-51,zien,zien,z iː n,,12,false,^zien$,Dutch,72181920601095121,,,5. no evidence for borrowing,0.0,,,,unanalyzable,,1.0,EWB 1997,,,1200,1.0,,,,,,,verb,,,,
Dutch-15-52-1,6551,Dutch,15-52,kijken,kijken,k ɛi k ə,,12,false,^kijken$,Dutch,72181920789355210,,,5. no evidence for borrowing,0.0,,,,analyzable derived,kijk-en [look-INF],0.5,EWB 1997,,,1350,1.0,,,,,,,verb,,,,
Dutch-15-55-1,6552,Dutch,15-55,tonen,tonen,t oː n ə,,12,false,^tonen$,Dutch,72181920339922624,,,5. no evidence for borrowing,0.0,,,,semi-analyzable,ton-en [?-INF],0.75,EWB 1997,,,1240,1.0,,,,,,,verb,,,,
Dutch-15-56-1,6553,Dutch,15-56,schijnen,schijnen,s x ɛi n ə,,12,false,^schijnen$,Dutch,72181920721195281,,,5. no evidence for borrowing,0.0,,,,analyzable derived,schijn-en [shine-INF],0.5,EWB 1997,,,1100,1.0,,,,,,,verb,,,,
Dutch-15-57-1,6554,Dutch,15-57,hel (1),hel,h ɛ l,,12,false,^hel$,Dutch,72181920552510823,,,5. no evidence for borrowing,0.0,,,,unanalyzable,,1.0,EWB 1997,,,1477,1.0,,,,,,,adjective,,,,
Dutch-15-57-2,6555,Dutch,15-57,helder,helder,h ɛ l d ə r,,12,false,^helder$,Dutch,72181920504179989,,,5. no evidence for borrowing,0.0,,,,unanalyzable,,1.0,EWB 1997,,,1573,0.9,,,,,,,adjective,,,,
Dutch-15-61-1,6556,Dutch,15-61,kleur,kleur,k l øː r,,12,true,^kleur$,Dutch,72181920985955187,,,1. clearly borrowed,1.0,,,,unanalyzable,,1.0,"Van der Sijs, Leenwoordenboek 2005; EWB 1997",,,1567,0.9,1. Highly integrated,present in pre-contact environment,Replacement,,French cultural influence [12],,noun,,,,
Dutch-15-62-1,6557,Dutch,15-62,licht (2),licht,l ɪ x t,,12,false,^licht$,Dutch,72181920868097191,,,5. no evidence for borrowing,0.0,,,,unanalyzable,,1.0,EWB 1997,,,1130-1161,1.0,,,,,,,adjective,,,,
Dutch-15-63-1,6558,Dutch,15-63,donker,donker,d ɔ ŋ k ə r,,12,false,^donker$,Dutch,72181920705668823,,,5. no evidence for borrowing,0.0,,,,unanalyzable,,1.0,EWB 1997,,,1240,1.0,,,,,,,adjective,,,,
Dutch-15-64-1,6559,Dutch,15-64,wit,wit,ʋ ɪ t,,12,false,^wit$,Dutch,72181920914602909,,,5. no evidence for borrowing,0.0,,,,unanalyzable,,1.0,EWB 1997,,,0901-1000,1.0,,,,,,,adjective,,,,
Dutch-15-65-1,6560,Dutch,15-65,zwart,zwart,z ʋ ɑ r t,,12,false,^zwart$,Dutch,72181920221993697,,,5. no evidence for borrowing,0.0,,,,unanalyzable,,1.0,EWB 1997,,,1001-1100,1.0,,,,,,,adjective,,,,
Dutch-15-66-1,6561,Dutch,15-66,rood,rood,r oː t,,12,false,^rood$,Dutch,72181920345232895,,,5. no evidence for borrowing,0.0,,,,unanalyzable,,1.0,EWB 1997,,,1156,1.0,,,,,,,adjective,,,,
Dutch-15-67-1,6562,Dutch,15-67,blauw,blauw,b l ɑu ʋ,,12,false,^blauw$,Dutch,72181920136804479,,,5. no evidence for borrowing,0.0,,,,unanalyzable,,1.0,EWB 1997,,,1121,1.0,,,,,,,adjective,,,,
Dutch-15-68-1,6563,Dutch,15-68,groen,groen,x r uː n,,12,false,^groen$,Dutch,72181920654058523,,,5. no evidence for borrowing,0.0,,,,unanalyzable,,1.0,EWB 1997,,,1040,1.0,,,,,,,adjective,,,,
Dutch-15-69-1,6564,Dutch,15-69,geel,geel,x eː l,,12,false,^geel$,Dutch,72181920949712103,,,5. no evidence for borrowing,0.0,,,,unanalyzable,,1.0,EWB 1997,,,1240,1.0,,,,,,,adjective,,,,
Dutch-15-71-1,6565,Dutch,15-71,aanraken,aanraken,aː n r aː k ə,,12,false,^aanraken$,Dutch,72181920260143680,,,5. no evidence for borrowing,0.0,,,,analyzable compound,aan-rak-en [on-touch-INF],0.5,WNT,,,1479,1.0,,,,,,,verb,,,,
Dutch-15-712-1,6566,Dutch,15-712,knijpen,knijpen,k n ɛi p ə,,12,false,^knijpen$,Dutch,72181920575137838,,,5. no evidence for borrowing,0.0,,,,semi-analyzable,knijp-en [?-INF],0.75,EWB 1997,,,1599,0.9,,,,,,,verb,,,,
Dutch-15-72-1,6567,Dutch,15-72,voelen,voelen,v uː l ə,,12,false,^voelen$,Dutch,72181920688062780,,,5. no evidence for borrowing,0.0,,,,semi-analyzable,voel-en [?-INF],0.75,EWB 1997,,,1350,1.0,,,,,,,verb,,,,
Dutch-15-74-1,6568,Dutch,15-74,hard,hard,h ɑ r t,,12,false,^hard$,Dutch,72181920140208184,,,5. no evidence for borrowing,0.0,,,,unanalyzable,,1.0,EWB 1997,,,0901-1000,1.0,,,,,,,adjective,,,,
Dutch-15-75-1,6569,Dutch,15-75,zacht,zacht,z ɑ x t,,12,false,^zacht$,Dutch,72181920388587074,,,5. no evidence for borrowing,0.0,,,,unanalyzable,,1.0,EWB 1997,,,0901-1000,1.0,,,,,,,adjective,,,,
Dutch-15-76-1,6570,Dutch,15-76,ruw,ruw,r yː ʋ,,12,false,^ruw$,Dutch,72181920557155350,,,5. no evidence for borrowing,0.0,,,,unanalyzable,,1.0,EWB 1997,,,1199,1.0,,,,,,,adjective,,,,
Dutch-15-77-1,6571,Dutch,15-77,glad,glad,x l ɑ t,,12,false,^glad$,Dutch,72181920779032407,,,5. no evidence for borrowing,0.0,,,,unanalyzable,,1.0,EWB 1997,,,1287,1.0,,,,,,,adjective,,,,
Dutch-15-78-1,6572,Dutch,15-78,scherp,scherp,s x ɛ r p,,12,false,^scherp$,Dutch,72181920641875835,,,5. no evidence for borrowing,0.0,,,,unanalyzable,,1.0,EWB 1997,,,0901-1000,1.0,,,,,,,adjective,,,,
Dutch-15-79-1,6573,Dutch,15-79,bot (2),bot,b ɔ t,,12,false,^bot$,Dutch,72181920217878967,,,5. no evidence for borrowing,0.0,,,,unanalyzable,,1.0,EWB 1997,,,1599,0.9,,,,,,,adjective,,,,
Dutch-15-81-1,6574,Dutch,15-81,zwaar,zwaar,z ʋ aː r,,12,false,^zwaar$,Dutch,72181920299643944,,,5. no evidence for borrowing,0.0,,,,unanalyzable,,1.0,EWB 1997,,,1220-1240,1.0,,,,,,,adjective,,,,
Dutch-15-82-1,6575,Dutch,15-82,licht (3),licht,l ɪ x t,,12,false,^licht$,Dutch,72181920633264939,,,5. no evidence for borrowing,0.0,,,,unanalyzable,,1.0,EWB 1997,,,1177,1.0,,,,,,,adjective,,,,
Dutch-15-83-1,6576,Dutch,15-83,nat,nat,n ɑ t,,12,false,^nat$,Dutch,72181920253337253,,,5. no evidence for borrowing,0.0,,,,unanalyzable,,1.0,EWB 1997,,,0901-1000,1.0,,,,,,,adjective,,,,
Dutch-15-84-1,6577,Dutch,15-84,droog,droog,d r oː x,,12,false,^droog$,Dutch,72181920426510095,,,5. no evidence for borrowing,0.0,,,,unanalyzable,,1.0,EWB 1997,,,1100,1.0,,,,,,,adjective,,,,
Dutch-15-85-1,6578,Dutch,15-85,heet,heet,h eː t,,12,false,^heet$,Dutch,7218192069562144,,,5. no evidence for borrowing,0.0,,,,unanalyzable,,1.0,EWB 1997,,,0901-1000,1.0,,,,,,,adjective,,,,
Dutch-15-851-1,6579,Dutch,15-851,warm,warm,ʋ ɑ r m,,12,false,^warm$,Dutch,72181920183235985,,,5. no evidence for borrowing,0.0,,,,unanalyzable,,1.0,EWB 1997,,,1240,1.0,,,,,,,adjective,,,,
Dutch-15-86-1,6580,Dutch,15-86,koud,koud,k ɑu t,,12,false,^koud$,Dutch,72181920727395048,,,5. no evidence for borrowing,0.0,,,,unanalyzable,,1.0,EWB 1997,,,1130-1161,1.0,,,,,,,adjective,,,,
Dutch-15-87-1,6581,Dutch,15-87,schoon,schoon,s x oː n,,12,false,^schoon$,Dutch,72181920475196253,,,5. no evidence for borrowing,0.0,,,,unanalyzable,,1.0,EWB 1997,,,0901-1000,1.0,,,,,,,adjective,,,,
Dutch-15-88-1,6582,Dutch,15-88,vuil,vuil,v œy l,,12,false,^vuil$,Dutch,7218192036987762,,,5. no evidence for borrowing,0.0,,,,unanalyzable,,1.0,EWB 1997,,,1200,1.0,,,,,,,adjective,,,,
Dutch-16-11-1,6585,Dutch,16-11,geest (1),geest,x eː s t,,12,false,^geest$,Dutch,72181920719273254,,,5. no evidence for borrowing,0.0,,,,unanalyzable,,1.0,EWB 1997,,,0776-800,1.0,,,,,,,noun,,,,
Dutch-16-11-2,6586,Dutch,16-11,ziel,ziel,z iː l,,12,false,^ziel$,Dutch,72181920865219863,,,5. no evidence for borrowing,0.0,,,,unanalyzable,,1.0,EWB 1997,,,0901-1000,1.0,,,,,,,noun,,,,
Dutch-16-15-1,6587,Dutch,16-15,verbaasd,verbaasd,v ə r b aː s t,,12,false,^verbaasd$,Dutch,72181920585315261,,,5. no evidence for borrowing,0.0,,,,analyzable derived,[surprise-PST PTCP],0.5,WNT,,,1451-1500,1.0,,,,,,,adjective,,,,
Dutch-16-18-1,6588,Dutch,16-18,geluk,geluk,x ə l ʏ k,,12,false,^geluk$,Dutch,72181920414465912,,,5. no evidence for borrowing,0.0,,,,unanalyzable,,1.0,EWB 1997,,,1240,1.0,,,,,,,noun,,,,
Dutch-16-19-1,6589,Dutch,16-19,pech,pech,p ɛ x,,12,true,^pech$,Dutch,72181920319794593,,,1. clearly borrowed,1.0,,,,unanalyzable,,1.0,"Van der Sijs, Leenwoordenboek 2005; EWB 1997",,,1901,0.7,1. Highly integrated,present in pre-contact environment,Coexistence,,High German influence [12],,noun,,,,
Dutch-16-19-2,6590,Dutch,16-19,ongeluk,ongeluk,ɔ ŋ ɣ ə l ʏ k,,12,false,^ongeluk$,Dutch,72181920907988549,,,5. no evidence for borrowing,0.0,,,,analyzable derived,on-geluk [NEG-luck],0.5,WNT,,,1240,1.0,,,,,,,noun,,,,
Dutch-16-23-1,6591,Dutch,16-23,gelukkig,gelukkig,x ə l ʏ k ə x,,12,false,^gelukkig$,Dutch,7218192043652208,,,5. no evidence for borrowing,0.0,,,,analyzable derived,gelukk-ig [luck-ADJ],0.5,WNT,,,1240,1.0,,,,,,,adjective,,,,
Dutch-16-25-1,6592,Dutch,16-25,lachen,lachen,l ɑ x ə,,12,false,^lachen$,Dutch,72181920460653470,,,5. no evidence for borrowing,0.0,,,,analyzable derived,lach-en [laugh-INF],0.5,EWB 1997,,,1220-1240,1.0,,,,,,,verb,,,,
Dutch-16-251-1,6593,Dutch,16-251,glimlachen,glimlachen,x l ɪ m l ɑ x ə,,12,false,^glimlachen$,Dutch,72181920984914624,,,5. no evidence for borrowing,0.0,,,,analyzable compound,glim-lach-en [glow-smile-INF],0.5,WNT,,,1784-1785,0.9,,,,,,,verb,,,,
Dutch-16-26-1,6594,Dutch,16-26,spelen,spelen,s p eː l ə,,12,false,^spelen$,Dutch,72181920211212714,,,5. no evidence for borrowing,0.0,,,,analyzable derived,spel-en [game-INF],0.5,EWB 1997,,,1236,1.0,,,,,,,verb,,,,
Dutch-16-27-1,6595,Dutch,16-27,houden van,houden_van,h ɑu d ə + v ɑ n,,12,false,^houden_van$,Dutch,72181920249727946,,,5. no evidence for borrowing,0.0,,,,analyzable phrasal,[keep from],0.5,WNT,,,1400,1.0,,,,,,,verb,,,,
Dutch-16-29-1,6596,Dutch,16-29,kussen (2),kussen,k ʏ s ə,,12,false,^kussen$,Dutch,72181920387492104,,,5. no evidence for borrowing,0.0,,,,analyzable derived,kuss-en [kiss-INF],0.5,EWB 1997,,,1100,1.0,,,,,,,verb,,,,
Dutch-16-3-1,6597,Dutch,16-3,omhelzen,omhelzen,ɔ m h ɛ l z ə,,12,false,^omhelzen$,Dutch,72181920643928018,,,5. no evidence for borrowing,0.0,,,,analyzable derived,om-helz-en [around-neck-INF],0.5,EWB 1997,,,1393-1402,1.0,,,,,,,verb,,,,
Dutch-16-31-1,6598,Dutch,16-31,pijn,pijn,p ɛi n,,12,true,^pijn$,Dutch,72181920118455504,,,1. clearly borrowed,1.0,,,,unanalyzable,,1.0,"Van der Sijs, Leenwoordenboek 2005; EWB 1997",,,1236,1.0,1. Highly integrated,present only since contact,Insertion,,Church Latin influence [12],,noun,,,,
Dutch-16-32-1,6599,Dutch,16-32,verdriet,verdriet,v ə r d r iː t,,12,false,^verdriet$,Dutch,72181920330110954,,,5. no evidence for borrowing,0.0,,,,unanalyzable,,1.0,WNT,,,1240,1.0,,,,,,,noun,,,,
Dutch-16-33-1,6600,Dutch,16-33,zorg,zorg,z ɔ r x,,12,false,^zorg$,Dutch,72181920214953595,,,5. no evidence for borrowing,0.0,,,,unanalyzable,,1.0,EWB 1997,,,1285,1.0,,,,,,,noun,,,,
Dutch-16-34-1,6601,Dutch,16-34,spijt hebben,spijt_hebben,s p ɛi t + h ɛ b ə,,12,false,^spijt_hebben$,Dutch,72181920828202467,,,5. no evidence for borrowing,0.0,,,,analyzable phrasal,[regret have],0.5,WNT,,,1401-1500,1.0,,,,,,,verb,,,,
Dutch-16-35-1,6602,Dutch,16-35,medelijden,medelijden,m eː d ə l ɛi d ə,,12,true,^medelijden$,Dutch,72181920946972506,,,1. clearly borrowed,1.0,The word is loaned and both parts of the loanword are adapted to Dutch.,,,analyzable compound,mede-lijden [with-suffer],0.5,"Van der Sijs, Leenwoordenboek 2005; EWB 1997",,,1350,1.0,1. Highly integrated,present only since contact,Insertion,,High German influence [12],,noun,,,,
Dutch-16-37-1,6603,Dutch,16-37,huilen,huilen,h œy l ə,,12,false,^huilen$,Dutch,72181920315666043,,,5. no evidence for borrowing,0.0,,,,semi-analyzable,huil-en [?-INF],0.75,EWB 1997,,,1287,1.0,,,,,,,verb,,,,
Dutch-16-37-2,6604,Dutch,16-37,wenen,wenen,ʋ eː n ə,,12,false,^wenen$,Dutch,72181920594474098,,,5. no evidence for borrowing,0.0,,,,semi-analyzable,wen-en [?-INF],0.75,EWB 1997,,,1240,1.0,,,,Formal,,,verb,,,,
Dutch-16-38-1,6605,Dutch,16-38,traan,traan,t r aː n,,12,false,^traan$,Dutch,72181920234909595,,,5. no evidence for borrowing,0.0,,,,unanalyzable,,1.0,EWB 1997,,,1265-1270,1.0,,,,,,,noun,,,,
Dutch-16-39-1,6606,Dutch,16-39,kreunen,kreunen,k r øː n ə,,12,false,^kreunen$,Dutch,72181920240817568,,,5. no evidence for borrowing,0.0,,,,analyzable derived,kreun-en [groan-INF],0.5,EWB 1997,,,1265-1270,1.0,,,,,,,verb,,,,
Dutch-16-41-1,6607,Dutch,16-41,haten,haten,h aː t ə,,12,false,^haten$,Dutch,72181920922232466,,,5. no evidence for borrowing,0.0,,,,analyzable derived,hat-en [hate-INF],0.5,EWB 1997,,,0901-1000,1.0,,,,,,,verb,,,,
Dutch-16-42-1,6608,Dutch,16-42,woede,woede,ʋ uː d ə,,12,false,^woede$,Dutch,72181920528808139,,,5. no evidence for borrowing,0.0,,,,unanalyzable,,1.0,EWB 1997,,,1588,0.9,,,,,,,noun,,,,
Dutch-16-44-1,6609,Dutch,16-44,jaloezie,jaloezie,j aː l uː z iː,,12,true,^jaloezie$,Dutch,72181920733371768,,,1. clearly borrowed,1.0,,,,unanalyzable,,1.0,"Van der Sijs, Leenwoordenboek 2005; EWB 1997",,,1300,1.0,1. Highly integrated,present in pre-contact environment,Coexistence,,French cultural influence [12],,noun,,,,
Dutch-16-44-2,6610,Dutch,16-44,afgunst,afgunst,ɑ f x ʏ n s t,,12,false,^afgunst$,Dutch,72181920180626563,,,5. no evidence for borrowing,0.0,,,,analyzable derived,af-gunst [mis-wrong-NMLZ],0.5,EWB 1997,,,1265-1270,1.0,,,,,,,noun,,,,
Dutch-16-45-1,6611,Dutch,16-45,schaamte,schaamte,s x aː m t ə,,12,false,^schaamte$,Dutch,72181920142497625,,,5. no evidence for borrowing,0.0,,,,analyzable derived,schaam-te [shame-NMLZ],0.5,EWB 1997,,,1285,1.0,,,,,,,noun,,,,
Dutch-16-48-1,6612,Dutch,16-48,trots,trots,t r ɔ t s,,12,true,^trots$,Dutch,72181920158533153,,,1. clearly borrowed,1.0,,,,unanalyzable,,1.0,"Van der Sijs, Leenwoordenboek 2005; EWB 1997",,,1589,0.9,1. Highly integrated,present in pre-contact environment,Insertion,,High German influence [12],,adjective,,,,
Dutch-16-51-1,6613,Dutch,16-51,durven,durven,d ʏ r v ə,,12,false,^durven$,Dutch,72181920671303544,,,5. no evidence for borrowing,0.0,,,,analyzable derived,durv-en [dare-INF],0.5,EWB 1997,,,1568,0.9,,,,,,,verb,,,,
Dutch-16-52-1,6614,Dutch,16-52,dapper,dapper,d ɑ p ə r,,12,false,^dapper$,Dutch,72181920118358977,,,5. no evidence for borrowing,0.0,,,,unanalyzable,,1.0,EWB 1997,,,1637,0.9,,,,,,,adjective,,,,
Dutch-16-53-1,6615,Dutch,16-53,angst,angst,ɑ ŋ s t,,12,false,^angst$,Dutch,72181920909077913,,,5. no evidence for borrowing,0.0,,,,unanalyzable,,1.0,EWB 1997,,,0901-1000,1.0,,,,,,,noun,,,,
Dutch-16-54-1,6616,Dutch,16-54,gevaar,gevaar,x ə v aː r,,12,true,^gevaar$,Dutch,72181920749043890,,,1. clearly borrowed,1.0,,,,unanalyzable,,1.0,"Van der Sijs, Leenwoordenboek 2005; EWB 1997",,,1574,0.9,1. Highly integrated,present in pre-contact environment,Insertion,,High German influence [12],,noun,,,,
Dutch-16-62-1,6617,Dutch,16-62,verlangen,verlangen,v ə r l ɑ ŋ ə,,12,false,^verlangen$,Dutch,72181920737308467,,,5. no evidence for borrowing,0.0,,,,analyzable derived,ver-lang-en [TR-long-INF],0.5,EWB 1997,,,1265-1270,1.0,,,,,,,verb,,,,
Dutch-16-62-2,6618,Dutch,16-62,wensen,wensen,ʋ ɛ n s ə,,12,false,^wensen$,Dutch,72181920544705502,,,5. no evidence for borrowing,0.0,,,,analyzable derived,wens-en [wish-INF],0.5,WNT,,,1265-1270,1.0,,,,,,,verb,,,,
Dutch-16-622-1,6619,Dutch,16-622,kiezen,kiezen,k iː z ə,,12,false,^kiezen$,Dutch,72181920909076506,,,5. no evidence for borrowing,0.0,,,,semi-analyzable,kiez-en [?-INF],0.75,EWB 1997,,,1240,1.0,,,,,,,verb,,,,
Dutch-16-63-1,6620,Dutch,16-63,hopen,hopen,h oː p ə,,12,false,^hopen$,Dutch,72181920126387676,,,5. no evidence for borrowing,0.0,,,,analyzable derived,hop-en [hope-INF],0.5,EWB 1997,,,1240,1.0,,,,,,,verb,,,,
Dutch-16-65-1,6621,Dutch,16-65,trouw,trouw,t r ɑu ʋ,,12,false,^trouw$,Dutch,72181920800190100,,,5. no evidence for borrowing,0.0,,,,unanalyzable,,1.0,EWB 1997,,,1291,1.0,,,,,,,adjective,,,,
Dutch-16-66-1,6622,Dutch,16-66,waar (1),waar,ʋ aː r,,12,false,^waar$,Dutch,72181920420230777,,,5. no evidence for borrowing,0.0,,,,unanalyzable,,1.0,EWB 1997,,,1240,1.0,,,,,,,adjective,,,,
Dutch-16-67-1,6623,Dutch,16-67,liegen,liegen,l iː ɣ ə,,12,false,^liegen$,Dutch,7218192057327804,,,5. no evidence for borrowing,0.0,,,,semi-analyzable,lieg-en [?-INF],0.75,EWB 1997,,,0901-1000,1.0,,,,,,,verb,,,,
Dutch-16-68-1,6624,Dutch,16-68,bedrog,bedrog,b ə d r ɔ x,,12,false,^bedrog$,Dutch,72181920122486971,,,5. no evidence for borrowing,0.0,,,,analyzable derived,[deceive-VERBAL ABSTRACT],0.5,EWB 1997,,,1265-1270,1.0,,,,,,,noun,,,,
Dutch-16-69-1,6625,Dutch,16-69,vergeven,vergeven,v ə r ɣ eː v ə,,12,false,^vergeven$,Dutch,72181920235847490,,,5. no evidence for borrowing,0.0,,,,analyzable derived,ver-gev-en [TR-give-INF],0.5,WNT,,,1201-1225,1.0,,,,,,,verb,,,,
Dutch-16-71-1,6626,Dutch,16-71,goed,goed,x uː t,,12,false,^goed$,Dutch,72181920551403965,,,5. no evidence for borrowing,0.0,,,,unanalyzable,,1.0,EWB 1997,,,0901-1000,1.0,,,,,,,adjective,,,,
Dutch-16-72-1,6627,Dutch,16-72,slecht,slecht,s l ɛ x t,,12,false,^slecht$,Dutch,72181920938527604,,,5. no evidence for borrowing,0.0,,,,unanalyzable,,1.0,EWB 1997,,,1573,0.9,,,,,,,adjective,,,,
Dutch-16-73-1,6628,Dutch,16-73,juist,juist,j œy s t,,12,true,^juist$,Dutch,72181920123163528,,,1. clearly borrowed,1.0,,,,unanalyzable,,1.0,"Van der Sijs, Leenwoordenboek 2005; EWB 1997",,,1337-1382,1.0,1. Highly integrated,present in pre-contact environment,Insertion,,French cultural influence [12],,adjective,,,,
Dutch-16-74-1,6629,Dutch,16-74,verkeerd,verkeerd,v ə r k eː r t,,12,false,^verkeerd$,Dutch,72181920101369710,,,5. no evidence for borrowing,0.0,,,,analyzable derived,[TR-turn-PST PTCP],0.5,EWB 1997,,,1265-1270,1.0,,,,,,,adjective,,,,
Dutch-16-76-1,6630,Dutch,16-76,schuld,schuld,s x ʏ l t,,12,false,^schuld$,Dutch,72181920748906602,,,5. no evidence for borrowing,0.0,,,,unanalyzable,,1.0,EWB 1997,,,1201-1225,1.0,,,,,,,noun,,,,
Dutch-16-77-1,6631,Dutch,16-77,fout,fout,f ɑu t,,12,true,^fout$,Dutch,72181920490790417,,,1. clearly borrowed,1.0,,,,unanalyzable,,1.0,"Van der Sijs, Leenwoordenboek 2005; EWB 1997",,,1265-1270,1.0,1. Highly integrated,present in pre-contact environment,Insertion,,French cultural influence [12],,noun,,,,
Dutch-16-78-1,6632,Dutch,16-78,schuld,schuld,s x ʏ l t,,12,false,^schuld$,Dutch,72181920748906602,,,5. no evidence for borrowing,0.0,,,,unanalyzable,,1.0,EWB 1997,,,1201-1225,1.0,,,,,,,noun,,,,
Dutch-16-79-1,6633,Dutch,16-79,lof,lof,l ɔ f,,12,false,^lof$,Dutch,72181920649249298,,,5. no evidence for borrowing,0.0,,,,unanalyzable,,1.0,EWB 1997,,,0901-1000,1.0,,,,,,,noun,,,,
Dutch-16-81-1,6634,Dutch,16-81,mooi,mooi,m oː j,,12,false,^mooi$,Dutch,72181920672171463,,,5. no evidence for borrowing,0.0,"source unknown, probabaly not loaned however",,,unanalyzable,,1.0,"Van der Sijs, Leenwoordenboek 2005; EWB 1997",,,1350,1.0,,,,,,,adjective,,,,
Dutch-16-82-1,6635,Dutch,16-82,lelijk,lelijk,l eː l ə k,,12,false,^lelijk$,Dutch,7218192067354790,,,5. no evidence for borrowing,0.0,,,,semi-analyzable,le-lijk [?-ADJ],0.75,EWB 1997,,,1220-1240,1.0,,,,,,,adjective,,,,
Dutch-16-83-1,6636,Dutch,16-83,gulzig,gulzig,x ʏ l z ə x,,12,true,^gulzig$,Dutch,72181920535833067,,,1. clearly borrowed,1.0,,,,semi-analyzable,gulz-ig [?-ADJ],0.75,"Van der Sijs, Leenwoordenboek 2005; EWB 1997",,,1285,1.0,1. Highly integrated,present in pre-contact environment,Insertion,,French cultural influence [12],,adjective,,,,
Dutch-16-84-1,6637,Dutch,16-84,slim,slim,s l ɪ m,,12,false,^slim$,Dutch,72181920312437533,,,5. no evidence for borrowing,0.0,,,,unanalyzable,,1.0,EWB 1997,,,1602,0.9,,,,,,,adjective,,,,
Dutch-17-11-1,6638,Dutch,17-11,verstand,verstand,v ə r s t ɑ n t,,12,false,^verstand$,Dutch,72181920849598670,,,5. no evidence for borrowing,0.0,,,,unanalyzable,,1.0,EWB 1997,,,1345,1.0,,,,,,,noun,,,,
Dutch-17-11-2,6639,Dutch,17-11,geest (2),geest,x eː s t,,12,false,^geest$,Dutch,72181920238772367,,,5. no evidence for borrowing,0.0,,,,unanalyzable,,1.0,WNT,,,1253,1.0,,,,,,,noun,,,,
Dutch-17-13-1,6640,Dutch,17-13,denken,denken,d ɛ ŋ k ə,,12,false,^denken$,Dutch,72181920477169928,,,5. no evidence for borrowing,0.0,,,,semi-analyzable,denk-en [?-INF],0.75,EWB 1997,,,0901-1000,1.0,,,,,,,verb,,,,
Dutch-17-14-1,6641,Dutch,17-14,menen,menen,m eː n ə,,12,false,^menen$,Dutch,72181920204123502,,,5. no evidence for borrowing,0.0,,,,semi-analyzable,men-en [?-INF],0.75,EWB 1997,,,1265-1270,1.0,,,,,,,verb,,,,
Dutch-17-15-1,6642,Dutch,17-15,geloven,geloven,x ə l oː v ə,,12,false,^geloven$,Dutch,72181920734770922,,,5. no evidence for borrowing,0.0,,,,analyzable derived,ge-lov-en [INTENS-honour-INF],0.5,EWB 1997,,,0776-800,1.0,,,,,,,verb,,,,
Dutch-17-16-1,6643,Dutch,17-16,begrijpen,begrijpen,b ə ɣ r ɛi p ə,,12,true,^begrijpen$,Dutch,72181920155924122,,,1. clearly borrowed,1.0,,,,analyzable derived,be-grijp-en [TR-grip-INF],0.5,"Van der Sijs, Leenwoordenboek 2005; EWB 1997",,,1240,1.0,1. Highly integrated,present only since contact,Insertion,,High German influence [12],,verb,,,,
Dutch-17-17-1,6644,Dutch,17-17,weten,weten,ʋ eː t ə,,12,false,^weten$,Dutch,72181920384553825,,,5. no evidence for borrowing,0.0,,,,semi-analyzable,wet-en [?-INF],0.75,EWB 1997,,,0901-1000,1.0,,,,,,,verb,,,,
Dutch-17-171-1,6645,Dutch,17-171,gissen,gissen,x iː s ə,,12,false,^gissen$,Dutch,72181920174598424,,,5. no evidence for borrowing,0.0,,,,semi-analyzable,giss-en [?-INF],0.75,EWB 1997,,,1451-1500,1.0,,,,,,,verb,,,,
Dutch-17-171-2,6646,Dutch,17-171,raden,raden,r aː d ə,,12,false,^raden$,Dutch,72181920831615544,,,5. no evidence for borrowing,0.0,,,,analyzable derived,rad-en [advice-INF],0.5,EWB 1997,,,1100,1.0,,,,,,,verb,,,,
Dutch-17-172-1,6647,Dutch,17-172,nadoen,nadoen,n aː d uː n,,12,false,^nadoen$,Dutch,72181920608074836,,,5. no evidence for borrowing,0.0,,,,analyzable compound,na-doen [after-do],0.5,WNT,,,1451-1500,1.0,,,,,,,verb,,,,
Dutch-17-172-2,6648,Dutch,17-172,imiteren,imiteren,iː m iː t eː r ə,,12,true,^imiteren$,Dutch,72181920411202528,,,1. clearly borrowed,1.0,,,,semi-analyzable,imiter-en [?-INF],0.75,"Van der Sijs, Leenwoordenboek 2005; EWB 1997",,,1669,0.9,1. Highly integrated,present in pre-contact environment,Coexistence,,French cultural influence [12],,verb,,,,
Dutch-17-18-1,6649,Dutch,17-18,lijken,lijken,l ɛi k ə,,12,false,^lijken$,Dutch,72181920871768787,,,5. no evidence for borrowing,0.0,,,,semi-analyzable,lijk-en [?-INF],0.75,EWB 1997,,,1450,1.0,,,,,,,verb,,,,
Dutch-17-19-1,6650,Dutch,17-19,idee,idee,iː d eː,,12,true,^idee$,Dutch,72181920705254370,,,1. clearly borrowed,1.0,,,,unanalyzable,,1.0,"Van der Sijs, Leenwoordenboek 2005; EWB 1997",,,1485,1.0,1. Highly integrated,present only since contact,Insertion,,French cultural influence [12],,noun,,,,
Dutch-17-21-1,6651,Dutch,17-21,wijs (1),wijs,ʋ ɛi s,,12,false,^wijs$,Dutch,72181920297887900,,,5. no evidence for borrowing,0.0,,,,unanalyzable,,1.0,EWB 1997,,,1201-1225,1.0,,,,,,,adjective,,,,
Dutch-17-21-2,6652,Dutch,17-21,verstandig,verstandig,v ə r s t ɑ n d ə x,,12,false,^verstandig$,Dutch,72181920502866917,,,5. no evidence for borrowing,0.0,,,,analyzable derived,[TR-stand-VERBAL ABSTRACT-ADJ],0.5,WNT,,,1240,1.0,,,,,,,adjective,,,,
Dutch-17-22-1,6653,Dutch,17-22,dom,dom,d ɔ m,,12,false,^dom$,Dutch,72181920978901387,,,5. no evidence for borrowing,0.0,,,,unanalyzable,,1.0,EWB 1997,,,0901-1000,1.0,,,,,,,adjective,,,,
Dutch-17-23-1,6654,Dutch,17-23,gek,gek,x ɛ k,,12,false,^gek$,Dutch,7218192089392772,,,5. no evidence for borrowing,0.0,,,,unanalyzable,,1.0,EWB 1997,,,1401-1450,1.0,,,,,,,adjective,,,,
Dutch-17-24-1,6655,Dutch,17-24,leren,leren,l eː r ə,,12,false,^leren$,Dutch,72181920921476443,,,5. no evidence for borrowing,0.0,,,,analyzable derived,ler-en [education-INF],0.5,EWB 1997,,,0901-1000,1.0,,,,,,,verb,,,,
Dutch-17-242-1,6656,Dutch,17-242,studeren,studeren,s t yː d eː r ə,,12,true,^studeren$,Dutch,72181920990524948,,,1. clearly borrowed,1.0,,,,semi-analyzable,studer-en [?-INF],0.75,"Van der Sijs, Leenwoordenboek 2005; EWB 1997",,,1265-1270,1.0,1. Highly integrated,present only since contact,Insertion,,Church Latin influence [12],,verb,,,,
Dutch-17-25-1,6657,Dutch,17-25,onderwijzen,onderwijzen,ɔ n d ə r ʋ ɛi z ə,,12,false,^onderwijzen$,Dutch,7218192095242218,,,5. no evidence for borrowing,0.0,,,,analyzable compound,onder-wijz-en [under-wise-INF],0.5,WNT,,,1601-1650,0.9,,,,,,,verb,,,,
Dutch-17-26-1,6658,Dutch,17-26,leerling,leerling,l eː r l ɪ ŋ,,12,false,^leerling$,Dutch,72181920590156266,,,5. no evidence for borrowing,0.0,,,,analyzable derived,leer-ling [educate-M],0.5,WNT,,,1496,1.0,,,,,,,noun,,,,
Dutch-17-27-1,6659,Dutch,17-27,leraar,leraar,l eː r aː r,,12,false,^leraar$,Dutch,72181920202668498,,,5. no evidence for borrowing,0.0,,,,analyzable derived,ler-aar [educate-AGT],0.5,EWB 1997,,,1240,1.0,,,,,,,noun,,,,
Dutch-17-28-1,6660,Dutch,17-28,school,school,s x oː l,,12,true,^school$,Dutch,72181920171931843,,,1. clearly borrowed,1.0,,,,unanalyzable,,1.0,"Van der Sijs, Leenwoordenboek 2005; EWB 1997",,,1240,1.0,1. Highly integrated,present only since contact,Insertion,,Church Latin influence [12],,noun,,,,
Dutch-17-31-1,6661,Dutch,17-31,zich herinneren,zich_herinneren,z ɪ x + h ɛ r ɪ n ə r ə,,12,true,^zich_herinneren$,Dutch,7218192083383302,,,1. clearly borrowed,1.0,,,,analyzable derived,zich herinner-en [REFL remember-INF],0.5,WNT,,,1601-1650,0.9,1. Highly integrated,present in pre-contact environment,Replacement,,High German influence [12],,verb,,,,
Dutch-17-32-1,6662,Dutch,17-32,vergeten,vergeten,v ə r ɣ eː t ə,,12,false,^vergeten$,Dutch,72181920157051299,,,5. no evidence for borrowing,0.0,,,,semi-analyzable,ver-get-en [TR-?-INF],0.75,EWB 1997,,,0901-1000,1.0,,,,,,,verb,,,,
Dutch-17-34-1,6663,Dutch,17-34,duidelijk,duidelijk,d œy d ə l ə k,,12,false,^duidelijk$,Dutch,72181920465471276,,,5. no evidence for borrowing,0.0,,,,analyzable derived,duide-lijk [interpret-ADJ],0.5,EWB 1997,,,1557,0.9,,,,,,,adjective,,,,
Dutch-17-35-1,6664,Dutch,17-35,onduidelijk,onduidelijk,ɔ n d œy d ə l ə k,,12,false,^onduidelijk$,Dutch,72181920902317617,,,5. no evidence for borrowing,0.0,,,,analyzable derived,on-duide-lijk [NEG-interpret-ADJ],0.5,WNT,,,1784-1786,0.9,,,,,,,adjective,,,,
Dutch-17-36-1,6665,Dutch,17-36,geheim,geheim,x ə h ɛi m,,12,true,^geheim$,Dutch,72181920951667793,,,1. clearly borrowed,1.0,,,,unanalyzable,,1.0,"Van der Sijs, Leenwoordenboek 2005; EWB 1997",,,1588,0.9,1. Highly integrated,present in pre-contact environment,Insertion,,High German influence [12],,adjective,,,,
Dutch-17-37-1,6666,Dutch,17-37,zeker,zeker,z eː k ə r,,12,true,^zeker$,Dutch,72181920373494512,,,1. clearly borrowed,1.0,,,,unanalyzable,,1.0,"Van der Sijs, Leenwoordenboek 2005; EWB 1997",,,1240,1.0,1. Highly integrated,present only since contact,Insertion,,Latin influence on Germanic [12],,adjective,,,,
Dutch-17-38-1,6667,Dutch,17-38,uitleggen,uitleggen,œy t l ɛ ɣ ə,,12,false,^uitleggen$,Dutch,72181920614940964,,,5. no evidence for borrowing,0.0,,,,analyzable compound,uit-legg-en [out-lay-INF],0.5,WNT,,,1477,1.0,,,,,,,verb,,,,
Dutch-17-41-1,6668,Dutch,17-41,bedoeling,bedoeling,b ə d uː l ɪ ŋ,,12,false,^bedoeling$,Dutch,72181920201940836,,,5. no evidence for borrowing,0.0,,,,analyzable derived,be-doel-ing [TR-aim-NMLZ],0.5,WNT,,,1784-1785,0.9,,,,,,,noun,,,,
Dutch-17-42-1,6669,Dutch,17-42,oorzaak,oorzaak,oː r z aː k,,12,true,^oorzaak$,Dutch,72181920650076957,,,1. clearly borrowed,1.0,,,,semi-analyzable,oor-zaak [?-matter],0.75,"Van der Sijs, Leenwoordenboek 2005; EWB 1997",,,1401-1425,1.0,1. Highly integrated,present in pre-contact environment,Coexistence,,High German influence [12],,noun,,,,
Dutch-17-42-2,6670,Dutch,17-42,reden,reden,r eː d ə,,12,false,^reden$,Dutch,72181920229971255,,,5. no evidence for borrowing,0.0,,,,unanalyzable,,1.0,EWB 1997,,,1350,1.0,,,,,,,noun,,,,
Dutch-17-43-1,6671,Dutch,17-43,twijfel,twijfel,t ʋ ɛi f ə l,,12,false,^twijfel$,Dutch,72181920676188475,,,5. no evidence for borrowing,0.0,,,,unanalyzable,,1.0,EWB 1997,,,1240,1.0,,,,,,,noun,,,,
Dutch-17-44-1,6672,Dutch,17-44,vermoeden,vermoeden,v ə r m uː d ə,,12,false,^vermoeden$,Dutch,72181920452691761,,,5. no evidence for borrowing,0.0,,,,unanalyzable,,1.0,EWB 1997,,,1254,1.0,,,,,,,noun,,,,
Dutch-17-441-1,6673,Dutch,17-441,verraden,verraden,v ə r aː d ə,,12,false,^verraden$,Dutch,7218192068283183,,,5. no evidence for borrowing,0.0,,,,analyzable derived,ver-rad-en [TR-advice-INF],0.5,EWB 1997,,,1240,1.0,,,,,,,verb,,,,
Dutch-17-45-1,6674,Dutch,17-45,noodzaak,noodzaak,n oː t s aː k,,12,false,^noodzaak$,Dutch,72181920271861528,,,5. no evidence for borrowing,0.0,,,,analyzable compound,nood-zaak [need-thing],0.5,WNT,,,1236,1.0,,,,,,,noun,,,,
Dutch-17-46-1,6675,Dutch,17-46,gemakkelijk,gemakkelijk,x ə m ɑ k ə l ə k,,12,false,^gemakkelijk$,Dutch,72181920221889020,,,5. no evidence for borrowing,0.0,,,,analyzable derived,gemakk-elijk [ease-ADJ],0.5,EWB 1997,,,1866,0.8,,,,,,,adjective,,,,
Dutch-17-47-1,6676,Dutch,17-47,moeilijk,moeilijk,m uː j l ə k,,12,false,^moeilijk$,Dutch,7218192029790168,,,5. no evidence for borrowing,0.0,,,,semi-analyzable,moei-lijk [?-ADJ],0.75,EWB 1997,,,1287,1.0,,,,,,,adjective,,,,
Dutch-17-48-1,6677,Dutch,17-48,proberen,proberen,p r oː b eː r ə,,12,true,^proberen$,Dutch,7218192052840443,,,1. clearly borrowed,1.0,,,,semi-analyzable,prober-en [?-INF],0.75,"Van der Sijs, Leenwoordenboek 2005; EWB 1997",,,1440,1.0,1. Highly integrated,present only since contact,Insertion,,Latin influence on Germanic [12],,verb,,,,
Dutch-17-48-2,6678,Dutch,17-48,trachten,trachten,t r ɑ x t ə,,12,true,^trachten$,Dutch,72181920880065451,,,1. clearly borrowed,1.0,,,,semi-analyzable,tracht-en [?-INF],0.75,"Van der Sijs, Leenwoordenboek 2005; EWB 1997",,,1588,0.9,1. Highly integrated,present only since contact,Insertion,,Latin influence on Germanic [12],,verb,,,,
Dutch-17-49-1,6679,Dutch,17-49,manier,manier,m aː n iː r,,12,true,^manier$,Dutch,7218192065351617,,,1. clearly borrowed,1.0,,,,unanalyzable,,1.0,"Van der Sijs, Leenwoordenboek 2005; EWB 1997",,,1260-1280,1.0,1. Highly integrated,present in pre-contact environment,Coexistence,,French cultural influence [12],,noun,,,,
Dutch-17-49-2,6680,Dutch,17-49,wijs (2),wijs,ʋ ɛi s,,12,false,^wijs$,Dutch,72181920306187747,,,5. no evidence for borrowing,0.0,,,,unanalyzable,,1.0,EWB 1997,,,1050,1.0,,,,,,,noun,,,,
Dutch-17-51-1,6681,Dutch,17-51,en,en,ɛ n,,12,false,^en$,Dutch,72181920662435992,,,5. no evidence for borrowing,0.0,,,,unanalyzable,,1.0,EWB 1997,,,0776-800,1.0,,,,,,,function word,,,,
Dutch-17-52-1,6682,Dutch,17-52,omdat,omdat,ɔ m d ɑ t,,12,false,^omdat$,Dutch,72181920103069970,,,5. no evidence for borrowing,0.0,,,,analyzable compound,om-dat [to-that],0.5,WNT,,,1637,0.9,,,,,,,function word,,,,
Dutch-17-53-1,6683,Dutch,17-53,als,als,ɑ l s,,12,false,^als$,Dutch,72181920487524517,,,5. no evidence for borrowing,0.0,,,,unanalyzable,,1.0,EWB 1997,,,1200,1.0,,,,,,,function word,,,,
Dutch-17-53-2,6684,Dutch,17-53,indien,indien,ɪ n d iː n,,12,false,^indien$,Dutch,72181920414603811,,,5. no evidence for borrowing,0.0,,,,unanalyzable,,1.0,EWB 1997,,,1463,1.0,,,,,,,function word,,,,
Dutch-17-54-1,6685,Dutch,17-54,of,of,ɔ f,,12,false,^of$,Dutch,72181920395163446,,,5. no evidence for borrowing,0.0,,,,unanalyzable,,1.0,EWB 1997,,,0901-1000,1.0,,,,,,,function word,,,,
Dutch-17-55-1,6686,Dutch,17-55,ja,ja,j aː,,12,false,^ja$,Dutch,72181920584575577,,,5. no evidence for borrowing,0.0,,,,unanalyzable,,1.0,EWB 1997,,,1240,1.0,,,,,,,function word,,,,
Dutch-17-56-1,6687,Dutch,17-56,nee,nee,n eː,,12,false,^nee$,Dutch,72181920118663703,,,5. no evidence for borrowing,0.0,,,,unanalyzable,,1.0,EWB 1997,,,1350,1.0,,,,,,,function word,,,,
Dutch-17-61-1,6688,Dutch,17-61,hoe,hoe,h uː,,12,false,^hoe$,Dutch,72181920499551337,,,5. no evidence for borrowing,0.0,,,,unanalyzable,,1.0,EWB 1997,,,0901-1000,1.0,,,,,,,function word,,,,
Dutch-17-62-1,6689,Dutch,17-62,hoeveel,hoeveel,h uː v eː l,,12,false,^hoeveel$,Dutch,72181920745715658,,,5. no evidence for borrowing,0.0,,,,analyzable compound,hoe-veel [how-much],0.5,WNT,,,1282-1287,1.0,,,,,,,function word,,,,
Dutch-17-63-1,6690,Dutch,17-63,hoeveel,hoeveel,h uː v eː l,,12,false,^hoeveel$,Dutch,72181920745715658,,,5. no evidence for borrowing,0.0,,,,analyzable compound,hoe-veel [how-much],0.5,WNT,,,1282-1287,1.0,,,,,,,function word,,,,
Dutch-17-64-1,6691,Dutch,17-64,wat,wat,ʋ ɑ t,,12,false,^wat$,Dutch,72181920963260170,,,5. no evidence for borrowing,0.0,,,,unanalyzable,,1.0,EWB 1997,,,0901-1000,1.0,,,,,,,function word,,,,
Dutch-17-65-1,6692,Dutch,17-65,wanneer,wanneer,ʋ ɑ n eː r,,12,false,^wanneer$,Dutch,72181920909494469,,,5. no evidence for borrowing,0.0,,,,unanalyzable,,1.0,EWB 1997,,,1321,1.0,,,,,,,function word,,,,
Dutch-17-66-1,6693,Dutch,17-66,waar (2),waar,ʋ aː r,,12,false,^waar$,Dutch,72181920928722574,,,5. no evidence for borrowing,0.0,,,,unanalyzable,,1.0,EWB 1997,,,1237,1.0,,,,,,,function word,,,,
Dutch-17-67-1,6694,Dutch,17-67,welke,welke,ʋ ɛ l k ə,,12,false,^welke$,Dutch,7218192059557577,,,5. no evidence for borrowing,0.0,,,,unanalyzable,,1.0,WNT,,,1251-1300,1.0,,,,,,,function word,,,,
Dutch-17-68-1,6695,Dutch,17-68,wie,wie,ʋ iː,,12,false,^wie$,Dutch,72181920515777479,,,5. no evidence for borrowing,0.0,,,,unanalyzable,,1.0,EWB 1997,,,0901-1000,1.0,,,,,,,function word,,,,
Dutch-17-69-1,6696,Dutch,17-69,waarom,waarom,ʋ aː r ɔ m,,12,false,^waarom$,Dutch,72181920557469061,,,5. no evidence for borrowing,0.0,,,,analyzable compound,waar-om [[where-about],0.5,WNT,,,1240,1.0,,,,,,,function word,,,,
Dutch-18-11-1,6697,Dutch,18-11,stem,stem,s t ɛ m,,12,false,^stem$,Dutch,72181920131355501,,,5. no evidence for borrowing,0.0,,,,unanalyzable,,1.0,EWB 1997,,,0901-1000,1.0,,,,,,,noun,,,,
Dutch-18-12-1,6698,Dutch,18-12,zingen,zingen,z ɪ ŋ ə,,12,false,^zingen$,Dutch,72181920427725918,,,5. no evidence for borrowing,0.0,,,,semi-analyzable,zing-en [?-INF],0.75,EWB 1997,,,0901-1000,1.0,,,,,,,verb,,,,
Dutch-18-13-1,6699,Dutch,18-13,schreeuwen,schreeuwen,s x r eː ʋ ə,,12,false,^schreeuwen$,Dutch,72181920886052612,,,5. no evidence for borrowing,0.0,,,,analyzable derived,schreeuw-en [shout-INF],0.5,EWB 1997,,,1479,1.0,,,,,,,verb,,,,
Dutch-18-15-1,6700,Dutch,18-15,fluisteren,fluisteren,f l œy s t ə r ə,,12,false,^fluisteren$,Dutch,72181920463290506,,,5. no evidence for borrowing,0.0,,,,semi-analyzable,fluist-eren [?-FREQUENTATIVE],0.75,EWB 1997,,,1640,0.9,,,,,,,verb,,,,
Dutch-18-16-1,6701,Dutch,18-16,mompelen,mompelen,m ɔ m p ə l ə,,12,false,^mompelen$,Dutch,72181920244324498,,,5. no evidence for borrowing,0.0,,,,semi-analyzable,momp-elen [?-FREQUENTATIVE],0.75,EWB 1997,,,1477,1.0,,,,,,,verb,,,,
Dutch-18-17-1,6702,Dutch,18-17,fluiten,fluiten,f l œy t ə,,12,false,^fluiten$,Dutch,72181920990280550,,,5. no evidence for borrowing,0.0,fluit is loaned,yes,,analyzable derived,fluit-en [flute-INF],0.5,WNT,,,1501,0.9,,,,,,,verb,,,,
Dutch-18-18-1,6703,Dutch,18-18,krijsen,krijsen,k r ɛi s ə,,12,false,^krijsen$,Dutch,72181920937441975,,,5. no evidence for borrowing,0.0,,,,semi-analyzable,krijs-en [?-INF],0.75,EWB 1997,,,1287,1.0,,,,,,,verb,,,,
Dutch-18-18-2,6704,Dutch,18-18,schreeuwen,schreeuwen,s x r eː ʋ ə,,12,false,^schreeuwen$,Dutch,72181920886052612,,,5. no evidence for borrowing,0.0,,,,analyzable derived,schreeuw-en [shout-INF],0.5,EWB 1997,,,1479,1.0,,,,,,,verb,,,,
Dutch-18-19-1,6705,Dutch,18-19,huilen,huilen,h œy l ə,,12,false,^huilen$,Dutch,72181920315666043,,,5. no evidence for borrowing,0.0,,,,semi-analyzable,huil-en [?-INF],0.75,EWB 1997,,,1287,1.0,,,,,,,verb,,,,
Dutch-18-21-1,6706,Dutch,18-21,spreken,spreken,s p r eː k ə,,12,false,^spreken$,Dutch,72181920496281035,,,5. no evidence for borrowing,0.0,,,,semi-analyzable,sprek-en [?-INF],0.75,EWB 1997,,,0901-1000,1.0,,,,,,,verb,,,,
Dutch-18-211-1,6707,Dutch,18-211,stamelen,stamelen,s t aː m ə l ə,,12,false,^stamelen$,Dutch,72181920967931590,,,5. no evidence for borrowing,0.0,,,,semi-analyzable,stam-elen [?-FREQUENTATIVE],0.75,EWB 1997,,,1240,1.0,,,,,,,verb,,,,
Dutch-18-211-2,6708,Dutch,18-211,stotteren,stotteren,s t ɔ t ə r ə,,12,true,^stotteren$,Dutch,72181920569813704,,,1. clearly borrowed,1.0,,,,semi-analyzable,stott-eren [?-FREQUENTATIVE],0.75,"Van der Sijs, Leenwoordenboek 2005; EWB 1997",,,1781,0.9,1. Highly integrated,present in pre-contact environment,Coexistence,,High German influence [12],,verb,,,,
Dutch-18-22-1,6709,Dutch,18-22,zeggen,zeggen,z ɛ ɣ ə,,12,false,^zeggen$,Dutch,72181920698917615,,,5. no evidence for borrowing,0.0,,,,semi-analyzable,zegg-en [?-INF],0.75,EWB 1997,,,1260-1270,1.0,,,,,,,verb,,,,
Dutch-18-221-1,6710,Dutch,18-221,vertellen,vertellen,v ə r t ɛ l ə,,12,false,^vertellen$,Dutch,72181920621020901,,,5. no evidence for borrowing,0.0,,,,analyzable derived,ver-tell-en [TR-count-INF],0.5,WNT,,,1240,1.0,,,,,,,verb,,,,
Dutch-18-222-1,6711,Dutch,18-222,toespraak,toespraak,t uː s p r aː k,,12,false,^toespraak$,Dutch,72181920297266079,,,5. no evidence for borrowing,0.0,,,,analyzable derived,toe-spraak [to-speak-VERBAL ABSTRACT],0.5,WNT,,,1240,1.0,,,,,,,noun,,,,
Dutch-18-23-1,6712,Dutch,18-23,zwijgen,zwijgen,z ʋ ɛi ɣ ə,,12,false,^zwijgen$,Dutch,72181920952407561,,,5. no evidence for borrowing,0.0,,,,semi-analyzable,zwijg-en [?-INF],0.75,EWB 1997,,,1236,1.0,,,,,,,verb,,,,
Dutch-18-24-1,6713,Dutch,18-24,taal,taal,t aː l,,12,false,^taal$,Dutch,72181920852433297,,,5. no evidence for borrowing,0.0,,,,unanalyzable,,1.0,EWB 1997,,,1220-1240,1.0,,,,,,,noun,,,,
Dutch-18-26-1,6714,Dutch,18-26,woord,woord,ʋ oː r t,,12,false,^woord$,Dutch,72181920149730652,,,5. no evidence for borrowing,0.0,,,,unanalyzable,,1.0,EWB 1997,,,0776-800,1.0,,,,,,,noun,,,,
Dutch-18-28-1,6715,Dutch,18-28,naam,naam,n aː m,,12,false,^naam$,Dutch,72181920351368662,,,5. no evidence for borrowing,0.0,,,,unanalyzable,,1.0,EWB 1997,,,1236,1.0,,,,,,,noun,,,,
Dutch-18-31-1,6716,Dutch,18-31,vragen,vragen,v r aː ɣ ə,,12,false,^vragen$,Dutch,72181920148859230,,,5. no evidence for borrowing,0.0,,,,analyzable derived,vrag-en [question-INF],0.5,EWB 1997,,,1100,1.0,,,,,,,verb,,,,
Dutch-18-32-1,6717,Dutch,18-32,antwoorden,antwoorden,ɑ n t ʋ oː r d ə,,12,false,^antwoorden$,Dutch,72181920515202722,,,5. no evidence for borrowing,0.0,,,,analyzable derived,antwoord-en [answer-INF],0.5,WNT,,,1240,1.0,,,,,,,verb,,,,
Dutch-18-33-1,6718,Dutch,18-33,bekennen,bekennen,b ə k ɛ n ə,,12,false,^bekennen$,Dutch,72181920989561705,,,5. no evidence for borrowing,0.0,,,,analyzable derived,be-kenn-en [TR-know-INF],0.5,EWB 1997,,,0901-1000,1.0,,,,,,,verb,,,,
Dutch-18-33-2,6719,Dutch,18-33,toegeven,toegeven,t uː ɣ eː v ə,,12,false,^toegeven$,Dutch,72181920686699651,,,5. no evidence for borrowing,0.0,,,,analyzable compound,toe-gev-en [to-give-INF],0.5,WNT,,,1281,1.0,,,,,,,verb,,,,
Dutch-18-34-1,6720,Dutch,18-34,ontkennen,ontkennen,ɔ n t k ɛ n ə,,12,false,^ontkennen$,Dutch,72181920412580113,,,5. no evidence for borrowing,0.0,,,,analyzable derived,ont-kenn-en [NEG-know-INF],0.5,WNT,,,1298,1.0,,,,,,,verb,,,,
Dutch-18-35-1,6721,Dutch,18-35,vragen,vragen,v r aː ɣ ə,,12,false,^vragen$,Dutch,72181920148859230,,,5. no evidence for borrowing,0.0,,,,analyzable derived,vrag-en [question-INF],0.5,EWB 1997,,,1100,1.0,,,,,,,verb,,,,
Dutch-18-35-2,6722,Dutch,18-35,verzoeken,verzoeken,v ə r z uː k ə,,12,false,^verzoeken$,Dutch,72181920668749814,,,5. no evidence for borrowing,0.0,,,,analyzable derived,ver-zoek-en [TR-search-INF],0.5,WNT,,,1236,1.0,,,,,,,verb,,,,
Dutch-18-36-1,6723,Dutch,18-36,beloven,beloven,b ə l oː v ə,,12,false,^beloven$,Dutch,72181920881583143,,,5. no evidence for borrowing,0.0,,,,analyzable derived,be-lov-en [TR-honour-INF],0.5,EWB 1997,,,1240,1.0,,,,,,,verb,,,,
Dutch-18-37-1,6724,Dutch,18-37,weigeren,weigeren,ʋ ɛi ɣ ə r ə,,12,false,^weigeren$,Dutch,72181920463456987,,,5. no evidence for borrowing,0.0,,,,semi-analyzable,weiger-en [?-INF],0.75,EWB 1997,,,1289,1.0,,,,,,,verb,,,,
Dutch-18-38-1,6725,Dutch,18-38,verbieden,verbieden,v ə r b iː d ə,,12,false,^verbieden$,Dutch,72181920862304394,,,5. no evidence for borrowing,0.0,,,,analyzable derived,ver-bied-en [TR-bid-INF],0.5,EWB 1997,,,1236,1.0,,,,,,,verb,,,,
Dutch-18-39-1,6726,Dutch,18-39,berispen,berispen,b ə r ɪ s p ə,,12,false,^berispen$,Dutch,72181920767492432,,,5. no evidence for borrowing,0.0,,,,semi-analyzable,be-risp--en [TR-?-INF],0.75,EWB 1997,,,1265-1270,1.0,,,,,,,verb,,,,
Dutch-18-41-1,6727,Dutch,18-41,bijeenroepen,bijeenroepen,b ɛi eː n r uː p ə,,12,false,^bijeenroepen$,Dutch,72181920630742570,,,5. no evidence for borrowing,0.0,,,,analyzable compound,bijeen-roep-en [together-call-INF],0.5,WNT,,,1601-1650,0.9,,,,,,,verb,,,,
Dutch-18-42-1,6728,Dutch,18-42,noemen,noemen,n uː m ə,,12,false,^noemen$,Dutch,72181920904293201,,,5. no evidence for borrowing,0.0,,,,semi-analyzable,noem-en [?-INF],0.75,EWB 1997,,,1249,1.0,,,,,,,verb,,,,
Dutch-18-43-1,6729,Dutch,18-43,aankondigen,aankondigen,aː ŋ k ɔ n d ə ɣ ə,,12,false,^aankondigen$,Dutch,72181920207095981,,,5. no evidence for borrowing,0.0,,,,analyzable derived,aan-kond-ig-en [on-known-ADJ-INF],0.5,WNT,,,1626,0.9,,,,,,,verb,,,,
Dutch-18-44-1,6730,Dutch,18-44,dreigen,dreigen,d r ɛi ɣ ə,,12,false,^dreigen$,Dutch,72181920541606063,,,5. no evidence for borrowing,0.0,,,,semi-analyzable,dreig-en [?-INF],0.75,EWB 1997,,,1240,1.0,,,,,,,verb,,,,
Dutch-18-45-1,6731,Dutch,18-45,opscheppen,opscheppen,ɔ p s x ɛ p ə,,12,false,^opscheppen$,Dutch,7218192033896534,,,5. no evidence for borrowing,0.0,,,,analyzable compound,op-schepp-en [up-scoop-INF],0.5,EWB 1997,,,1914,0.7,,,,,,,verb,,,,
Dutch-18-51-1,6732,Dutch,18-51,schrijven,schrijven,s x r ɛi v ə,,12,true,^schrijven$,Dutch,72181920337869590,,,1. clearly borrowed,1.0,,,,semi-analyzable,schrijv-en [?-INF],0.75,"Van der Sijs, Leenwoordenboek 2005; EWB 1997",,,1100,1.0,1. Highly integrated,present only since contact,Insertion,,Church Latin influence [12],,verb,,,,
Dutch-18-52-1,6733,Dutch,18-52,lezen,lezen,l eː z ə,,12,false,^lezen$,Dutch,72181920167749089,,,5. no evidence for borrowing,0.0,,,,semi-analyzable,lez-en [?-INF],0.75,EWB 1997,,,1250,1.0,,,,,,,verb,,,,
Dutch-18-56-1,6734,Dutch,18-56,papier,papier,p aː p iː r,,12,true,^papier$,Dutch,7218192015221924,,,1. clearly borrowed,1.0,,,,unanalyzable,,1.0,"Van der Sijs, Leenwoordenboek 2005; EWB 1997",,,1361-1362,1.0,1. Highly integrated,present only since contact,Insertion,,French cultural influence [12],,noun,,,,
Dutch-18-57-1,6735,Dutch,18-57,pen,pen,p ɛ n,,12,true,^pen$,Dutch,721819202466881,,,1. clearly borrowed,1.0,,,,unanalyzable,,1.0,"Van der Sijs, Leenwoordenboek 2005; EWB 1997",,,1351-1400,1.0,1. Highly integrated,present only since contact,Insertion,,Church Latin influence [12],,noun,,,,
Dutch-18-61-1,6736,Dutch,18-61,boek,boek,b uː k,,12,false,^boek$,Dutch,72181920728752913,,,5. no evidence for borrowing,0.0,,,,unanalyzable,,1.0,EWB 1997,,,0901-1000,1.0,,,,,,,noun,,,,
Dutch-18-67-1,6737,Dutch,18-67,dichter,dichter,d ɪ x t ə r,,12,true,^dichter$,Dutch,72181920340601022,,,1. clearly borrowed,1.0,,,,semi-analyzable,dicht-er [?-AGT],0.75,WNT,,,1240,1.0,1. Highly integrated,present only since contact,Insertion,,Church Latin influence [12],,noun,,,,
Dutch-18-71-1,6738,Dutch,18-71,fluit,fluit,f l œy t,,12,true,^fluit$,Dutch,72181920213849275,,,1. clearly borrowed,1.0,,,,unanalyzable,,1.0,"Van der Sijs, Leenwoordenboek 2005; EWB 1997",,,1351-1400,1.0,1. Highly integrated,present only since contact,Insertion,,French cultural influence [12],,noun,,,,
Dutch-18-72-1,6739,Dutch,18-72,trommel,trommel,t r ɔ m ə l,,12,true,^trommel$,Dutch,72181920105743441,,,1. clearly borrowed,1.0,,,,unanalyzable,,1.0,"Van der Sijs, Leenwoordenboek 2005; EWB 1997",,,1538,0.9,1. Highly integrated,present only since contact,Insertion,,High German influence [12],,noun,,,,
Dutch-18-72-2,6740,Dutch,18-72,trom,trom,t r ɔ m,,12,true,^trom$,Dutch,72181920501761864,,,1. clearly borrowed,1.0,,,,unanalyzable,,1.0,"Van der Sijs, Leenwoordenboek 2005; EWB 1997",,,1507,0.9,1. Highly integrated,present only since contact,Insertion,,High German influence [12],,noun,,,,
Dutch-18-73-1,6741,Dutch,18-73,hoorn (2),hoorn,h oː r n,,12,false,^hoorn$,Dutch,72181920541350600,,,5. no evidence for borrowing,0.0,,,,unanalyzable,,1.0,EWB 1997,,,1300,1.0,,,,,,,noun,,,,
Dutch-18-73-2,6742,Dutch,18-73,trompet,trompet,t r ɔ m p ɛ t,,12,true,^trompet$,Dutch,72181920846417385,,,1. clearly borrowed,1.0,,,,unanalyzable,,1.0,"Van der Sijs, Leenwoordenboek 2005; EWB 1997",,,1350,1.0,1. Highly integrated,present in pre-contact environment,Coexistence,,French cultural influence [12],,noun,,,,
Dutch-18-74-1,6743,Dutch,18-74,ratel,ratel,r aː t ə l,,12,false,^ratel$,Dutch,72181920108274281,,,5. no evidence for borrowing,0.0,,,,unanalyzable,,1.0,EWB 1997,,,1488,1.0,,,,,,,noun,,,,
Dutch-19-11-1,6744,Dutch,19-11,land,land,l ɑ n t,,12,false,^land$,Dutch,72181920189967087,,,5. no evidence for borrowing,0.0,,,,unanalyzable,,1.0,EWB 1997,,,1200,1.0,,,,,,,noun,,,,
Dutch-19-12-1,6745,Dutch,19-12,vaderland,vaderland,v aː d ə r l ɑ n t,,12,false,^vaderland$,Dutch,72181920147990387,,,5. no evidence for borrowing,0.0,,,,analyzable compound,vader-land [father-land],0.5,EWB 1997,,,1599,0.9,1. Highly integrated,present only since contact,Insertion,,Medical and scientific Latin influence [12],4. Clearly calqued,noun,,,,
Dutch-19-15-1,6746,Dutch,19-15,stad,stad,s t ɑ t,,12,false,^stad$,Dutch,72181920626445254,,,5. no evidence for borrowing,0.0,,,,unanalyzable,,1.0,EWB 1997,,,0857,1.0,,,,,,,noun,,,,
Dutch-19-16-1,6747,Dutch,19-16,dorp,dorp,d ɔ r p,,12,false,^dorp$,Dutch,72181920262201329,,,5. no evidence for borrowing,0.0,,,,unanalyzable,,1.0,EWB 1997,,,0701-800,1.0,,,,,,,noun,,,,
Dutch-19-17-1,6748,Dutch,19-17,grens,grens,x r ɛ n s,,12,true,^grens$,Dutch,72181920362624244,,,1. clearly borrowed,1.0,,,,unanalyzable,,1.0,"Van der Sijs, Leenwoordenboek 2005; EWB 1997",,,1573,0.9,1. Highly integrated,present only since contact,Insertion,,Low German oral loans [12],,noun,,,,
Dutch-19-21-1,6749,Dutch,19-21,bevolking,bevolking,b ə v ɔ l k ɪ ŋ,,12,false,^bevolking$,Dutch,72181920468135181,,,5. no evidence for borrowing,0.0,,,,analyzable derived,be-volk-ing [TR-people-NMLZ],0.5,WNT,,,1724,0.9,,,,,,,noun,,,,
Dutch-19-23-1,6750,Dutch,19-23,geslacht,geslacht,x ə s l ɑ x t,,12,false,^geslacht$,Dutch,72181920580023299,,,5. no evidence for borrowing,0.0,,,,semi-analyzable,ge-slacht [COLLECTIVE-?],0.75,EWB 1997,,,1285,1.0,,,,,,,noun,,,,
Dutch-19-24-1,6751,Dutch,19-24,leider,leider,l ɛi d ə r,,12,false,^leider$,Dutch,72181920258484100,,,5. no evidence for borrowing,0.0,,,,analyzable derived,leid-er [lead-AGT],0.5,WNT,,,1285,1.0,,,,,,,noun,,,,
Dutch-19-25-1,6752,Dutch,19-25,wandelstok,wandelstok,ʋ ɑ n d ə l s t ɔ k,,12,false,^wandelstok$,Dutch,72181920882054651,,,5. no evidence for borrowing,0.0,,,,analyzable compound,wandel-stok [walk-stick],0.5,WNT,,,1556,0.9,,,,,,,noun,,,,
Dutch-19-31-1,6753,Dutch,19-31,heersen,heersen,h eː r s ə,,12,true,^heersen$,Dutch,72181920402712615,,,1. clearly borrowed,1.0,,,,semi-analyzable,heers-en [?-INF],0.75,"Van der Sijs, Leenwoordenboek 2005; EWB 1997",,,1348,1.0,1. Highly integrated,present only since contact,Insertion,,High German influence [12],,verb,,,,
Dutch-19-31-2,6754,Dutch,19-31,regeren,regeren,r ə ɣ eː r ə,,12,true,^regeren$,Dutch,72181920572745437,,,1. clearly borrowed,1.0,,,,semi-analyzable,reger-en [?-INF],0.75,"Van der Sijs, Leenwoordenboek 2005; EWB 1997",,,1322,1.0,1. Highly integrated,present only since contact,Insertion,,Medical and scientific Latin influence [12],,verb,,,,
Dutch-19-32-1,6755,Dutch,19-32,koning,koning,k oː n ɪ ŋ,,12,false,^koning$,Dutch,72181920117053827,,,5. no evidence for borrowing,0.0,,,,unanalyzable,,1.0,EWB 1997,,,0901-1000,1.0,,,,,,,noun,,,,
Dutch-19-33-1,6756,Dutch,19-33,koningin,koningin,k oː n ɪ ŋ ɪ n,,12,false,^koningin$,Dutch,7218192076569273,,,5. no evidence for borrowing,0.0,,,,analyzable derived,koning-in [king-F],0.5,WNT,,,1220-1240,1.0,,,,,,,noun,,,,
Dutch-19-36-1,6757,Dutch,19-36,edele,edele,eː d ə l ə,,12,false,^edele$,Dutch,72181920520498759,,,5. no evidence for borrowing,0.0,,,,analyzable derived,edel-e [noble-M],0.5,WNT,,,1285,1.0,,,,,,,noun,,,,
Dutch-19-37-1,6758,Dutch,19-37,burger,burger,b ʏ r ɣ ə r,,12,false,^burger$,Dutch,72181920104136825,,,3. perhaps borrowed,0.5,may also be formed in Dutch,,,analyzable derived,burg-er [castle-AGT],0.5,"Van der Sijs, Leenwoordenboek 2005; EWB 1997",,,1240,1.0,1. Highly integrated,present only since contact,Insertion,,High German influence [12],,noun,,,,
Dutch-19-41-1,6759,Dutch,19-41,baas,baas,b aː s,,12,false,^baas$,Dutch,72181920361994926,,,5. no evidence for borrowing,0.0,,,,unanalyzable,,1.0,EWB 1997,,,1280,1.0,,,,,,,noun,,,,
Dutch-19-41-2,6760,Dutch,19-41,meester,meester,m eː s t ə r,,12,true,^meester$,Dutch,7218192085991338,,,1. clearly borrowed,1.0,,,,unanalyzable,,1.0,"Van der Sijs, Leenwoordenboek 2005; EWB 1997",,,1236,1.0,1. Highly integrated,present in pre-contact environment,Coexistence,,French cultural influence [12],,noun,,,,
Dutch-19-42-1,6761,Dutch,19-42,slaaf,slaaf,s l aː f,,12,true,^slaaf$,Dutch,72181920748689118,,,1. clearly borrowed,1.0,,,,unanalyzable,,1.0,"Van der Sijs, Leenwoordenboek 2005; EWB 1997",,,1285,1.0,1. Highly integrated,present only since contact,Insertion,,Medical and scientific Latin influence [12],,noun,,,,
Dutch-19-43-1,6762,Dutch,19-43,bediende,bediende,b ə d iː n d ə,,12,true,^bediende$,Dutch,72181920860890237,,,1. clearly borrowed,1.0,,,,unanalyzable,,1.0,"Van der Sijs, Leenwoordenboek 2005; EWB 1997",,,1704,0.9,1. Highly integrated,present in pre-contact environment,Insertion,,High German influence [12],,noun,,,,
Dutch-19-44-1,6763,Dutch,19-44,vrije,vrije,v r ɛi j ə,,12,false,^vrije$,Dutch,72181920905150100,,,5. no evidence for borrowing,0.0,,,,analyzable derived,vrij-e [free-M],0.5,WNT,,,1376-1400,1.0,,,,,,,noun,,,,
Dutch-19-45-1,6765,Dutch,19-45,bevelen,bevelen,b ə v eː l ə,,12,false,^bevelen$,Dutch,72181920985164429,,,5. no evidence for borrowing,0.0,,,,analyzable derived,bevel-en [command-INF],0.5,EWB 1997,,,1100,1.0,,,,,,,verb,,,,
Dutch-19-45-2,6766,Dutch,19-45,opdragen,opdragen,ɔ b d r aː ɣ ə,,12,false,^opdragen$,Dutch,72181920271144908,,,5. no evidence for borrowing,0.0,,,,analyzable compound,op-drag-en [up-carry-INF],0.5,WNT,,,1266-1267,1.0,,,,,,,verb,,,,
Dutch-19-46-1,6767,Dutch,19-46,gehoorzamen,gehoorzamen,x ə h oː r z aː m ə,,12,false,^gehoorzamen$,Dutch,72181920201915515,,,5. no evidence for borrowing,0.0,,,,analyzable derived,gehoorzam-en [obedient-INF],0.5,WNT,,,1240,1.0,,,,,,,verb,,,,
Dutch-19-47-1,6768,Dutch,19-47,toestaan,toestaan,t uː s t aː n,,12,false,^toestaan$,Dutch,72181920193125428,,,5. no evidence for borrowing,0.0,,,,analyzable compound,toe-staan [to-stand-INF],0.5,WNT,,,1476,1.0,,,,,,,verb,,,,
Dutch-19-51-1,6769,Dutch,19-51,vriend,vriend,v r iː n t,,12,false,^vriend$,Dutch,72181920527897728,,,5. no evidence for borrowing,0.0,,,,unanalyzable,,1.0,EWB 1997,,,1100,1.0,,,,,,,noun,,,,
Dutch-19-52-1,6770,Dutch,19-52,vijand,vijand,v ɛi j ɑ n t,,12,false,^vijand$,Dutch,72181920575759296,,,5. no evidence for borrowing,0.0,,,,unanalyzable,,1.0,EWB 1997,,,0901-1000,1.0,,,,,,,noun,,,,
Dutch-19-54-1,6771,Dutch,19-54,buur,buur,b yː r,,12,false,^buur$,Dutch,72181920488772324,,,5. no evidence for borrowing,0.0,,,,unanalyzable,,1.0,EWB 1997,,,1265-1270,1.0,,,,,,,noun,,,,
Dutch-19-55-1,6772,Dutch,19-55,vreemdeling,vreemdeling,v r eː m d ə l ɪ ŋ,,12,true,^vreemdeling$,Dutch,72181920499791726,,,1. clearly borrowed,1.0,,,,semi-analyzable,vreemd-eling [strange-M],0.75,"Van der Sijs, Leenwoordenboek 2005; EWB 1997",,,1525,0.9,1. Highly integrated,present in pre-contact environment,Coexistence,,High German influence [12],,noun,,,,
Dutch-19-55-2,6773,Dutch,19-55,vreemde,vreemde,v r eː m d ə,,12,false,^vreemde$,Dutch,72181920867804597,,,5. no evidence for borrowing,0.0,,,,analyzable derived,vreemd-e [strange-M],0.5,WNT,,,1240,1.0,,,,,,,noun,,,,
Dutch-19-56-1,6774,Dutch,19-56,gast,gast,x ɑ s t,,12,false,^gast$,Dutch,72181920169147546,,,5. no evidence for borrowing,0.0,,,,unanalyzable,,1.0,EWB 1997,,,1236,1.0,,,,,,,noun,,,,
Dutch-19-57-1,6776,Dutch,19-57,gastheer,gastheer,x ɑ s t h eː r,,12,false,^gastheer$,Dutch,7218192085473478,,,5. no evidence for borrowing,0.0,,,,analyzable compound,gast-heer [guest-sir],0.5,WNT,,,1806-1807,0.8,,,,,,,noun,,,,
Dutch-19-58-1,6777,Dutch,19-58,helpen,helpen,h ɛ l p ə,,12,false,^helpen$,Dutch,72181920503747850,,,5. no evidence for borrowing,0.0,,,,semi-analyzable,help-en [?-INF],0.75,EWB 1997,,,0901-1000,1.0,,,,,,,verb,,,,
Dutch-19-59-1,6778,Dutch,19-59,verhinderen,verhinderen,v ə r h ɪ n d ə r ə,,12,false,^verhinderen$,Dutch,7218192086507941,,,5. no evidence for borrowing,0.0,,,,analyzable derived,ver-hinder-en [TR-hinder-INF],0.5,WNT,,,1552,0.9,,,,,,,verb,,,,
Dutch-19-59-2,6779,Dutch,19-59,weerhouden,weerhouden,ʋ eː r h ɑu d ə,,12,false,^weerhouden$,Dutch,72181920652932116,,,5. no evidence for borrowing,0.0,,,,analyzable compound,weer-houd-en [back-hold-INF],0.5,WNT,,,1301-1400,1.0,,,,,,,verb,,,,
Dutch-19-61-1,6780,Dutch,19-61,gewoonte,gewoonte,x ə ʋ oː n t ə,,12,false,^gewoonte$,Dutch,72181920576824672,,,5. no evidence for borrowing,0.0,,,,analyzable derived,gewoon-te [get used-PST PTCP-NMLZ],0.5,WNT,,,1236,1.0,,,,,,,noun,,,,
Dutch-19-62-1,6781,Dutch,19-62,ruzie,ruzie,r yː z iː,,12,false,^ruzie$,Dutch,72181920488517071,,,5. no evidence for borrowing,0.0,,,,unanalyzable,,1.0,EWB 1997,,,1644,0.9,,,,,,,noun,,,,
Dutch-19-63-1,6782,Dutch,19-63,samenzwering,samenzwering,s aː m ə n z ʋ eː r ɪ ŋ,,12,false,^samenzwering$,Dutch,72181920352635406,,,5. no evidence for borrowing,0.0,,,,analyzable derived,samen-zwer-ing [together-swear-NMLZ],0.5,WNT,,,1573,0.9,,,,,,,noun,,,,
Dutch-19-65-1,6783,Dutch,19-65,ontmoeten,ontmoeten,ɔ n t m uː t ə,,12,false,^ontmoeten$,Dutch,72181920151296863,,,5. no evidence for borrowing,0.0,,,,semi-analyzable,ont-moet-en [to-?-INF],0.75,EWB 1997,,,1265-1270,1.0,,,,,,,verb,,,,
Dutch-19-72-1,6784,Dutch,19-72,hoer,hoer,h uː r,,12,false,^hoer$,Dutch,72181920933906234,,,5. no evidence for borrowing,0.0,,,,unanalyzable,,1.0,EWB 1997,,,1240,1.0,,,,,,,noun,,,,
Dutch-19-72-2,6785,Dutch,19-72,prostituee,prostituee,p r ɔ s t iː t yː ʋ eː,,12,true,^prostituee$,Dutch,72181920596906328,,,1. clearly borrowed,1.0,,,,unanalyzable,,1.0,"Van der Sijs, Leenwoordenboek 2005",,,1878,0.8,1. Highly integrated,present in pre-contact environment,Coexistence,,French cultural influence [12],,noun,,,,
Dutch-20-11-1,6786,Dutch,20-11,strijden,strijden,s t r ɛi d ə,,12,false,^strijden$,Dutch,72181920432290028,,,5. no evidence for borrowing,0.0,,,,analyzable derived,strijd-en [fight-INF],0.5,WNT,,,1220-1240,1.0,,,,,,,verb,,,,
Dutch-20-11-2,6787,Dutch,20-11,vechten,vechten,v ɛ x t ə,,12,false,^vechten$,Dutch,72181920356186893,,,5. no evidence for borrowing,0.0,,,,semi-analyzable,vecht-en [?-INF],0.75,EWB 1997,,,0901-1000,1.0,,,,,,,verb,,,,
Dutch-20-13-1,6788,Dutch,20-13,oorlog,oorlog,oː r l ɔ x,,12,false,^oorlog$,Dutch,72181920210536790,,,5. no evidence for borrowing,0.0,,,,unanalyzable,,1.0,EWB 1997,,,1240,1.0,,,,,,,noun,,,,
Dutch-20-13-2,6789,Dutch,20-13,gevecht,gevecht,x ə v ɛ x t,,12,false,^gevecht$,Dutch,72181920727831471,,,5. no evidence for borrowing,0.0,,,,analyzable derived,ge-vecht [COLLECTIVE-fight],0.5,EWB 1997,,,1285,1.0,,,,,,,noun,,,,
Dutch-20-13-3,6790,Dutch,20-13,strijd,strijd,s t r ɛi t,,12,false,^strijd$,Dutch,72181920639225748,,,5. no evidence for borrowing,0.0,,,,unanalyzable,,1.0,EWB 1997,,,1220-1240,1.0,,,,,,,noun,,,,
Dutch-20-14-1,6791,Dutch,20-14,vrede,vrede,v r eː d ə,,12,false,^vrede$,Dutch,72181920279183506,,,5. no evidence for borrowing,0.0,,,,unanalyzable,,1.0,EWB 1997,,,0815,1.0,,,,,,,noun,,,,
Dutch-20-15-1,6792,Dutch,20-15,leger,leger,l eː ɣ ə r,,12,false,^leger$,Dutch,72181920190103406,,,5. no evidence for borrowing,0.0,,,,unanalyzable,,1.0,EWB 1997,,,1596,0.9,,,,,,,noun,,,,
Dutch-20-17-1,6793,Dutch,20-17,soldaat,soldaat,s ɔ l d aː t,,12,true,^soldaat$,Dutch,72181920260126337,,,1. clearly borrowed,1.0,,,,unanalyzable,,1.0,"Van der Sijs, Leenwoordenboek 2005; EWB 1997",,,1562,0.9,1. Highly integrated,present only since contact,Insertion,,French cultural influence [12],,noun,,,,
Dutch-20-21-1,6794,Dutch,20-21,wapens,wapens,ʋ aː p ə n s,,12,false,^wapens$,Dutch,72181920334143057,,,5. no evidence for borrowing,0.0,,,,unanalyzable,,1.0,EWB 1997,,,1237,1.0,,,,,,,noun,,,,
Dutch-20-22-1,6795,Dutch,20-22,knuppel,knuppel,k n ʏ p ə l,,12,false,^knuppel$,Dutch,72181920375120645,,,5. no evidence for borrowing,0.0,,,,unanalyzable,,1.0,EWB 1997,,,1654,0.9,,,,,,,noun,,,,
Dutch-20-222-1,6796,Dutch,20-222,strijdbijl,strijdbijl,s t r ɛi d b ɛi l,,12,false,^strijdbijl$,Dutch,72181920699177679,,,5. no evidence for borrowing,0.0,,,,analyzable compound,strijd-bijl [battle-axe],0.5,WNT,,,1847-1864,0.8,,,,,,,noun,,,,
Dutch-20-23-1,6797,Dutch,20-23,katapult,katapult,k ɑ t aː p ʏ l t,,12,true,^katapult$,Dutch,7218192046380560,,,1. clearly borrowed,1.0,,,,unanalyzable,,1.0,"Van der Sijs, Leenwoordenboek 2005; EWB 1997",,,1898,0.8,1. Highly integrated,present only since contact,Insertion,,French cultural influence [12],,noun,,,,
Dutch-20-24-1,6798,Dutch,20-24,boog (2),boog,b oː x,,12,false,^boog$,Dutch,72181920326061646,,,5. no evidence for borrowing,0.0,,,,analyzable derived,[bow-VERBAL ABSTRACT],0.5,EWB 1997,,,0901-1000,1.0,,,,,,,noun,,,,
Dutch-20-25-1,6799,Dutch,20-25,pijl,pijl,p ɛi l,,12,true,^pijl$,Dutch,72181920895465175,,,1. clearly borrowed,1.0,,,,unanalyzable,,1.0,"Van der Sijs, Leenwoordenboek 2005; EWB 1997",,,1373-1376,1.0,1. Highly integrated,present only since contact,Insertion,,Medical and scientific Latin influence [12],,noun,,,,
Dutch-20-26-1,6800,Dutch,20-26,speer,speer,s p eː r,,12,false,^speer$,Dutch,72181920717210647,,,5. no evidence for borrowing,0.0,,,,unanalyzable,,1.0,EWB 1997,,,1220-1240,1.0,,,,,,,noun,,,,
Dutch-20-27-1,6801,Dutch,20-27,zwaard,zwaard,z ʋ aː r t,,12,false,^zwaard$,Dutch,72181920465137475,,,5. no evidence for borrowing,0.0,,,,unanalyzable,,1.0,EWB 1997,,,0901-1000,1.0,,,,,,,noun,,,,
Dutch-20-28-1,6802,Dutch,20-28,geweer,geweer,x ə ʋ eː r,,12,false,^geweer$,Dutch,72181920348710673,,,5. no evidence for borrowing,0.0,,,,unanalyzable,,1.0,EWB 1997,,,1771,0.9,,,,,,,noun,,,,
Dutch-20-31-1,6803,Dutch,20-31,harnas,harnas,h ɑ r n ɑ s,,12,true,^harnas$,Dutch,72181920443053243,,,1. clearly borrowed,1.0,,,,unanalyzable,,1.0,"Van der Sijs, Leenwoordenboek 2005; EWB 1997",,,1250,1.0,1. Highly integrated,present only since contact,Insertion,,French cultural influence [12],,noun,,,,
Dutch-20-33-1,6804,Dutch,20-33,helm,helm,h ɛ l m,,12,false,^helm$,Dutch,72181920845223205,,,5. no evidence for borrowing,0.0,,,,unanalyzable,,1.0,EWB 1997,,,1080,1.0,,,,,,,noun,,,,
Dutch-20-34-1,6805,Dutch,20-34,schild,schild,s x ɪ l t,,12,false,^schild$,Dutch,72181920297229748,,,5. no evidence for borrowing,0.0,,,,unanalyzable,,1.0,EWB 1997,,,1100,1.0,,,,,,,noun,,,,
Dutch-20-35-1,6806,Dutch,20-35,vesting,vesting,v ɛ s t ɪ ŋ,,12,false,^vesting$,Dutch,7218192067646752,,,5. no evidence for borrowing,0.0,,,,unanalyzable,,1.0,EWB 1997,,,1267,1.0,,,,,,,noun,,,,
Dutch-20-36-1,6807,Dutch,20-36,toren,toren,t oː r ə,,12,true,^toren$,Dutch,72181920206808954,,,1. clearly borrowed,1.0,,,,unanalyzable,,1.0,"Van der Sijs, Leenwoordenboek 2005; EWB 1997",,,1201-1225,1.0,1. Highly integrated,present only since contact,Insertion,,Latin influence on Germanic [12],,noun,,,,
Dutch-20-41-1,6808,Dutch,20-41,overwinning,overwinning,oː v ə r ʋ ɪ n ɪ ŋ,,12,false,^overwinning$,Dutch,72181920474613119,,,5. no evidence for borrowing,0.0,,,,analyzable derived,over-winn-ing [over-win-NMLZ],0.5,WNT,,,1638,0.9,,,,,,,noun,,,,
Dutch-20-42-1,6809,Dutch,20-42,nederlaag,nederlaag,n eː d ə r l aː x,,12,true,^nederlaag$,Dutch,72181920636854934,,,1. clearly borrowed,1.0,,,,semi-analyzable,neder-laag [down-?],0.75,"Van der Sijs, Leenwoordenboek 2005; EWB 1997",,,1425,1.0,1. Highly integrated,present in pre-contact environment,Insertion,,High German influence [12],,noun,,,,
Dutch-20-43-1,6810,Dutch,20-43,aanval,aanval,aː n v ɑ l,,12,false,^aanval$,Dutch,72181920839084328,,,5. no evidence for borrowing,0.0,,,,analyzable compound,aan-val [on-fall],0.5,WNT,,,1393,1.0,,,,,,,noun,,,,
Dutch-20-44-1,6811,Dutch,20-44,verdedigen,verdedigen,v ə r d eː d ə ɣ ə,,12,false,^verdedigen$,Dutch,72181920591654160,,,5. no evidence for borrowing,0.0,,,,semi-analyzable,ver-ded-ig-en [TR-?-ADJ-INF],0.75,EWB 1997,,,1573,0.9,,,,,,,verb,,,,
Dutch-20-45-1,6812,Dutch,20-45,zich terugtrekken,zich_terugtrekken,z ɪ x + t ə r ʏ x t r ɛ k ə,,12,false,^zich_terugtrekken$,Dutch,72181920394198575,,,5. no evidence for borrowing,0.0,,,,analyzable derived,zich terug-trekk-en [REFL backwards-pull-INF],0.5,WNT,,,1850,0.8,,,,,,,verb,,,,
Dutch-20-46-1,6813,Dutch,20-46,zich overgeven,zich_overgeven,z ɪ x + oː v ə r ɣ eː v ə,,12,false,^zich_overgeven$,Dutch,72181920114825245,,,5. no evidence for borrowing,0.0,,,,analyzable derived,zich over-gev-en [REFL over-give-INF],0.5,WNT,,,1451-1500,1.0,,,,,,,verb,,,,
Dutch-20-47-1,6814,Dutch,20-47,gevangene,gevangene,x ə v ɑ ŋ ə n ə,,12,false,^gevangene$,Dutch,72181920359264917,,,5. no evidence for borrowing,0.0,,,,analyzable derived,ge-vangen-e [catch-PST PTCP-M],0.5,WNT,,,1285,1.0,,,,,,,noun,,,,
Dutch-20-471-1,6815,Dutch,20-471,bewaker,bewaker,b ə ʋ aː k ə r,,12,false,^bewaker$,Dutch,72181920832374816,,,5. no evidence for borrowing,0.0,,,,analyzable derived,be-wak-er [TR-wake-AGT],0.5,WNT,,,1755,0.9,,,,,,,noun,,,,
Dutch-20-48-1,6816,Dutch,20-48,buit,buit,b œy t,,12,false,^buit$,Dutch,72181920214294438,,,5. no evidence for borrowing,0.0,,,,unanalyzable,,1.0,EWB 1997,,,1573,0.9,,,,,,,noun,,,,
Dutch-20-49-1,6817,Dutch,20-49,hinderlaag,hinderlaag,h ɪ n d ə r l aː x,,12,true,^hinderlaag$,Dutch,72181920557842988,,"The wordform is changed in Dutch, perhaps  under the influence of nederlaag",1. clearly borrowed,1.0,,,,semi-analyzable,hinder-laag [hinder-?],0.75,WNT,,,1710,0.9,1. Highly integrated,present in pre-contact environment,Insertion,,High German influence [12],,noun,,,,
Dutch-20-51-1,6818,Dutch,20-51,visser,visser,v ɪ s ə r,,12,false,^visser$,Dutch,72181920145392995,,,5. no evidence for borrowing,0.0,,,,analyzable derived,viss-er [fish-AGT],0.5,WNT,,,1240,1.0,,,,,,,noun,,,,
Dutch-20-52-1,6819,Dutch,20-52,vishaak,vishaak,v ɪ s h aː k,,12,false,^vishaak$,Dutch,7218192079216305,,,5. no evidence for borrowing,0.0,,,,analyzable compound,vis-haak [fish-hook],0.5,WNT,,,1538,0.9,,,,,,,noun,,,,
Dutch-20-53-1,6820,Dutch,20-53,vislijn,vislijn,v ɪ s l ɛi n,,12,false,^vislijn$,Dutch,72181920447661373,,,5. no evidence for borrowing,0.0,,,,analyzable compound,vis-lijn [fish-line],0.5,WNT,,,1602,0.9,,,,,,,noun,,,,
Dutch-20-54-1,6821,Dutch,20-54,visnet,visnet,v ɪ s n ɛ t,,12,false,^visnet$,Dutch,72181920663181493,,,5. no evidence for borrowing,0.0,,,,analyzable compound,vis-net [fish-net],0.5,WNT,,,1552,0.9,,,,,,,noun,,,,
Dutch-20-55-1,6822,Dutch,20-55,fuik,fuik,f œy k,,12,false,^fuik$,Dutch,72181920673824147,,,5. no evidence for borrowing,0.0,,,,unanalyzable,,1.0,EWB 1997,,,1383,1.0,,,,,,,noun,,,,
Dutch-20-56-1,6823,Dutch,20-56,aas,aas,aː s,,12,false,^aas$,Dutch,72181920981543306,,,5. no evidence for borrowing,0.0,,,,unanalyzable,,1.0,EWB 1997,,,1287,1.0,,,,,,,noun,,,,
Dutch-20-61-1,6824,Dutch,20-61,jagen,jagen,j aː ɣ ə,,12,false,^jagen$,Dutch,72181920851920449,,,5. no evidence for borrowing,0.0,,,,semi-analyzable,jag-en [?-INF],0.75,EWB 1997,,,1240,1.0,,,,,,,verb,,,,
Dutch-20-62-1,6825,Dutch,20-62,schieten,schieten,s x iː t ə,,12,false,^schieten$,Dutch,72181920528021042,,,5. no evidence for borrowing,0.0,,,,semi-analyzable,schiet-en [?-INF],0.75,EWB 1997,,,0901-1000,1.0,,,,,,,verb,,,,
Dutch-20-63-1,6826,Dutch,20-63,missen,missen,m ɪ s ə,,12,false,^missen$,Dutch,72181920764604564,,,5. no evidence for borrowing,0.0,,,,analyzable derived,miss-en [wrong-INF],0.5,EWB 1997,,,1200,1.0,,,,,,,verb,,,,
Dutch-20-64-1,6827,Dutch,20-64,val,val,v ɑ l,,12,false,^val$,Dutch,72181920779811216,,,5. no evidence for borrowing,0.0,,,,analyzable derived,[fall-VERBAL ABSTRACT],0.5,EWB 1997,,,1448,1.0,,,,,,,noun,,,,
Dutch-20-64-2,6828,Dutch,20-64,strik,strik,s t r ɪ k,,12,false,^strik$,Dutch,72181920705028154,,,5. no evidence for borrowing,0.0,,,,unanalyzable,,1.0,EWB 1997,,,0901-1000,1.0,,,,,,,noun,,,,
Dutch-20-65-1,6829,Dutch,20-65,vangen,vangen,v ɑ ŋ ə,,12,false,^vangen$,Dutch,72181920568928020,,,5. no evidence for borrowing,0.0,,,,semi-analyzable,vang-en [?-INF],0.75,EWB 1997,,,1279,1.0,,,,,,,verb,,,,
Dutch-21-11-1,6830,Dutch,21-11,wet,wet,ʋ ɛ t,,12,false,^wet$,Dutch,72181920929782632,,,5. no evidence for borrowing,0.0,,,,unanalyzable,,1.0,EWB 1997,,,0901-1000,1.0,,,,,,,noun,,,,
Dutch-21-15-1,6831,Dutch,21-15,rechtbank,rechtbank,r ɛ ɣ d b ɑ ŋ k,,12,false,^rechtbank$,Dutch,72181920928964346,,,5. no evidence for borrowing,0.0,second element is loaned,yes,,analyzable compound,recht-bank [justice-bank],0.5,WNT,,,1469,1.0,,,,,,,noun,,,,
Dutch-12-013-1,6344,Dutch,12-013,op,op,ɔ p,,12,false,^op$,Dutch,7218192072510063,,,5. no evidence for borrowing,0.0,,,,unanalyzable,,1.0,EWB 1997,,,0777,1.0,,,,,,,function word,,,,
Dutch-12-013-2,6345,Dutch,12-013,te,te,t ə,,12,false,^te$,Dutch,72181920176782904,,,5. no evidence for borrowing,0.0,,,,unanalyzable,,1.0,EWB 1997,,,0901-1000,1.0,,,,,,,function word,,,,
Dutch-12-013-3,6346,Dutch,12-013,in,in,ɪ n,,12,false,^in$,Dutch,72181920365229368,,,5. no evidence for borrowing,0.0,,,,unanalyzable,,1.0,EWB 1997,,,0776-800,1.0,,,,,,,function word,,,,
Dutch-21-16-1,6832,Dutch,21-16,rechtspreken,rechtspreken,r ɛ x t s p r eː k ə,,12,false,^rechtspreken$,Dutch,72181920765759194,,,5. no evidence for borrowing,0.0,,,,analyzable compound,recht-sprek-en [justice-speak-INF],0.5,WNT,,,1666,0.9,,,,,,,verb,,,,
Dutch-21-17-1,6833,Dutch,21-17,vonnis,vonnis,v ɔ n ə s,,12,false,^vonnis$,Dutch,72181920393670131,,,5. no evidence for borrowing,0.0,,,,semi-analyzable,vonn-is [?-NMLZ],0.75,EWB 1997,,,1237,1.0,,,,,,,noun,,,,
Dutch-21-18-1,6834,Dutch,21-18,rechter,rechter,r ɛ x t ə r,,12,false,^rechter$,Dutch,72181920297230375,,,5. no evidence for borrowing,0.0,,,,analyzable derived,recht-er [justice-AGT],0.5,EWB 1997,,,1240,1.0,,,,,,,noun,,,,
Dutch-21-21-1,6835,Dutch,21-21,aanklager,aanklager,aː ŋ k l aː ɣ ə r,,12,false,^aanklager$,Dutch,72181920745514778,,,5. no evidence for borrowing,0.0,,,,analyzable derived,aan-klag-er [on-complain-AGT],0.5,WNT,,,1413,1.0,,,,,,,noun,,,,
Dutch-21-22-1,6836,Dutch,21-22,gedaagde,gedaagde,x ə d aː ɣ d ə,,12,false,^gedaagde$,Dutch,72181920444354743,,,5. no evidence for borrowing,0.0,,,,analyzable derived,ge-daagd-e [summon-PST PTCP-M],0.5,WNT,,,1329,1.0,,,,,,,noun,,,,
Dutch-21-22-2,6837,Dutch,21-22,verdachte,verdachte,v ə r d ɑ x t ə,,12,false,^verdachte$,Dutch,72181920711423950,,,5. no evidence for borrowing,0.0,,,,analyzable derived,ver-dacht-e [TR-think-VERBAL ABSTRACT-M],0.5,WNT,,,1855,0.8,,,,,,,noun,,,,
Dutch-21-23-1,6838,Dutch,21-23,getuige,getuige,x ə t œy ɣ ə,,12,false,^getuige$,Dutch,72181920157071144,,,5. no evidence for borrowing,0.0,,,,analyzable derived,getuig-e [testify-M],0.5,EWB 1997,,,1240,1.0,,,,,,,noun,,,,
Dutch-21-24-1,6839,Dutch,21-24,zweren,zweren,z ʋ eː r ə,,12,false,^zweren$,Dutch,72181920981767419,,,5. no evidence for borrowing,0.0,,,,semi-analyzable,zwer-en [?-INF],0.75,EWB 1997,,,0901-1000,1.0,,,,,,,verb,,,,
Dutch-21-25-1,6840,Dutch,21-25,eed,eed,eː t,,12,false,^eed$,Dutch,72181920788109222,,,3. perhaps borrowed,0.5,source unknown: either loaned from Celtic into Germanic or vice versa,,,unanalyzable,,1.0,"Van der Sijs, Leenwoordenboek 2005; EWB 1997",,,1236,1.0,1. Highly integrated,present only since contact,Insertion,,Celtic influence on Germanic [12],,noun,,,,
Dutch-21-31-1,6841,Dutch,21-31,beschuldigen,beschuldigen,b ə s x ʏ l d ə ɣ ə,,12,false,^beschuldigen$,Dutch,72181920902319188,,,5. no evidence for borrowing,0.0,,,,analyzable derived,be-schuld-ig-en [TR-guilt-ADJ-INF],0.5,EWB 1997,,,1256-1299,1.0,,,,,,,verb,,,,
Dutch-21-32-1,6842,Dutch,21-32,veroordelen,veroordelen,v ə r oː r d eː l ə,,12,false,^veroordelen$,Dutch,72181920760978345,,,5. no evidence for borrowing,0.0,,,,analyzable derived,ver-oordel-en [TR-judgement-INF],0.5,WNT,,,1250,1.0,,,,,,,verb,,,,
Dutch-21-33-1,6843,Dutch,21-33,veroordelen,veroordelen,v ə r oː r d eː l ə,,12,false,^veroordelen$,Dutch,72181920760978345,,,5. no evidence for borrowing,0.0,,,,analyzable derived,ver-oordel-en [TR-judgement-INF],0.5,WNT,,,1250,1.0,,,,,,,verb,,,,
Dutch-21-34-1,6844,Dutch,21-34,vrijspreken,vrijspreken,v r ɛi s p r eː k ə,,12,false,^vrijspreken$,Dutch,72181920188896620,,,5. no evidence for borrowing,0.0,,,,analyzable compound,vrij-sprek-en [free-pronounce-INF],0.5,WNT,,,1654,0.9,,,,,,,verb,,,,
Dutch-21-35-1,6845,Dutch,21-35,schuldig,schuldig,s x ʏ l d ə x,,12,false,^schuldig$,Dutch,72181920425583511,,,5. no evidence for borrowing,0.0,,,,analyzable derived,schuld-ig [guilt-ADJ],0.5,WNT,,,1236,1.0,,,,,,,adjective,,,,
Dutch-21-36-1,6846,Dutch,21-36,onschuldig,onschuldig,ɔ n s x ʏ l d ə x,,12,false,^onschuldig$,Dutch,7218192035637810,,,5. no evidence for borrowing,0.0,,,,analyzable derived,on-schuld-ig [NEG-guilt-ADJ],0.5,WNT,,,1240,1.0,,,,,,,adjective,,,,
Dutch-21-37-1,6847,Dutch,21-37,straf,straf,s t r ɑ f,,12,true,^straf$,Dutch,72181920532523334,,,1. clearly borrowed,1.0,,,,unanalyzable,,1.0,"Van der Sijs, Leenwoordenboek 2005; EWB 1997",,,1542,0.9,1. Highly integrated,present in pre-contact environment,Replacement,,High German influence [12],,noun,,,,
Dutch-21-38-1,6848,Dutch,21-38,boete,boete,b uː t ə,,12,false,^boete$,Dutch,72181920557511740,,,5. no evidence for borrowing,0.0,,,,unanalyzable,,1.0,EWB 1997,,,1254,1.0,,,,,,,noun,,,,
Dutch-21-39-1,6849,Dutch,21-39,gevangenis,gevangenis,x ə v ɑ ŋ ə n ɪ s,,12,false,^gevangenis$,Dutch,72181920862892144,,,5. no evidence for borrowing,0.0,,,,analyzable derived,ge-vangen-is [catch-PST PTCP-NMLZ],0.5,EWB 1997,,,1281-1282,1.0,,,,,,,noun,,,,
Dutch-21-42-1,6850,Dutch,21-42,moord,moord,m oː r t,,12,false,^moord$,Dutch,72181920451627257,,,5. no evidence for borrowing,0.0,,,,unanalyzable,,1.0,WNT,,,1260-1280,1.0,,,,,,,noun,,,,
Dutch-21-43-1,6851,Dutch,21-43,overspel,overspel,oː v ə r s p ɛ l,,12,false,^overspel$,Dutch,72181920311054655,,,5. no evidence for borrowing,0.0,,,,analyzable compound,over-spel [over-game],0.5,EWB 1997,,,1287,1.0,,,,,,,noun,,,,
Dutch-21-44-1,6852,Dutch,21-44,aanranding,aanranding,aː n r ɑ n d ɪ ŋ,,12,false,^aanranding$,Dutch,72181920490822452,,,5. no evidence for borrowing,0.0,,,,analyzable derived,aan-rand-ing [on-border-NMLZ],0.5,WNT,,,1789,0.9,,,,,,,noun,,,,
Dutch-21-46-1,6853,Dutch,21-46,brandstichting,brandstichting,b r ɑ n t s t ɪ x t ɪ ŋ,,12,false,^brandstichting$,Dutch,7218192044067536,,,5. no evidence for borrowing,0.0,,,,analyzable derived,brand-sticht-ing [fire-start-NMLZ],0.5,WNT,,,1488,1.0,,,,,,,noun,,,,
Dutch-21-47-1,6854,Dutch,21-47,meineed,meineed,m ɛi n eː t,,12,false,^meineed$,Dutch,72181920127131445,,,5. no evidence for borrowing,0.0,"source of second element is unknown (see 21.25), first element and composition is Germanic",,,semi-analyzable,mein-eed [?-oath],0.75,EWB 1997,,,1240,1.0,,,,,,,noun,,,,
Dutch-21-51-1,6855,Dutch,21-51,stelen,stelen,s t eː l ə,,12,false,^stelen$,Dutch,72181920758286163,,,5. no evidence for borrowing,0.0,,,,semi-analyzable,stel-en [?-INF],0.75,EWB 1997,,,1240,1.0,,,,,,,verb,,,,
Dutch-21-52-1,6856,Dutch,21-52,dief,dief,d iː f,,12,false,^dief$,Dutch,72181920654848131,,,5. no evidence for borrowing,0.0,,,,unanalyzable,,1.0,EWB 1997,,,1240,1.0,,,,,,,noun,,,,
Dutch-22-11-1,6857,Dutch,22-11,godsdienst,godsdienst,x ɔ d z d iː n s t,,12,false,^godsdienst$,Dutch,72181920147426421,,,5. no evidence for borrowing,0.0,,,,analyzable compound,god-s-dienst [god-GEN-service],0.5,WNT,,,1301-1400,1.0,,,,,,,noun,,,,
Dutch-22-12-1,6858,Dutch,22-12,god,god,x ɔ t,,12,false,^god$,Dutch,72181920984038476,,,5. no evidence for borrowing,0.0,,,,unanalyzable,,1.0,EWB 1997,,,0776-800,1.0,,,,,,,noun,,,,
Dutch-22-13-1,6859,Dutch,22-13,tempel,tempel,t ɛ m p ə l,,12,true,^tempel$,Dutch,72181920984463473,,,1. clearly borrowed,1.0,,,,unanalyzable,,1.0,"Van der Sijs, Leenwoordenboek 2005; EWB 1997",,,1271-1272,1.0,1. Highly integrated,present only since contact,Insertion,,Church Latin influence [12],,noun,,,,
Dutch-22-14-1,6862,Dutch,22-14,altaar,altaar,ɑ l t aː r,,12,true,^altaar$,Dutch,72181920202467666,,,1. clearly borrowed,1.0,,,,unanalyzable,,1.0,"Van der Sijs, Leenwoordenboek 2005; EWB 1997",,,1200,1.0,1. Highly integrated,present only since contact,Insertion,,Church Latin influence [12],,noun,,,,
Dutch-22-15-1,6863,Dutch,22-15,offer,offer,ɔ f ə r,,12,true,^offer$,Dutch,72181920208964386,,,1. clearly borrowed,1.0,,,,unanalyzable,,1.0,"Van der Sijs, Leenwoordenboek 2005; EWB 1997",,,1100,1.0,1. Highly integrated,present only since contact,Insertion,,Church Latin influence [12],,noun,,,,
Dutch-22-16-1,6864,Dutch,22-16,aanbidden,aanbidden,aː m b ɪ d ə,,12,false,^aanbidden$,Dutch,72181920632091848,,,5. no evidence for borrowing,0.0,,,,analyzable compound,aan-bidd-en [on-pray-INF],0.5,EWB 1997,,,1240,1.0,1. Highly integrated,present only since contact,Insertion,,Church Latin influence [12],4. Clearly calqued,verb,,,,
Dutch-22-16-2,6865,Dutch,22-16,vereren,vereren,v ə r eː r ə,,12,false,^vereren$,Dutch,72181920336075019,,,5. no evidence for borrowing,0.0,,,,analyzable derived,ver-er-en [TR-honour-INF],0.5,EWB 1997,,,1544,0.9,,,,,,,verb,,,,
Dutch-22-17-1,6866,Dutch,22-17,bidden,bidden,b ɪ d ə,,12,false,^bidden$,Dutch,72181920783138410,,,5. no evidence for borrowing,0.0,,,,semi-analyzable,bidd-en [?-INF],0.75,EWB 1997,,,0901-1000,1.0,,,,,,,verb,,,,
Dutch-22-18-1,6867,Dutch,22-18,priester,priester,p r iː s t ə r,,12,true,^priester$,Dutch,72181920839551837,,,1. clearly borrowed,1.0,,,,unanalyzable,,1.0,"Van der Sijs, Leenwoordenboek 2005; EWB 1997",,,1236,1.0,1. Highly integrated,present only since contact,Insertion,,Church Latin influence [12],,noun,,,,
Dutch-22-19-1,6868,Dutch,22-19,heilig,heilig,h ɛi l ə x,,12,false,^heilig$,Dutch,72181920513997049,,,5. no evidence for borrowing,0.0,,,,analyzable derived,heil-ig [salvation-ADJ],0.5,EWB 1997,,,0776-800,1.0,,,,,,,adjective,,,,
Dutch-22-22-1,6869,Dutch,22-22,preken,preken,p r eː k ə,,12,true,^preken$,Dutch,7218192047383058,,,1. clearly borrowed,1.0,,,,semi-analyzable,prek-en [?-INF],0.75,WNT,,,1200,1.0,1. Highly integrated,present only since contact,Insertion,,Church Latin influence [12],,verb,,,,
Dutch-22-23-1,6870,Dutch,22-23,zegenen,zegenen,z eː ɣ ə n ə,,12,true,^zegenen$,Dutch,72181920466533468,,,1. clearly borrowed,1.0,,,,semi-analyzable,zegen-en []?-INF],0.75,WNT,,,1265-1270,1.0,1. Highly integrated,present only since contact,Insertion,,Church Latin influence [12],,verb,,,,
Dutch-22-24-1,6871,Dutch,22-24,vervloeken,vervloeken,v ə r v l uː k ə,,12,false,^vervloeken$,Dutch,72181920362202662,,,5. no evidence for borrowing,0.0,,,,analyzable derived,ver-vloek-en [TR-curse-INF],0.5,WNT,,,1401-1450,1.0,,,,,,,verb,,,,
Dutch-22-26-1,6872,Dutch,22-26,vasten,vasten,v ɑ s t ə,,12,false,^vasten$,Dutch,72181920495557122,,,5. no evidence for borrowing,0.0,,,,analyzable derived,vast-en [firm-INF],0.5,EWB 1997,,,1240,1.0,,,,,,,verb,,,,
Dutch-22-31-1,6873,Dutch,22-31,hemel,hemel,h eː m ə l,,12,false,^hemel$,Dutch,72181920984583705,,,5. no evidence for borrowing,0.0,,,,unanalyzable,,1.0,EWB 1997,,,0901-1000,1.0,,,,,,,noun,,,,
Dutch-22-32-1,6874,Dutch,22-32,hel (2),hel,h ɛ l,,12,false,^hel$,Dutch,72181920293166186,,,5. no evidence for borrowing,0.0,,,,unanalyzable,,1.0,EWB 1997,,,0901-1000,1.0,,,,,,,noun,,,,
Dutch-22-35-1,6875,Dutch,22-35,demon,demon,d eː m ɔ n,,12,true,^demon$,Dutch,72181920842812301,,,1. clearly borrowed,1.0,,,,unanalyzable,,1.0,"Van der Sijs, Leenwoordenboek 2005; EWB 1997",,,1721,0.9,1. Highly integrated,present only since contact,Insertion,,Medical and scientific Latin influence [12],,noun,,,,
Dutch-22-37-1,6876,Dutch,22-37,afgod,afgod,ɑ f x ɔ t,,12,false,^afgod$,Dutch,72181920242719370,,,5. no evidence for borrowing,0.0,,,,analyzable compound,af-god [off-god],0.5,EWB 1997,,,1240,1.0,,,,,,,noun,,,,
Dutch-22-42-1,6877,Dutch,22-42,toverij,toverij,t oː v ə r ɛi,,12,false,^toverij$,Dutch,72181920699612266,,,5. no evidence for borrowing,0.0,the suffix -ij is loaned from French,yes,,analyzable derived,tover-ij [conjure-NMLZ],0.5,WNT,,,1240,1.0,,,,,,,noun,,,,
Dutch-22-43-1,6878,Dutch,22-43,heks,heks,h ɛ k s,,12,true,^heks$,Dutch,72181920872305786,,,1. clearly borrowed,1.0,,,,unanalyzable,,1.0,"Van der Sijs, Leenwoordenboek 2005; EWB 1997",,,1562,0.9,1. Highly integrated,present in pre-contact environment,Coexistence,,High German influence [12],,noun,,,,
Dutch-22-43-2,6879,Dutch,22-43,tovenaar,tovenaar,t oː v ə n aː r,,12,false,^tovenaar$,Dutch,72181920599747499,,,5. no evidence for borrowing,0.0,,,,analyzable derived,toven-aar [conjure-AGT],0.5,WNT,,,1240,1.0,,,,,,,noun,,,,
Dutch-22-44-1,6880,Dutch,22-44,elf (2),elf,ɛ l f,,12,true,^elf$,Dutch,72181920573184686,,,1. clearly borrowed,1.0,,,,unanalyzable,,1.0,"Van der Sijs, Leenwoordenboek 2005; EWB 1997",,,1855-1857,0.8,1. Highly integrated,present in pre-contact environment,Replacement,,High German influence [12],,noun,,,,
Dutch-22-44-2,6881,Dutch,22-44,fee,fee,f eː,,12,true,^fee$,Dutch,7218192039127819,,,1. clearly borrowed,1.0,,,,unanalyzable,,1.0,"Van der Sijs, Leenwoordenboek 2005; EWB 1997",,,1871,0.8,1. Highly integrated,present in pre-contact environment,Replacement,,French cultural influence [12],,noun,,,,
Dutch-22-45-1,6882,Dutch,22-45,spook,spook,s p oː k,,12,false,^spook$,Dutch,72181920734555298,,,5. no evidence for borrowing,0.0,,,,unanalyzable,,1.0,EWB 1997,,,1477,1.0,,,,,,,noun,,,,
Dutch-22-47-1,6883,Dutch,22-47,voorteken,voorteken,v oː r t eː k ə,,12,false,^voorteken$,Dutch,7218192081625411,,,5. no evidence for borrowing,0.0,,,,analyzable compound,voor-teken [before-sign],0.5,WNT,,,1240,1.0,,,,,,,noun,,,,
Dutch-23-1-1,6887,Dutch,23-1,radio,radio,r aː d iː j oː,,12,true,^radio$,Dutch,72181920614319559,,,1. clearly borrowed,1.0,,,,unanalyzable,,1.0,"Van der Sijs, Leenwoordenboek 2005; EWB 1997",,,1904,0.7,1. Highly integrated,present only since contact,Insertion,,English/American world-wide influence [12],,noun,,,,
Dutch-23-11-1,6888,Dutch,23-11,televisie,televisie,t eː l ə v iː z iː,,12,true,^televisie$,Dutch,72181920545957400,,,1. clearly borrowed,1.0,,,,unanalyzable,,1.0,"Van der Sijs, Leenwoordenboek 2005; EWB 1997",,,1914,0.7,1. Highly integrated,present only since contact,Insertion,,English/American world-wide influence [12],,noun,,,,
Dutch-23-12-1,6889,Dutch,23-12,telefoon,telefoon,t eː l ə f oː n,,12,true,^telefoon$,Dutch,72181920268661068,,,1. clearly borrowed,1.0,,,,unanalyzable,,1.0,"Van der Sijs, Leenwoordenboek 2005; EWB 1997",,,1875,0.8,1. Highly integrated,present only since contact,Insertion,,French cultural influence [12],,noun,,,,
Dutch-23-135-1,6891,Dutch,23-135,motorfiets,motorfiets,m oː t ɔ r f iː t s,,12,false,^motorfiets$,Dutch,72181920935116629,,,5. no evidence for borrowing,0.0,"The first element is loaned from Latin, source of second element is unknown, compound is made in Dutch.",yes,,analyzable compound,motor-fiets [motor-bicycle],0.5,WNT,,,1902,0.7,,,,,,,noun,,,,
Dutch-23-14-1,6892,Dutch,23-14,auto,auto,ɑu t oː,,12,true,^auto$,Dutch,72181920492215070,,,1. clearly borrowed,1.0,,,,unanalyzable,,1.0,"Van der Sijs, Leenwoordenboek 2005; EWB 1997",,,1899,0.8,1. Highly integrated,present only since contact,Insertion,,English/American world-wide influence [12],,noun,,,,
Dutch-23-15-1,6893,Dutch,23-15,bus,bus,b ʏ s,,12,true,^bus$,Dutch,72181920250134341,,,1. clearly borrowed,1.0,,,,unanalyzable,,1.0,"Van der Sijs, Leenwoordenboek 2005; EWB 1997",,,1887,0.8,1. Highly integrated,present only since contact,Insertion,,English/American world-wide influence [12],,noun,,,,
Dutch-23-16-1,6895,Dutch,23-16,vliegtuig,vliegtuig,v l iː x t œy x,,12,false,^vliegtuig$,Dutch,72181920598824716,,,5. no evidence for borrowing,0.0,,,,analyzable compound,vlieg-tuig [fly-gear],0.5,EWB 1997,,,1911,0.7,,,,,,,noun,,,,
Dutch-23-17-1,6896,Dutch,23-17,elektriciteit,elektriciteit,eː l ɛ k t r iː s iː t ɛi t,,12,true,^elektriciteit$,Dutch,72181920181579664,,,1. clearly borrowed,1.0,,,,unanalyzable,,1.0,WNT,,,1736,0.9,1. Highly integrated,present only since contact,Insertion,,French cultural influence [12],,noun,,,,
Dutch-23-175-1,6897,Dutch,23-175,batterij,batterij,b ɑ t ə r ɛi,,12,true,^batterij$,Dutch,7218192016678484,,,1. clearly borrowed,1.0,,,,unanalyzable,,1.0,"Van der Sijs, Leenwoordenboek 2005; EWB 1997",,,1889,0.8,1. Highly integrated,present only since contact,Insertion,,French cultural influence [12],,noun,,,,
Dutch-23-2-1,6902,Dutch,23-2,ziekenhuis,ziekenhuis,z iː k ə h œy s,,12,false,^ziekenhuis$,Dutch,72181920768857030,,,5. no evidence for borrowing,0.0,,,,analyzable compound,zieken-huis [sick-house],0.5,WNT,,,1276-1300,1.0,,,,,,,noun,,,,
Dutch-23-21-1,6903,Dutch,23-21,verpleegster,verpleegster,v ə r p l eː x s t ə r,,12,false,^verpleegster$,Dutch,72181920996155066,,,5. no evidence for borrowing,0.0,,,,analyzable derived,ver-pleeg-ster [TR-care-AGT-F],0.5,WNT,,,1857,0.8,,,,,,,noun,,,,
Dutch-23-22-1,6904,Dutch,23-22,pil,pil,p ɪ l,,12,true,^pil$,Dutch,72181920342005694,,,1. clearly borrowed,1.0,,,,unanalyzable,,1.0,"Van der Sijs, Leenwoordenboek 2005; EWB 1997",,,1351,1.0,1. Highly integrated,present only since contact,Insertion,,Medical and scientific Latin influence [12],,noun,,,,
Dutch-23-23-1,6905,Dutch,23-23,injectie,injectie,ɪ n j ɛ k s iː,,12,true,^injectie$,Dutch,72181920994888281,,,1. clearly borrowed,1.0,,,,unanalyzable,,1.0,"Van der Sijs, Leenwoordenboek 2005; EWB 1997",,,1778,0.9,1. Highly integrated,present only since contact,Insertion,,French cultural influence [12],,noun,,,,
Dutch-23-5-1,6924,Dutch,23-5,kraan,kraan,k r aː n,,12,false,^kraan$,Dutch,72181920390551421,,,5. no evidence for borrowing,0.0,,,,unanalyzable,,1.0,EWB 1997,,,1354,1.0,,,,,,,noun,,,,
Dutch-23-51-1,6925,Dutch,23-51,gootsteen,gootsteen,x oː t s t eː n,,12,false,^gootsteen$,Dutch,72181920602471294,,,5. no evidence for borrowing,0.0,,,,analyzable compound,goot-steen [drain-stone],0.5,WNT,,,1710,0.9,,,,,,,noun,,,,
Dutch-23-52-1,6926,Dutch,23-52,toilet,toilet,t ʋ ɑ l ɛ t,,12,true,^toilet$,Dutch,72181920400275455,,,1. clearly borrowed,1.0,,,,unanalyzable,,1.0,"Van der Sijs, Leenwoordenboek 2005; EWB 1997",,,1914,0.7,1. Highly integrated,present in pre-contact environment,Coexistence,,French cultural influence [12],,noun,,,,
Dutch-23-52-2,6927,Dutch,23-52,wc,wc,ʋ eɪ s eɪ,,12,true,^wc$,Dutch,72181920654277714,,,1. clearly borrowed,1.0,,,,unanalyzable,,1.0,"Van der Sijs, Leenwoordenboek 2005; EWB 1997",,,1906,0.7,1. Highly integrated,present in pre-contact environment,Coexistence,,English/American world-wide influence [12],,noun,,,,
Dutch-23-53-1,6928,Dutch,23-53,matras,matras,m ɑ t r ɑ s,,12,true,^matras$,Dutch,7218192042858904,,,1. clearly borrowed,1.0,,,,unanalyzable,,1.0,"Van der Sijs, Leenwoordenboek 2005; EWB 1997",,,1384-1407,1.0,1. Highly integrated,present only since contact,Insertion,,French cultural influence [12],,noun,,,,
Dutch-23-3-1,6907,Dutch,23-3,regering,regering,r ə ɣ eː r ɪ ŋ,,12,false,^regering$,Dutch,72181920558469055,,,5. no evidence for borrowing,0.0,verb regeren is loaned,yes,,analyzable derived,reger-ing [reign-NMLZ],0.5,WNT,,,1556,0.9,,,,,,,noun,,,,
Dutch-23-31-1,6908,Dutch,23-31,president,president,p r eː z iː d ɛ n t,,12,true,^president$,Dutch,72181920840866584,,,1. clearly borrowed,1.0,,,,unanalyzable,,1.0,"Van der Sijs, Leenwoordenboek 2005; EWB 1997",,,1830,0.8,1. Highly integrated,present only since contact,Insertion,,French cultural influence [12],,noun,,,,
Dutch-23-32-1,6909,Dutch,23-32,minister,minister,m iː n ɪ s t ə r,,12,true,^minister$,Dutch,7218192098404804,,,1. clearly borrowed,1.0,,,,unanalyzable,,1.0,"Van der Sijs, Leenwoordenboek 2005; EWB 1997",,,1698,0.9,1. Highly integrated,present only since contact,Insertion,,French cultural influence [12],,noun,,,,
Dutch-23-33-1,6910,Dutch,23-33,politie,politie,p oː l iː t s iː,,12,true,^politie$,Dutch,72181920788647252,,,1. clearly borrowed,1.0,,,,unanalyzable,,1.0,"Van der Sijs, Leenwoordenboek 2005; EWB 1997",,,1798,0.9,1. Highly integrated,present only since contact,Insertion,,French cultural influence [12],,noun,,,,
Dutch-23-34-1,6911,Dutch,23-34,rijbewijs,rijbewijs,r ɛi b ə ʋ ɛi s,,12,false,^rijbewijs$,Dutch,72181920641536271,,,5. no evidence for borrowing,0.0,,,,analyzable compound,rij-bewijs [drive-proof],0.5,WNT,,,1905,0.7,,,,,,,noun,,,,
Dutch-23-37-1,6914,Dutch,23-37,misdaad,misdaad,m ɪ z d aː t,,12,false,^misdaad$,Dutch,72181920873367790,,,5. no evidence for borrowing,0.0,,,,analyzable derived,mis-daad [wrong-do-VERBAL ABSTRACT],0.5,EWB 1997,,,0901-1000,1.0,,,,,,,noun,,,,
Dutch-23-38-1,6915,Dutch,23-38,verkiezing,verkiezing,v ə r k iː z ɪ ŋ,,12,false,^verkiezing$,Dutch,72181920560428174,,,5. no evidence for borrowing,0.0,,,,analyzable derived,ver-kiez-ing [TR-choose-NMLZ],0.5,WNT,,,1420,1.0,,,,,,,noun,,,,
Dutch-23-4-1,6919,Dutch,23-4,post (2),post,p ɔ s t,,12,true,^post$,Dutch,72181920616610133,,,1. clearly borrowed,1.0,,,,unanalyzable,,1.0,"Van der Sijs, Leenwoordenboek 2005; EWB 1997",,,1525,0.9,1. Highly integrated,present only since contact,Insertion,,French cultural influence [12],,noun,,,,
Dutch-23-41-1,6920,Dutch,23-41,postzegel,postzegel,p ɔ s t s eː ɣ ə l,,12,false,^postzegel$,Dutch,72181920558184732,,,5. no evidence for borrowing,0.0,"Both elements are loaned (from French and Latin), but the compount itself is made in Dutch.",yes,,analyzable compound,post-zegel [post-stamp],0.5,WNT,,,1850,0.8,,,,,,,noun,,,,
Dutch-23-42-1,6921,Dutch,23-42,brief,brief,b r iː f,,12,true,^brief$,Dutch,72181920874258787,,,1. clearly borrowed,1.0,,,,unanalyzable,,1.0,"Van der Sijs, Leenwoordenboek 2005; EWB 1997",,,1236,1.0,1. Highly integrated,present only since contact,Insertion,,Church Latin influence [12],,noun,,,,
Dutch-23-44-1,6923,Dutch,23-44,bank,bank,b ɑ ŋ k,,12,true,^bank$,Dutch,72181920911951602,,,1. clearly borrowed,1.0,,,,unanalyzable,,1.0,"Van der Sijs, Leenwoordenboek 2005; EWB 1997",,,1467,1.0,1. Highly integrated,present only since contact,Insertion,,Italian banking terms [12],,noun,,,,
Dutch-23-54-1,6929,Dutch,23-54,blik,blik,b l ɪ k,,12,false,^blik$,Dutch,72181920751013328,,,5. no evidence for borrowing,0.0,,,,unanalyzable,,1.0,EWB 1997,,,1384-1407,1.0,,,,,,,noun,,,,
Dutch-23-55-1,6930,Dutch,23-55,schroef,schroef,s x r uː f,,12,true,^schroef$,Dutch,72181920999572528,,,1. clearly borrowed,1.0,,,,unanalyzable,,1.0,"Van der Sijs, Leenwoordenboek 2005; EWB 1997",,,1573,0.9,1. Highly integrated,present only since contact,Insertion,,French cultural influence [12],,noun,,,,
Dutch-23-555-1,6931,Dutch,23-555,schroevendraaier,schroevendraaier,s x r uː v ə d r aː j ə r,,12,false,^schroevendraaier$,Dutch,72181920467833328,,,5. no evidence for borrowing,0.0,first element is loaned,yes,,analyzable derived,schroev-en-draai-er [screw-PL-turn-AGT],0.5,WNT,,,1851,0.8,,,,,,,noun,,,,
Dutch-23-56-1,6932,Dutch,23-56,fles,fles,f l ɛ s,,12,false,^fles$,Dutch,72181920623630561,,,5. no evidence for borrowing,0.0,,,,unanalyzable,,1.0,EWB 1997,,,1351-1400,1.0,,,,,,,noun,,,,
Dutch-23-565-1,6933,Dutch,23-565,snoep,snoep,s n uː p,,12,false,^snoep$,Dutch,72181920831347458,,,5. no evidence for borrowing,0.0,,,,unanalyzable,,1.0,WNT,,,1798,0.9,,,,,,,noun,,,,
Dutch-23-24-1,6906,Dutch,23-24,bril,bril,b r ɪ l,,12,true,^bril$,Dutch,72181920573750731,,,1. clearly borrowed,1.0,,,,unanalyzable,,1.0,"Van der Sijs, Leenwoordenboek 2005; EWB 1997",,,1401-1500,1.0,1. Highly integrated,present only since contact,Insertion,,Medical and scientific Latin influence [12],,noun,,,,
Dutch-23-57-1,6934,Dutch,23-57,plastic,plastic,p l ɛ s t ɪ k,,12,true,^plastic$,Dutch,72181920539580988,,,1. clearly borrowed,1.0,,,,unanalyzable,,1.0,"Van der Sijs, Leenwoordenboek 2005; EWB 1997",,,1948,0.7,1. Highly integrated,present only since contact,Insertion,,English/American world-wide influence [12],,noun,,,,
Dutch-23-575-1,6935,Dutch,23-575,bom,bom,b ɔ m,,12,true,^bom$,Dutch,72181920548521809,,,1. clearly borrowed,1.0,,,,unanalyzable,,1.0,"Van der Sijs, Leenwoordenboek 2005; EWB 1997",,,1667,0.9,1. Highly integrated,present only since contact,Insertion,,French cultural influence [12],,noun,,,,
Dutch-23-58-1,6936,Dutch,23-58,werkplaats,werkplaats,ʋ ɛ r k p l aː t s,,12,false,^werkplaats$,Dutch,72181920848815262,,,5. no evidence for borrowing,0.0,second element is loaned,yes,,analyzable compound,werk-plaats [work-place],0.5,WNT,,,1552,0.9,,,,,,,noun,,,,
Dutch-23-59-1,6937,Dutch,23-59,sigaret,sigaret,s iː ɣ aː r ɛ t,,12,true,^sigaret$,Dutch,72181920999998939,,,1. clearly borrowed,1.0,,,,unanalyzable,,1.0,"Van der Sijs, Leenwoordenboek 2005; EWB 1997",,,1869,0.8,1. Highly integrated,present only since contact,Insertion,,French cultural influence [12],,noun,,,,
Dutch-23-61-1,6939,Dutch,23-61,kalender,kalender,k aː l ɛ n d ə r,,12,true,^kalender$,Dutch,72181920751436832,,,1. clearly borrowed,1.0,,,,unanalyzable,,1.0,"Van der Sijs, Leenwoordenboek 2005; EWB 1997",,,1573,0.9,1. Highly integrated,present only since contact,Insertion,,High German influence [12],,noun,,,,
Dutch-23-62-1,6940,Dutch,23-62,film,film,f ɪ l m,,12,true,^film$,Dutch,72181920494398456,,,1. clearly borrowed,1.0,,,,unanalyzable,,1.0,"Van der Sijs, Leenwoordenboek 2005; EWB 1997",,,1912,0.7,1. Highly integrated,present only since contact,Insertion,,English/American world-wide influence [12],,noun,,,,
Dutch-23-63-1,6941,Dutch,23-63,muziek,muziek,m yː z iː k,,12,true,^muziek$,Dutch,72181920833998972,,,1. clearly borrowed,1.0,,,,unanalyzable,,1.0,"Van der Sijs, Leenwoordenboek 2005; EWB 1997",,,1240,1.0,1. Highly integrated,present only since contact,Insertion,,French cultural influence [12],,noun,,,,
Dutch-23-64-1,6942,Dutch,23-64,lied,lied,l iː t,,12,false,^lied$,Dutch,72181920315351128,,,5. no evidence for borrowing,0.0,,,,unanalyzable,,1.0,EWB 1997,,,1260-1270,1.0,,,,,,,noun,,,,
Dutch-23-6-1,6938,Dutch,23-6,krant,krant,k r ɑ n t,,12,true,^krant$,Dutch,72181920769181266,,,1. clearly borrowed,1.0,,,,unanalyzable,,1.0,"Van der Sijs, Leenwoordenboek 2005; EWB 1997",,,1610,0.9,1. Highly integrated,present only since contact,Insertion,,French cultural influence [12],,noun,,,,
Dutch-23-385-1,6916,Dutch,23-385,adres,adres,ɑ d r ɛ s,,12,true,^adres$,Dutch,72181920883203526,,,1. clearly borrowed,1.0,,,,unanalyzable,,1.0,"Van der Sijs, Leenwoordenboek 2005; EWB 1997",,,1574,0.9,1. Highly integrated,present only since contact,Insertion,,French cultural influence [12],,noun,,,,
Dutch-23-39-1,6917,Dutch,23-39,getal,getal,x ə t ɑ l,,12,false,^getal$,Dutch,72181920678243936,,,5. no evidence for borrowing,0.0,,,,unanalyzable,,1.0,EWB 1997,,,1240,1.0,,,,,,,noun,,,,
Dutch-23-155-1,6894,Dutch,23-155,trein,trein,t r ɛi n,,12,true,^trein$,Dutch,72181920552264200,,,1. clearly borrowed,1.0,,,,unanalyzable,,1.0,"Van der Sijs, Leenwoordenboek 2005; EWB 1997",,,1839,0.8,1. Highly integrated,present only since contact,Insertion,,English/American world-wide influence [12],,noun,,,,
Dutch-23-36-1,6913,Dutch,23-36,geboortebewijs,geboortebewijs,x ə b oː r t ə b ə ʋ ɛi s,,12,false,^geboortebewijs$,Dutch,72181920894770387,,,5. no evidence for borrowing,0.0,,,,analyzable compound,geboor-te-bewijs [born-NMLZ-proof],0.5,WNT,,,1901-2000,0.7,,,,,,,noun,,,,
Dutch-23-18-1,6898,Dutch,23-18,remmen,remmen,r ɛ m ə,,12,false,^remmen$,Dutch,72181920222727602,,,5. no evidence for borrowing,0.0,,,,analyzable derived,remm-en [brake-INF],0.5,EWB 1997,,,1477,1.0,,,,,,,verb,,,,
Dutch-23-195-1,6901,Dutch,23-195,aardolie,aardolie,aː r d oː l iː,,12,false,^aardolie$,Dutch,72181920877942973,,,5. no evidence for borrowing,0.0,second element (olie) is loaned from Latin,yes,,analyzable compound,aard-olie [earth-oil],0.5,EWB 1997,,,1862,0.8,,,,,,,noun,,,,
Dutch-23-185-1,6899,Dutch,23-185,motor,motor,m oː t ɔ r,,12,true,^motor$,Dutch,72181920722429956,,,1. clearly borrowed,1.0,,,,unanalyzable,,1.0,"Van der Sijs, Leenwoordenboek 2005; EWB 1997",,,1892,0.8,1. Highly integrated,present only since contact,Insertion,,Medical and scientific Latin influence [12],,noun,,,,
Dutch-23-19-1,6900,Dutch,23-19,machine,machine,m ɑ ʃ iː n ə,,12,true,^machine$,Dutch,72181920616341116,,,1. clearly borrowed,1.0,,,,unanalyzable,,1.0,"Van der Sijs, Leenwoordenboek 2005; EWB 1997",,,1693,0.9,1. Highly integrated,present only since contact,Insertion,,French cultural influence [12],,noun,,,,
Dutch-23-13-1,6890,Dutch,23-13,fiets,fiets,f iː t s,,12,false,^fiets$,Dutch,72181920209677605,,,5. no evidence for borrowing,0.0,source unknown,,,unanalyzable,,1.0,EWB 1997,,,1886,0.8,,,,,,,noun,,,,
Dutch-23-395-1,6918,Dutch,23-395,straat,straat,s t r aː t,,12,true,^straat$,Dutch,72181920879145378,,,1. clearly borrowed,1.0,,,,unanalyzable,,1.0,"Van der Sijs, Leenwoordenboek 2005; EWB 1997",,,1210-1240,1.0,1. Highly integrated,present only since contact,Insertion,,Latin influence on Germanic [12],,noun,,,,
Dutch-19-445-1,6764,Dutch,19-445,bevrijden,bevrijden,b ə v r ɛi d ə,,12,false,^bevrijden$,Dutch,72181920888916628,,,5. no evidence for borrowing,0.0,,,,analyzable derived,be-vrijd-en [TR-free-INF],0.5,EWB 1997,,,1351-1400,1.0,,,,,,,verb,,,,
Dutch-19-565-1,6775,Dutch,19-565,uitnodigen,uitnodigen,œy t n oː d ə ɣ ə,,12,false,^uitnodigen$,Dutch,72181920968086967,,,5. no evidence for borrowing,0.0,,,,analyzable compound,uit-nodig-en [out-need-ADJ-INF],0.5,WNT,,,1769,0.9,,,,,,,verb,,,,
Dutch-23-35-1,6912,Dutch,23-35,nummerplaat,nummerplaat,n ʏ m ə r p l aː t,,12,false,^nummerplaat$,Dutch,72181920524921982,,,5. no evidence for borrowing,0.0,first element is loaned,yes,,analyzable compound,nummer-plaat [number-plate],0.5,WNT,,,1950,0.6,,,,,,,noun,,,,
Dutch-23-43-1,6922,Dutch,23-43,briefkaart,briefkaart,b r iː f k aː r t,,12,false,^briefkaart$,Dutch,72181920153239347,,,5. no evidence for borrowing,0.0,both elements are loaned,yes,,analyzable compound,brief-kaart [letter-card],0.5,WNT,,,1870,0.8,,,,,,,noun,,,,
Dutch-24-01-1,6945,Dutch,24-01,zijn,zijn,z ɛi n,,12,false,^zijn$,Dutch,72181920322599575,,,5. no evidence for borrowing,0.0,,,,unanalyzable,,1.0,EWB 1997,,,0776-800,1.0,,,,,,,verb,,,,
Dutch-24-02-1,6946,Dutch,24-02,worden,worden,ʋ ɔ r d ə,,12,false,^worden$,Dutch,72181920942393879,,,5. no evidence for borrowing,0.0,,,,semi-analyzable,word-en [?-INF],0.75,EWB 1997,,,0901-1000,1.0,,,,,,,verb,,,,
Dutch-24-03-1,6947,Dutch,24-03,zonder,zonder,z ɔ n d ə r,,12,false,^zonder$,Dutch,7218192081342496,,,5. no evidence for borrowing,0.0,,,,unanalyzable,,1.0,EWB 1997,,,0901-1000,1.0,,,,,,,function word,,,,
Dutch-24-05-1,6949,Dutch,24-05,door,door,d oː r,,12,false,^door$,Dutch,72181920841677761,,,5. no evidence for borrowing,0.0,,,,unanalyzable,,1.0,EWB 1997,,,0901-1000,1.0,,,,,,,function word,,,,
Dutch-24-13-1,6957,Dutch,24-13,dezelfde,dezelfde,d ə z ɛ l v d ə,,12,false,^dezelfde$,Dutch,72181920201764108,,,5. no evidence for borrowing,0.0,,,,analyzable derived,de-zelf-de [the-same-NMLZ],0.5,WNT,,,1240,1.0,,,,,,,function word,,,,
Dutch-24-06-1,6950,Dutch,24-06,niet,niet,n iː t,,12,false,^niet$,Dutch,72181920784486222,,,5. no evidence for borrowing,0.0,,,,unanalyzable,,1.0,EWB 1997,,,0901-1000,1.0,,,,,,,function word,,,,
Dutch-24-07-1,6951,Dutch,24-07,deze,deze,d eː z ə,,12,false,^deze$,Dutch,72181920589046797,,,5. no evidence for borrowing,0.0,,,,unanalyzable,,1.0,EWB 1997,,,1130,1.0,,,,,,,function word,,,,
Dutch-24-08-1,6952,Dutch,24-08,die,die,d iː,,12,false,^die$,Dutch,72181920471286801,,,5. no evidence for borrowing,0.0,,,,unanalyzable,,1.0,EWB 1997,,,0901-1000,1.0,,,,,,,function word,,,,
Dutch-24-09-1,6953,Dutch,24-09,hier,hier,h iː r,,12,false,^hier$,Dutch,72181920652696503,,,5. no evidence for borrowing,0.0,,,,unanalyzable,,1.0,EWB 1997,,,1236,1.0,,,,,,,function word,,,,
Dutch-24-1-1,6954,Dutch,24-1,daar,daar,d aː r,,12,false,^daar$,Dutch,72181920877115435,,,5. no evidence for borrowing,0.0,,,,unanalyzable,,1.0,EWB 1997,,,0901-1000,1.0,,,,,,,function word,,,,
Dutch-24-11-1,6955,Dutch,24-11,andere,andere,ɑ n d ə r ə,,12,false,^andere$,Dutch,7218192048706456,,,5. no evidence for borrowing,0.0,,,,unanalyzable,,1.0,WNT,,,1236,1.0,,,,,,,function word,,,,
Dutch-4-493-1,5766,Dutch,4-493,schede,schede,s x eː d ə,,12,false,^schede$,Dutch,72181920585041395,,,5. no evidence for borrowing,0.0,,,,unanalyzable,,1.0,EWB 1997,,,1807,0.8,,,,Formal,,,noun,,,,
Dutch-4-493-2,5767,Dutch,4-493,vagina,vagina,v aː ɣ iː n aː,,12,true,^vagina$,Dutch,72181920401552833,,,1. clearly borrowed,1.0,,,,unanalyzable,,1.0,"Van der Sijs, Leenwoordenboek 2005; EWB 1997",,,1722,0.9,1. Highly integrated,present in pre-contact environment,Coexistence,Formal,Medical and scientific Latin influence [12],,noun,,,,
Dutch-23-9-1,6943,Dutch,23-9,thee,thee,t eː,,12,true,^thee$,Dutch,72181920771240174,,,1. clearly borrowed,1.0,,,,unanalyzable,,1.0,"Van der Sijs, Leenwoordenboek 2005; EWB 1997",,,1637,0.9,1. Highly integrated,present only since contact,Insertion,,Trade contacts in colonial times [12],,noun,,,,
Dutch-23-91-1,6944,Dutch,23-91,koffie,koffie,k ɔ f iː,,12,true,^koffie$,Dutch,72181920861848291,,,1. clearly borrowed,1.0,,,,unanalyzable,,1.0,"Van der Sijs, Leenwoordenboek 2005; EWB 1997",,,1640,0.9,1. Highly integrated,present only since contact,Insertion,,Trade contacts in colonial times [12],,noun,,,,
Dutch-24-12-1,6956,Dutch,24-12,volgende,volgende,v ɔ l ɣ ə n d ə,,12,false,^volgende$,Dutch,72181920344628890,,,5. no evidence for borrowing,0.0,,,,unanalyzable,,1.0,WNT,,,1240,1.0,,,,,,,function word,,,,
Dutch-3-862-1,5650,Dutch,3-862,coyote,coyote,k oː j oː t ə,,12,true,^coyote$,Dutch,72181920490673132,,,1. clearly borrowed,1.0,,,,unanalyzable,,1.0,"Van der Sijs, Leenwoordenboek 2005; EWB 1997",,,1912,0.7,1. Highly integrated,present only since contact,Insertion,,Portuguese and/or Spanish colonial contacts [12],,noun,,,,
Dutch-3-863-1,5651,Dutch,3-863,haas,haas,h aː s,,12,false,^haas$,Dutch,72181920444385275,,,5. no evidence for borrowing,0.0,,,,unanalyzable,,1.0,EWB 1997,,,1240,1.0,,,,,,,noun,,,,
Dutch-3-865-1,5652,Dutch,3-865,kwartel,kwartel,k ʋ ɑ r t ə l,,12,false,^kwartel$,Dutch,72181920859873648,,,5. no evidence for borrowing,0.0,,,,unanalyzable,,1.0,EWB 1997,,,1537,0.9,,,,,,,noun,,,,
Dutch-3-866-1,5653,Dutch,3-866,wasbeer,wasbeer,ʋ ɑ z b eː r,,12,false,^wasbeer$,Dutch,72181920319435049,,,5. no evidence for borrowing,0.0,,,,analyzable compound,was-beer [wash-bear],0.5,EWB 1997,,,1857,0.8,,,,,,,noun,,,,
Dutch-3-869-1,5654,Dutch,3-869,eekhoorn,eekhoorn,eː k h oː r n,,12,false,^eekhoorn$,Dutch,72181920210270854,,,5. no evidence for borrowing,0.0,,,,semi-analyzable,eek-hoorn [?-horn],0.75,EWB 1997,,,1287,1.0,,,,,,,noun,,,,
Dutch-3-871-1,5655,Dutch,3-871,kariboe,kariboe,k aː r iː b uː,,12,true,^kariboe$,Dutch,7218192010984818,,,1. clearly borrowed,1.0,,,,unanalyzable,,1.0,"Van der Sijs, Leenwoordenboek 2005; EWB 1997",,,1929,0.7,1. Highly integrated,present only since contact,Insertion,,French cultural influence [12],,noun,,,,
Dutch-3-871-2,5656,Dutch,3-871,rendier,rendier,r ɛ n d iː r,,12,true,^rendier$,Dutch,72181920387029670,,,1. clearly borrowed,1.0,Due to folk etymology the words seems to be composed of dier (animal); some will interprete the first element as ren (to run).,,,semi-analyzable,ren-dier [?-animal],0.75,"Van der Sijs, Leenwoordenboek 2005; EWB 1997",,,1714,0.9,1. Highly integrated,present in pre-contact environment,Insertion,,High German influence [12],,noun,,,,
Dutch-3-872-1,5657,Dutch,3-872,eland,eland,eː l ɑ n t,,12,true,^eland$,Dutch,72181920349593277,,,1. clearly borrowed,1.0,,,,unanalyzable,,1.0,"Van der Sijs, Leenwoordenboek 2005; EWB 1997",,,1456-1489,1.0,1. Highly integrated,present only since contact,Insertion,,High German influence [12],,noun,,,,
Dutch-3-873-1,5658,Dutch,3-873,bever,bever,b eː v ə r,,12,false,^bever$,Dutch,72181920276309739,,,5. no evidence for borrowing,0.0,,,,unanalyzable,,1.0,EWB 1997,,,0918-948,1.0,,,,,,,noun,,,,
Dutch-10-79-1,6276,Dutch,10-79,sle(d)e,sle(d)e,s l eː d ə,,12,false,^sle(d)e$,Dutch,72181920844307709,,,5. no evidence for borrowing,0.0,,,,unanalyzable,,1.0,EWB 1997,,,1266,1.0,,,,,,,noun,,,,
Dutch-8-29-1,6060,Dutch,8-29,lasso,lasso,l ɑ s oː,,12,true,^lasso$,Dutch,72181920834587383,,,1. clearly borrowed,1.0,,,,unanalyzable,,1.0,"Van der Sijs, Leenwoordenboek 2005; EWB 1997",,,1836,0.8,1. Highly integrated,present only since contact,Insertion,,English colonial contacts [12],,noun,,,,
Dutch-8-991-1,6119,Dutch,8-991,lariks,lariks,l aː r ɪ k s,,12,true,^lariks$,Dutch,72181920791345526,,,1. clearly borrowed,1.0,,,,unanalyzable,,1.0,"Van der Sijs, Leenwoordenboek 2005; EWB 1997",,,1682,0.9,1. Highly integrated,present only since contact,Insertion,,Medical and scientific Latin influence [12],,noun,,,,
Dutch-8-993-1,6120,Dutch,8-993,naald,naald,n aː l t,,12,false,^naald$,Dutch,72181920712162154,,,5. no evidence for borrowing,0.0,,,,unanalyzable,,1.0,EWB 1997,,,1156,1.0,,,,,,,noun,,,,
Dutch-1-771-1,5437,Dutch,1-771,noorderlicht,noorderlicht,n oː r d ə r l ɪ x t,,12,false,^noorderlicht$,Dutch,72181920228802552,,,5. no evidence for borrowing,0.0,,,,analyzable compound,noord-er-licht [north-CONN-light],0.5,EWB 1997,,,1736,0.9,1. Highly integrated,present only since contact,Insertion,,Medical and scientific Latin influence [12],4. Clearly calqued,noun,,,,
Dutch-4-465-1,5761,Dutch,4-465,zenuw,zenuw,z eː n yː ʋ,,12,false,^zenuw$,Dutch,72181920755470777,,,5. no evidence for borrowing,0.0,,,,unanalyzable,,1.0,EWB 1997,,,1285,1.0,,,,,,,noun,,,,
Dutch-7-67-1,6041,Dutch,7-67,looien,looien,l oː j ə,,12,false,^looien$,Dutch,72181920682958579,,,5. no evidence for borrowing,0.0,,,,semi-analyzable,looi-en [?-INF],0.75,EWB 1997,,,1340,1.0,,,,,,,verb,,,,
Dutch-6-98-1,5989,Dutch,6-98,sneeuwschoen,sneeuwschoen,s n eː ʋ s x uː n,,12,false,^sneeuwschoen$,Dutch,72181920410755783,,,5. no evidence for borrowing,0.0,,,,analyzable compound,sneeuw-schoen [snow-shoe],0.5,WNT,,,1888,0.8,,,,,,,noun,,,,
Dutch-22-5-1,6884,Dutch,22-5,besnijdenis,besnijdenis,b ə s n ɛi d ə n ɪ s,,12,false,^besnijdenis$,Dutch,72181920571513516,,,5. no evidence for borrowing,0.0,,,,analyzable derived,be-snijd-enis [TR-cut-NMLZ],0.5,WNT,,,1480,1.0,,,,,,,noun,,,,
Dutch-22-51-1,6885,Dutch,22-51,inwijdingsplechtigheid,inwijdingsplechtigheid,ɪ n ʋ ɛi d ɪ ŋ s p l ɛ x t ə x h ɛi t,,12,false,^inwijdingsplechtigheid$,Dutch,72181920974005999,,,5. no evidence for borrowing,0.0,,,,analyzable derived,in-wijd-ing-s-plechtig-heid [in-consecrate-NMLZ-CONN-solemn-NMLZ],0.5,WNT,,,1901-2000,0.7,,,,,,,noun,,,,
Dutch-22-51-2,6886,Dutch,22-51,initiatieplechtigheid,initiatieplechtigheid,iː n iː t ʃ aː t s iː p l ɛ x t ə x h ɛi t,,12,false,^initiatieplechtigheid$,Dutch,72181920517696204,,,5. no evidence for borrowing,0.0,first element is borrowed from French,yes,,analyzable derived,initiatie-plechtig-heid [initiation-solemn-NMLZ],0.5,WNT,,,1901-2000,0.7,,,,,,,noun,,,,
Dutch-8-996-1,6121,Dutch,8-996,dennenappel,dennenappel,d ɛ n ə ɑ p ə l,,12,false,^dennenappel$,Dutch,72181920481021885,,,5. no evidence for borrowing,0.0,,,,analyzable compound,denn-en-appel [pine-CONN-apple],0.5,WNT,,,1599,0.9,,,,,,,noun,,,,
Dutch-3-8112-1,5629,Dutch,3-8112,luis,luis,l œy s,,12,false,^luis$,Dutch,72181920861190858,,,5. no evidence for borrowing,0.0,,,,unanalyzable,,1.0,EWB 1997,,,1285,1.0,,,,,,,noun,,,,
Dutch-4-494-1,5768,Dutch,4-494,schaamspleet,schaamspleet,s x aː m s p l eː t,,12,false,^schaamspleet$,Dutch,72181920254177045,,,5. no evidence for borrowing,0.0,,,,analyzable compound,schaam-spleet [shame-split],0.5,WNT,,,1886,0.8,,,,,,,noun,,,,
Dutch-4-494-2,5769,Dutch,4-494,vulva,vulva,v ʏ l v aː,,12,true,^vulva$,Dutch,72181920420471030,,,1. clearly borrowed,1.0,,,,unanalyzable,,1.0,"Van der Sijs, Leenwoordenboek 2005; EWB 1997",,,1726,0.9,1. Highly integrated,present in pre-contact environment,Coexistence,Formal,Medical and scientific Latin influence [12],,noun,,,,
Dutch-3-99-1,5673,Dutch,3-99,tapir,tapir,t aː p iː r,,12,true,^tapir$,Dutch,72181920809451550,,,1. clearly borrowed,1.0,,,,unanalyzable,,1.0,"Van der Sijs, Leenwoordenboek 2005; EWB 1997",,,1682,0.9,1. Highly integrated,present only since contact,Insertion,,Portuguese and/or Spanish colonial contacts [12],,noun,,,,
Dutch-9-93-1,6205,Dutch,9-93,slijpsteen,slijpsteen,s l ɛi p s t eː n,,12,false,^slijpsteen$,Dutch,72181920264866007,,,5. no evidence for borrowing,0.0,,,,analyzable compound,slijp-steen [grind-stone],0.5,WNT,,,1288-1301,1.0,,,,,,,noun,,,,
Dutch-9-92-1,6204,Dutch,9-92,draagband,draagband,d r aː ɣ b ɑ n t,,12,false,^draagband$,Dutch,72181920752732907,,,5. no evidence for borrowing,0.0,,,,analyzable compound,draag-band [carry-strap],0.5,WNT,,,1691,0.9,,,,,,,noun,,,,
Dutch-7-65-1,6039,Dutch,7-65,kamp,kamp,k ɑ m p,,12,true,^kamp$,Dutch,72181920275818000,,,1. clearly borrowed,1.0,,,,unanalyzable,,1.0,"Van der Sijs, Leenwoordenboek 2005; EWB 1997",,,1573,0.9,1. Highly integrated,present only since contact,Insertion,,Picardic oral influence [12],,noun,,,,
Dutch-8-28-1,6059,Dutch,8-28,graafstok,graafstok,x r aː f s t ɔ k,,12,false,^graafstok$,Dutch,72181920896462802,,not used in Dutch context,5. no evidence for borrowing,0.0,,,,analyzable compound,graaf-stok [dig-stick],0.5,,,,1951-2000,0.6,,,,,,,noun,,,,
Dutch-3-597-1,5600,Dutch,3-597,aalscholver,aalscholver,aː l s x ɔ l v ə r,,12,false,^aalscholver$,Dutch,72181920467485626,,,5. no evidence for borrowing,0.0,,,,unanalyzable,,1.0,EWB 1997,,,1868,0.8,,,,,,,noun,,,,
Dutch-3-833-1,5645,Dutch,3-833,garnaal,garnaal,x ɑ r n aː l,,12,false,^garnaal$,Dutch,72181920987194844,,,5. no evidence for borrowing,0.0,,,,unanalyzable,,1.0,EWB 1997,,,1657,0.9,,,,,,,noun,,,,
Dutch-3-834-1,5646,Dutch,3-834,termiet,termiet,t ɛ r m iː t,,12,true,^termiet$,Dutch,72181920264137428,,,1. clearly borrowed,1.0,,,,unanalyzable,,1.0,"Van der Sijs, Leenwoordenboek 2005; EWB 1997",,,1854,0.8,1. Highly integrated,present only since contact,Insertion,,French cultural influence [12],,noun,,,,
Dutch-3-835-1,5647,Dutch,3-835,teek,teek,t eː k,,12,false,^teek$,Dutch,72181920783664740,,,5. no evidence for borrowing,0.0,,,,unanalyzable,,1.0,EWB 1997,,,1518,0.9,,,,,,,noun,,,,
Dutch-9-87-1,6197,Dutch,9-87,boemerang,boemerang,b uː m ə r ɑ ŋ,,12,true,^boemerang$,Dutch,72181920403754005,,,1. clearly borrowed,1.0,,,,unanalyzable,,1.0,"Van der Sijs, Leenwoordenboek 2005; EWB 1997",,,1889,0.8,1. Highly integrated,present only since contact,Insertion,,English colonial contacts [12],,noun,,,,
Dutch-3-88-1,5659,Dutch,3-88,kangoeroe,kangoeroe,k ɑ ŋ ɣ uː r uː,,12,true,^kangoeroe$,Dutch,72181920163672647,,,1. clearly borrowed,1.0,,,,unanalyzable,,1.0,EWB 1997,,,1774,0.9,1. Highly integrated,present only since contact,Insertion,,English colonial contacts [12],,noun,,,,
Dutch-3-89-1,5660,Dutch,3-89,miereneter,miereneter,m iː r ə eː t ə r,,12,false,^miereneter$,Dutch,72181920944064618,,,5. no evidence for borrowing,0.0,,,,analyzable derived,ant-eat-er [ant-eat-AGT],0.5,WNT,,,1761,0.9,,,,,,,noun,,,,
Dutch-3-598-1,5601,Dutch,3-598,toekan,toekan,t uː k ɑ n,,12,true,^toekan$,Dutch,72181920366421870,,,1. clearly borrowed,1.0,,,,unanalyzable,,1.0,"Van der Sijs, Leenwoordenboek 2005; EWB 1997",,,1596,0.9,1. Highly integrated,present only since contact,Insertion,,Portuguese and/or Spanish colonial contacts [12],,noun,,,,
Dutch-3-9-1,5661,Dutch,3-9,jaguar,jaguar,j aː g uː ʋ ɑ r,,12,true,^jaguar$,Dutch,72181920273007751,,,1. clearly borrowed,1.0,,,,unanalyzable,,1.0,"Van der Sijs, Leenwoordenboek 2005; EWB 1997",,,1770,0.9,1. Highly integrated,present only since contact,Insertion,,English colonial contacts [12],,noun,,,,
Dutch-5-983-1,5924,Dutch,5-983,maniokbrood,maniokbrood,m aː n iː j ɔ k b r oː t,,12,false,^maniokbrood$,Dutch,72181920501052054,,,5. no evidence for borrowing,0.0,first element is loaned,yes,,analyzable compound,maniok-brood [manioc-bread],0.5,WNT,,,1901-2000,0.7,,,,,,,noun,,,,
Dutch-7-66-1,6040,Dutch,7-66,hangmat,hangmat,h ɑ ŋ m ɑ t,,12,true,^hangmat$,Dutch,72181920656106757,,,1. clearly borrowed,1.0,"Folketymology has changed the word form, so that now it appears to be a compound of hang and mat, but in truth it is borrowed from Spanish.",,,analyzable compound,hang-mat [hang-mat],0.5,"Van der Sijs, Leenwoordenboek 2005; EWB 1997",,,1627,0.9,1. Highly integrated,present only since contact,Insertion,,Portuguese and/or Spanish colonial contacts [12],,noun,,,,
Dutch-8-911-1,6107,Dutch,8-911,gierst,gierst,x iː r s t,,12,false,^gierst$,Dutch,72181920283574979,,,5. no evidence for borrowing,0.0,,,,unanalyzable,,1.0,EWB 1997,,,1577,0.9,,,,,,,noun,,,,
Dutch-8-911-2,6108,Dutch,8-911,sorghum,sorghum,s ɔ r ɣ ʏ m,,12,true,^sorghum$,Dutch,72181920476625736,,,1. clearly borrowed,1.0,,,,unanalyzable,,1.0,"Van der Sijs, Leenwoordenboek 2005; EWB 1997",,,1859,0.8,3. Unintegrated,present only since contact,Insertion,,Medical and scientific Latin influence [12],,noun,,,,
Dutch-3-913-1,5663,Dutch,3-913,kameleon,kameleon,k aː m eː l eː j ɔ n,,12,true,^kameleon$,Dutch,7218192090189705,,,1. clearly borrowed,1.0,,,,unanalyzable,,1.0,"Van der Sijs, Leenwoordenboek 2005; EWB 1997",,,1240,1.0,1. Highly integrated,present only since contact,Insertion,,French cultural influence [12],,noun,,,,
Dutch-9-9-1,6201,Dutch,9-9,water putten,water_putten,ʋ aː t ə r + p ʏ t ə,,12,false,^water_putten$,Dutch,72181920859578818,,,5. no evidence for borrowing,0.0,put is loaned from Latin,yes,,analyzable phrasal,[water draw],0.5,WNT,,,1201-1300,1.0,,,,,,,verb,,,,
Dutch-9-91-1,6202,Dutch,9-91,haring,haring,h aː r ɪ ŋ,,12,false,^haring$,Dutch,72181920571265174,,,5. no evidence for borrowing,0.0,,,,unanalyzable,,1.0,EWB 1997,,,1101-1200,1.0,,,,,,,noun,,,,
Dutch-9-91-2,6203,Dutch,9-91,pin,pin,p ɪ n,,12,false,^pin$,Dutch,72181920616742278,,,3. perhaps borrowed,0.5,,,,unanalyzable,,1.0,"Van der Sijs, Leenwoordenboek 2005; EWB 1997",,,1285,1.0,1. Highly integrated,present only since contact,Insertion,,Latin influence on Germanic [12],,noun,,,,
Dutch-10-58-1,6255,Dutch,10-58,naar huis gaan,naar_huis_gaan,n aː r + h œy s + x aː n,,12,false,^naar_huis_gaan$,Dutch,721819205861656,,,5. no evidence for borrowing,0.0,,,,analyzable phrasal,[to house go],0.5,WNT,,,1601-1700,0.9,,,,,,,verb,,,,
Dutch-3-917-1,5664,Dutch,3-917,buffel,buffel,b ʏ f ə l,,12,true,^buffel$,Dutch,7218192092467329,,,1. clearly borrowed,1.0,,,,unanalyzable,,1.0,"Van der Sijs, Leenwoordenboek 2005; EWB 1997",,,1287,1.0,1. Highly integrated,present only since contact,Insertion,,French cultural influence [12],,noun,,,,
Dutch-1-411-1,5412,Dutch,1-411,savanne,savanne,s aː v ɑ n ə,,12,true,^savanne$,Dutch,72181920114513871,,,1. clearly borrowed,1.0,,,,unanalyzable,,1.0,"Van der Sijs, Leenwoordenboek 2005; EWB 1997",,,1630,0.9,1. Highly integrated,present only since contact,Insertion,,French cultural influence [12],,noun,,,,
Dutch-1-831-1,5324,Dutch,1-831,stoom,stoom,s t oː m,,12,false,^stoom$,Dutch,72181920587148057,,,5. no evidence for borrowing,0.0,,,,unanalyzable,,1.0,EWB 1997,,,1669,0.9,,,,,,,noun,,,,
Dutch-2-4561-1,5487,Dutch,2-4561,broer,broer,b r uː r,,12,false,^broer$,Dutch,72181920909242341,,,5. no evidence for borrowing,0.0,,,,unanalyzable,,1.0,EWB 1997,,,0901-1000,1.0,,,,,,,noun,,,,
Dutch-2-4561-2,5488,Dutch,2-4561,zus(ter),zus(ter),z ʏ s,,12,false,^zus(ter)$,Dutch,7218192056748678,,,5. no evidence for borrowing,0.0,,,,unanalyzable,,1.0,EWB 1997,,,1100,1.0,,,,,,,noun,,,,
Dutch-2-4562-1,5489,Dutch,2-4562,broer,broer,b r uː r,,12,false,^broer$,Dutch,72181920909242341,,,5. no evidence for borrowing,0.0,,,,unanalyzable,,1.0,EWB 1997,,,0901-1000,1.0,,,,,,,noun,,,,
Dutch-2-4562-2,5490,Dutch,2-4562,zus(ter),zus(ter),z ʏ s,,12,false,^zus(ter)$,Dutch,7218192056748678,,,5. no evidence for borrowing,0.0,,,,unanalyzable,,1.0,EWB 1997,,,1100,1.0,,,,,,,noun,,,,
Dutch-2-4711-1,5496,Dutch,2-4711,grootouders,grootouders,x r oː t ɑu d ə r s,,12,false,^grootouders$,Dutch,72181920938250882,,,5. no evidence for borrowing,0.0,,,,analyzable compound,groot-ouder-s [great-old-COMPARATIVE-PL],0.5,"Van der Sijs, Leenwoordenboek 2005",,,1875,0.8,1. Highly integrated,present in pre-contact environment,Replacement,,French cultural influence [12],4. Clearly calqued,noun,,,,
Dutch-2-5-1,5499,Dutch,2-5,kleinkind,kleinkind,k l ɛi ŋ k ɪ n t,,12,false,^kleinkind$,Dutch,72181920850583514,,,5. no evidence for borrowing,0.0,,,,analyzable compound,klein-kind [small-child],0.5,"Van der Sijs, Leenwoordenboek 2005",,,1765,0.9,1. Highly integrated,present in pre-contact environment,Replacement,,French cultural influence [12],4. Clearly calqued,noun,,,,
Dutch-2-541-1,5508,Dutch,2-541,neef,neef,n eː f,,12,false,^neef$,Dutch,72181920111144429,,,5. no evidence for borrowing,0.0,,,,unanalyzable,,1.0,EWB 1997,,,1240,1.0,,,,,,,noun,,,,
Dutch-2-541-2,5509,Dutch,2-541,nicht,nicht,n ɪ x t,,12,false,^nicht$,Dutch,72181920369644066,,,5. no evidence for borrowing,0.0,,,,unanalyzable,,1.0,EWB 1997,,,1220-1240,1.0,,,,,,,noun,,,,
Dutch-2-622-1,5519,Dutch,2-622,schoonouders,schoonouders,s x oː n ɑu d ə r s,,12,false,^schoonouders$,Dutch,7218192074422727,,,5. no evidence for borrowing,0.0,,,,analyzable compound,schoon-ouder-s [beautiful-old-COMPARATIVE-PL],0.5,"Van der Sijs, Leenwoordenboek 2005",,,1862,0.8,1. Highly integrated,present in pre-contact environment,Replacement,,French cultural influence [12],4. Clearly calqued,noun,,,,
Dutch-2-6411-1,5524,Dutch,2-6411,schoonkind,schoonkind,s x oː n k ɪ n t,,12,false,^schoonkind$,Dutch,7218192043530588,,,5. no evidence for borrowing,0.0,,,,analyzable compound,schoon-kind [beautiful-child],0.5,"Van der Sijs, Leenwoordenboek 2005",,,1912,0.7,1. Highly integrated,present in pre-contact environment,Replacement,,French cultural influence [12],4. Clearly calqued,noun,,,,
Dutch-2-6412-1,5525,Dutch,2-6412,schoonbroer,schoonbroer,s x oː m b r uː r,,12,false,^schoonbroer$,Dutch,72181920393445098,,,5. no evidence for borrowing,0.0,,,,analyzable compound,schoon-broer [beautiful-brother],0.5,EWB 1997,,,1555,0.9,1. Highly integrated,present in pre-contact environment,Coexistence,,French cultural influence [12],4. Clearly calqued,noun,,,,
Dutch-2-6412-2,5526,Dutch,2-6412,schoonzuster,schoonzuster,s x oː n z ʏ s t ə r,,12,false,^schoonzuster$,Dutch,72181920463918599,,,5. no evidence for borrowing,0.0,,,,analyzable compound,schoon-zuster [beautiful-sister],0.5,"Van der Sijs, Leenwoordenboek 2005",,,1555,0.9,1. Highly integrated,present in pre-contact environment,Replacement,,French cultural influence [12],4. Clearly calqued,noun,,,,
Dutch-2-6412-3,5527,Dutch,2-6412,zwager,zwager,z ʋ aː ɣ ə r,,12,false,^zwager$,Dutch,72181920861081729,,,5. no evidence for borrowing,0.0,,,,unanalyzable,,1.0,EWB 1997,,,1220-1240,1.0,,,,,,,noun,,,,
Dutch-2-931-1,5543,Dutch,2-931,hij,hij,h ɛi,,12,false,^hij$,Dutch,72181920288400812,,,5. no evidence for borrowing,0.0,,,,unanalyzable,,1.0,EWB 1997,,,0901-1000,1.0,,,,,,,function word,,,,
Dutch-2-932-1,5544,Dutch,2-932,zij (1),zij,z ɛi,,12,false,^zij$,Dutch,72181920559748683,,,5. no evidence for borrowing,0.0,,,,unanalyzable,,1.0,EWB 1997,,,0901-1000,1.0,,,,,,,function word,,,,
Dutch-2-933-1,5545,Dutch,2-933,het,het,ə t,,12,false,^het$,Dutch,72181920447248058,,,5. no evidence for borrowing,0.0,,,,unanalyzable,,1.0,EWB 1997,,,0901-1000,1.0,,,,,,,function word,,,,
Dutch-4-741-1,5798,Dutch,4-741,leven (2),leven,l eː v ə,,12,false,^leven$,Dutch,7218192012559593,,,5. no evidence for borrowing,0.0,,,,unanalyzable,,1.0,EWB 1997,,,0901-1000,1.0,,,,,,,noun,,,,
Dutch-4-771-1,5804,Dutch,4-771,kadaver,kadaver,k aː d aː v ə r,,12,true,^kadaver$,Dutch,72181920917997309,,,1. clearly borrowed,1.0,,,,unanalyzable,,1.0,"Van der Sijs, Leenwoordenboek 2005; EWB 1997",,,1662,0.9,1. Highly integrated,present in pre-contact environment,Coexistence,,French cultural influence [12],,noun,,,,
Dutch-4-844-1,5814,Dutch,4-844,ziekte,ziekte,z iː k t ə,,12,false,^ziekte$,Dutch,72181920178220879,,,5. no evidence for borrowing,0.0,,,,analyzable derived,ziek-te [sick-NMLZ],0.5,EWB 1997,,,1343-1344,1.0,,,,,,,noun,,,,
Dutch-7-232-1,6006,Dutch,7-232,hangslot,hangslot,h ɑ ŋ s l ɔ t,,12,false,^hangslot$,Dutch,72181920187096151,,,5. no evidence for borrowing,0.0,,,,analyzable compound,hang-slot [hang-lock],0.5,WNT,,,1895,0.8,,,,,,,noun,,,,
Dutch-8-121-1,6045,Dutch,8-121,rijstveld,rijstveld,r ɛi s t f ɛ l t,,12,false,^rijstveld$,Dutch,72181920723212582,,,5. no evidence for borrowing,0.0,first element is loaned,yes,,analyzable compound,rijst-veld [rice-field],0.5,WNT,,,1661,0.9,,,,,,,noun,,,,
Dutch-11-29-1,6306,Dutch,11-29,beschadigen,beschadigen,b ə s x aː d ə ɣ ə,,12,false,^beschadigen$,Dutch,72181920555204402,,,5. no evidence for borrowing,0.0,,,,analyzable derived,be-schad-ig-en [TR-damage-ADJ-INF],0.5,EWB 1997,,,1445,1.0,,,,,,,verb,,,,
Dutch-12-081-1,6357,Dutch,12-081,boven,boven,b oː v ə,,12,false,^boven$,Dutch,72181920654119562,,,5. no evidence for borrowing,0.0,,,,unanalyzable,,1.0,EWB 1997,,,1220-1240,1.0,,,,,,,function word,,,,
Dutch-13-231-1,6456,Dutch,13-231,stuk (1),stuk,s t ʏ k,,12,false,^stuk$,Dutch,72181920806521078,,,5. no evidence for borrowing,0.0,,,,unanalyzable,,1.0,EWB 1997,,,1240,1.0,,,,,,,noun,,,,
Dutch-13-331-1,6459,Dutch,13-331,alleen,alleen,ɑ l eː n,,12,false,^alleen$,Dutch,72181920786517050,,,5. no evidence for borrowing,0.0,,,,unanalyzable,,1.0,EWB 1997,,,1240,1.0,,,,,,,adverb,,,,
Dutch-14-251-1,6483,Dutch,14-251,begin,begin,b ə ɣ ɪ n,,12,false,^begin$,Dutch,72181920526021234,,,5. no evidence for borrowing,0.0,,,,unanalyzable,,1.0,WNT,,,1236,1.0,,,,,,,noun,,,,
Dutch-14-411-1,6501,Dutch,14-411,dag,dag,d ɑ x,,12,false,^dag$,Dutch,72181920958496954,,,5. no evidence for borrowing,0.0,,,,unanalyzable,,1.0,EWB 1997,,,0901-1000,1.0,,,,,,,noun,,,,
Dutch-22-131-1,6860,Dutch,22-131,kerk,kerk,k ɛ r k,,12,true,^kerk$,Dutch,7218192029000284,,,1. clearly borrowed,1.0,,,,unanalyzable,,1.0,"Van der Sijs, Leenwoordenboek 2005; EWB 1997",,,0777,1.0,1. Highly integrated,present only since contact,Insertion,,Religious Greek influence on Germanic [12],,noun,,,,
Dutch-22-132-1,6861,Dutch,22-132,moskee,moskee,m ɔ s k eː,,12,true,^moskee$,Dutch,72181920370317460,,,1. clearly borrowed,1.0,,,,unanalyzable,,1.0,"Van der Sijs, Leenwoordenboek 2005; EWB 1997",,,1542,0.9,1. Highly integrated,present only since contact,Insertion,,French cultural influence [12],,noun,,,,
Dutch-24-14-1,6958,Dutch,24-14,niets,niets,n iː t s,,12,false,^niets$,Dutch,72181920292153312,,,5. no evidence for borrowing,0.0,,,,analyzable derived,niet-s [not-ADV],0.5,EWB 1997,,,1270-1290,1.0,,,,,,,function word,,,,
Dutch-4-7501-1,5800,Dutch,4-7501,dood,dood,d oː t,,12,false,^dood$,Dutch,72181920186776333,,,5. no evidence for borrowing,0.0,,,,unanalyzable,,1.0,EWB 1997,,,1100,1.0,,,,,,,adjective,,,,
Dutch-4-8541-1,5819,Dutch,4-8541,krabben,krabben,k r ɑ b ə,,12,false,^krabben$,Dutch,72181920612102512,,,5. no evidence for borrowing,0.0,,,,analyzable derived,krabb-en [scratch-INF],0.5,EWB 1997,,,1400,1.0,,,,,,,verb,,,,
Dutch-9-111-1,6123,Dutch,9-111,maken,maken,m aː k ə,,12,false,^maken$,Dutch,72181920107466073,,,5. no evidence for borrowing,0.0,,,,semi-analyzable,mak-en [?-INF],0.75,EWB 1997,,,0901-1000,1.0,,,,,,,verb,,,,
Dutch-4-431-1,5750,Dutch,4-431,buik,buik,b œy k,,12,false,^buik$,Dutch,72181920214808264,,,5. no evidence for borrowing,0.0,,,,unanalyzable,,1.0,EWB 1997,,,0701-800,1.0,,,,,,,noun,,,,
Dutch-9-311-1,6150,Dutch,9-311,afvegen,afvegen,ɑ f eː ɣ ə,,12,false,^afvegen$,Dutch,72181920474377200,,,5. no evidence for borrowing,0.0,,,,analyzable compound,af-veg-en [off-wipe-INF],0.5,WNT,,,1375-1400,1.0,,,,,,,verb,,,,
Dutch-1-775-1,5438,Dutch,1-775,bevriezen,bevriezen,b ə v r iː z ə,,12,false,^bevriezen$,Dutch,72181920283669653,,,5. no evidence for borrowing,0.0,,,,analyzable derived,be-vriez-en [INTR-freeze-INF],0.5,WNT,,,1475,1.0,,,,,,,verb,,,,
Dutch-24-04-1,6948,Dutch,24-04,met,met,m ɛ t,,12,false,^met$,Dutch,72181920442681178,,,5. no evidence for borrowing,0.0,,,,unanalyzable,,1.0,EWB 1997,,,0901-1000,1.0,,,,,,,function word,,,,
Dutch-12-012-1,6343,Dutch,12-012,in,in,ɪ n,,12,false,^in$,Dutch,72181920365229368,,,5. no evidence for borrowing,0.0,,,,unanalyzable,,1.0,EWB 1997,,,0776-800,1.0,,,,,,,function word,,,,
